date_key,port_key,container_type_key,trade_key,load_status,teu,loaded_teu,empty_teu,tonnes
202606,6,1,1,Empty,2577,0,2577,0
202606,3,1,1,Empty,149,0,149,0
202606,1,1,1,Empty,286,0,286,0
202606,4,1,1,Empty,1,0,1,0
202606,2,1,1,Empty,458,0,458,0
202606,8,1,1,Empty,28,0,28,0
202606,5,1,1,Empty,100,0,100,0
202606,6,1,1,Loaded,4691,4691,0,85533
202606,3,1,1,Loaded,1496,1496,0,27841
202606,1,1,1,Loaded,685,685,0,14183
202606,4,1,1,Loaded,215,215,0,4150
202606,2,1,1,Loaded,1473,1473,0,26339
202606,8,1,1,Loaded,141,141,0,2514
202606,5,1,1,Loaded,657,657,0,12015
202606,9,1,1,Loaded,474,474,0,9763
202606,6,2,1,Empty,18,0,18,0
202606,3,2,1,Empty,9,0,9,0
202606,1,2,1,Empty,1,0,1,0
202606,2,2,1,Empty,17,0,17,0
202606,5,2,1,Empty,6,0,6,0
202606,6,2,1,Loaded,1547,1547,0,23669
202606,3,2,1,Loaded,274,274,0,4054
202606,1,2,1,Loaded,73,73,0,1037
202606,4,2,1,Loaded,37,37,0,503
202606,2,2,1,Loaded,320,320,0,4845
202606,8,2,1,Loaded,30,30,0,474
202606,5,2,1,Loaded,404,404,0,6398
202606,9,2,1,Loaded,15,15,0,220
202606,6,3,1,Empty,2200,0,2200,0
202606,3,3,1,Empty,200,0,200,0
202606,1,3,1,Empty,124,0,124,0
202606,2,3,1,Empty,756,0,756,0
202606,8,3,1,Empty,54,0,54,0
202606,5,3,1,Empty,252,0,252,0
202606,9,3,1,Empty,12,0,12,0
202606,6,3,1,Loaded,18964,18964,0,208154
202606,3,3,1,Loaded,3168,3168,0,37760
202606,1,3,1,Loaded,1900,1900,0,24477
202606,4,3,1,Loaded,594,594,0,7317
202606,2,3,1,Loaded,6804,6804,0,84233
202606,8,3,1,Loaded,148,148,0,1820
202606,5,3,1,Loaded,6232,6232,0,79749
202606,9,3,1,Loaded,804,804,0,9885
202606,6,4,1,Empty,574,0,574,0
202606,3,4,1,Empty,90,0,90,0
202606,1,4,1,Empty,4,0,4,0
202606,4,4,1,Empty,2,0,2,0
202606,2,4,1,Empty,38,0,38,0
202606,8,4,1,Empty,6,0,6,0
202606,5,4,1,Empty,72,0,72,0
202606,6,4,1,Loaded,13864,13864,0,160304
202606,3,4,1,Loaded,5372,5372,0,60211
202606,1,4,1,Loaded,1284,1284,0,15229
202606,4,4,1,Loaded,668,668,0,7447
202606,2,4,1,Loaded,2402,2402,0,29338
202606,8,4,1,Loaded,480,480,0,5889
202606,5,4,1,Loaded,4006,4006,0,47542
202606,9,4,1,Loaded,246,246,0,3021
202606,6,1,2,Empty,376,0,376,0
202606,3,1,2,Empty,362,0,362,0
202606,1,1,2,Empty,108,0,108,0
202606,4,1,2,Empty,87,0,87,0
202606,2,1,2,Empty,27,0,27,0
202606,5,1,2,Empty,15,0,15,0
202606,9,1,2,Empty,819,0,819,0
202606,6,1,2,Loaded,4415,4415,0,76963
202606,3,1,2,Loaded,700,700,0,13392
202606,1,1,2,Loaded,639,639,0,10325
202606,4,1,2,Loaded,184,184,0,3010
202606,2,1,2,Loaded,2355,2355,0,36691
202606,8,1,2,Loaded,515,515,0,11954
202606,5,1,2,Loaded,327,327,0,6554
202606,9,1,2,Loaded,462,462,0,10314
202606,6,2,2,Empty,868,0,868,0
202606,3,2,2,Empty,90,0,90,0
202606,1,2,2,Empty,71,0,71,0
202606,4,2,2,Empty,153,0,153,0
202606,2,2,2,Empty,256,0,256,0
202606,8,2,2,Empty,85,0,85,0
202606,5,2,2,Empty,236,0,236,0
202606,6,2,2,Loaded,121,121,0,1084
202606,3,2,2,Loaded,12,12,0,98
202606,1,2,2,Loaded,9,9,0,117
202606,2,2,2,Loaded,54,54,0,447
202606,8,2,2,Loaded,3,3,0,23
202606,5,2,2,Loaded,2,2,0,23
202606,6,3,2,Empty,4658,0,4658,0
202606,3,3,2,Empty,578,0,578,0
202606,1,3,2,Empty,152,0,152,0
202606,4,3,2,Empty,660,0,660,0
202606,2,3,2,Empty,640,0,640,0
202606,5,3,2,Empty,2434,0,2434,0
202606,9,3,2,Empty,700,0,700,0
202606,6,3,2,Loaded,9802,9802,0,83837
202606,3,3,2,Loaded,962,962,0,8629
202606,1,3,2,Loaded,1124,1124,0,7011
202606,4,3,2,Loaded,360,360,0,2580
202606,2,3,2,Loaded,5896,5896,0,44929
202606,8,3,2,Loaded,106,106,0,939
202606,5,3,2,Loaded,540,540,0,4589
202606,9,3,2,Loaded,158,158,0,1154
202606,6,4,2,Empty,9302,0,9302,0
202606,3,4,2,Empty,2456,0,2456,0
202606,1,4,2,Empty,320,0,320,0
202606,4,4,2,Empty,698,0,698,0
202606,2,4,2,Empty,1794,0,1794,0
202606,8,4,2,Empty,1374,0,1374,0
202606,5,4,2,Empty,1388,0,1388,0
202606,9,4,2,Empty,220,0,220,0
202606,6,4,2,Loaded,1590,1590,0,14186
202606,3,4,2,Loaded,226,226,0,2383
202606,1,4,2,Loaded,58,58,0,431
202606,4,4,2,Loaded,176,176,0,1192
202606,2,4,2,Loaded,638,638,0,5688
202606,5,4,2,Loaded,72,72,0,738
202605,6,1,1,Empty,2353,0,2353,0
202605,3,1,1,Empty,231,0,231,0
202605,1,1,1,Empty,535,0,535,0
202605,4,1,1,Empty,4,0,4,0
202605,2,1,1,Empty,562,0,562,0
202605,8,1,1,Empty,23,0,23,0
202605,5,1,1,Empty,24,0,24,0
202605,9,1,1,Empty,1,0,1,0
202605,6,1,1,Loaded,5127,5127,0,93894
202605,3,1,1,Loaded,1471,1471,0,26274
202605,1,1,1,Loaded,1284,1284,0,27538
202605,4,1,1,Loaded,182,182,0,3406
202605,2,1,1,Loaded,1492,1492,0,27106
202605,8,1,1,Loaded,101,101,0,1780
202605,5,1,1,Loaded,633,633,0,11383
202605,9,1,1,Loaded,389,389,0,8099
202605,6,2,1,Empty,36,0,36,0
202605,3,2,1,Empty,1,0,1,0
202605,4,2,1,Empty,3,0,3,0
202605,2,2,1,Empty,13,0,13,0
202605,5,2,1,Empty,1,0,1,0
202605,9,2,1,Empty,1,0,1,0
202605,6,2,1,Loaded,1807,1807,0,28642
202605,3,2,1,Loaded,197,197,0,2726
202605,1,2,1,Loaded,263,263,0,4145
202605,4,2,1,Loaded,33,33,0,475
202605,2,2,1,Loaded,342,342,0,4945
202605,8,2,1,Loaded,21,21,0,356
202605,5,2,1,Loaded,418,418,0,6723
202605,9,2,1,Loaded,15,15,0,225
202605,6,3,1,Empty,3274,0,3274,0
202605,3,3,1,Empty,124,0,124,0
202605,1,3,1,Empty,116,0,116,0
202605,4,3,1,Empty,12,0,12,0
202605,2,3,1,Empty,648,0,648,0
202605,8,3,1,Empty,62,0,62,0
202605,5,3,1,Empty,228,0,228,0
202605,9,3,1,Empty,4,0,4,0
202605,6,3,1,Loaded,22396,22396,0,254524
202605,3,3,1,Loaded,2712,2712,0,32413
202605,1,3,1,Loaded,3028,3028,0,38162
202605,4,3,1,Loaded,700,700,0,8597
202605,2,3,1,Loaded,6474,6474,0,82808
202605,8,3,1,Loaded,398,398,0,4949
202605,5,3,1,Loaded,5172,5172,0,65899
202605,9,3,1,Loaded,884,884,0,11171
202605,6,4,1,Empty,342,0,342,0
202605,3,4,1,Empty,52,0,52,0
202605,1,4,1,Empty,8,0,8,0
202605,4,4,1,Empty,18,0,18,0
202605,2,4,1,Empty,128,0,128,0
202605,8,4,1,Empty,14,0,14,0
202605,5,4,1,Empty,20,0,20,0
202605,9,4,1,Empty,10,0,10,0
202605,6,4,1,Loaded,17942,17942,0,204533
202605,3,4,1,Loaded,6260,6260,0,70412
202605,1,4,1,Loaded,2954,2954,0,34400
202605,4,4,1,Loaded,468,468,0,5345
202605,2,4,1,Loaded,2924,2924,0,35869
202605,8,4,1,Loaded,518,518,0,6070
202605,5,4,1,Loaded,4330,4330,0,51998
202605,9,4,1,Loaded,306,306,0,3775
202605,6,1,2,Empty,423,0,423,0
202605,3,1,2,Empty,38,0,38,0
202605,1,1,2,Empty,180,0,180,0
202605,4,1,2,Empty,124,0,124,0
202605,2,1,2,Empty,9,0,9,0
202605,5,1,2,Empty,32,0,32,0
202605,9,1,2,Empty,401,0,401,0
202605,6,1,2,Loaded,4265,4265,0,71860
202605,3,1,2,Loaded,1057,1057,0,20968
202605,1,1,2,Loaded,884,884,0,14095
202605,4,1,2,Loaded,89,89,0,1442
202605,2,1,2,Loaded,2487,2487,0,38451
202605,8,1,2,Loaded,215,215,0,4885
202605,5,1,2,Loaded,206,206,0,3616
202605,9,1,2,Loaded,405,405,0,8063
202605,6,2,2,Empty,877,0,877,0
202605,3,2,2,Empty,426,0,426,0
202605,1,2,2,Empty,114,0,114,0
202605,4,2,2,Empty,56,0,56,0
202605,2,2,2,Empty,31,0,31,0
202605,8,2,2,Empty,85,0,85,0
202605,5,2,2,Empty,418,0,418,0
202605,9,2,2,Empty,155,0,155,0
202605,6,2,2,Loaded,103,103,0,867
202605,3,2,2,Loaded,11,11,0,81
202605,1,2,2,Loaded,13,13,0,149
202605,4,2,2,Loaded,3,3,0,46
202605,2,2,2,Loaded,93,93,0,704
202605,8,2,2,Loaded,1,1,0,8
202605,5,2,2,Loaded,2,2,0,32
202605,9,2,2,Loaded,1,1,0,2
202605,6,3,2,Empty,4836,0,4836,0
202605,3,3,2,Empty,378,0,378,0
202605,1,3,2,Empty,588,0,588,0
202605,4,3,2,Empty,576,0,576,0
202605,2,3,2,Empty,112,0,112,0
202605,8,3,2,Empty,218,0,218,0
202605,5,3,2,Empty,2740,0,2740,0
202605,9,3,2,Empty,1370,0,1370,0
202605,6,3,2,Loaded,11004,11004,0,91509
202605,3,3,2,Loaded,1356,1356,0,12210
202605,1,3,2,Loaded,1638,1638,0,11246
202605,4,3,2,Loaded,102,102,0,531
202605,2,3,2,Loaded,5976,5976,0,46100
202605,8,3,2,Loaded,122,122,0,1272
202605,5,3,2,Loaded,514,514,0,4835
202605,9,3,2,Loaded,364,364,0,2685
202605,6,4,2,Empty,10160,0,10160,0
202605,3,4,2,Empty,6352,0,6352,0
202605,1,4,2,Empty,836,0,836,0
202605,4,4,2,Empty,1984,0,1984,0
202605,2,4,2,Empty,1118,0,1118,0
202605,8,4,2,Empty,1442,0,1442,0
202605,5,4,2,Empty,2122,0,2122,0
202605,9,4,2,Empty,426,0,426,0
202605,6,4,2,Loaded,1948,1948,0,16659
202605,3,4,2,Loaded,360,360,0,3720
202605,1,4,2,Loaded,80,80,0,725
202605,4,4,2,Loaded,58,58,0,420
202605,2,4,2,Loaded,872,872,0,6873
202605,5,4,2,Loaded,46,46,0,428
202605,9,4,2,Loaded,20,20,0,252
202604,6,1,1,Empty,1139,0,1139,0
202604,3,1,1,Empty,110,0,110,0
202604,1,1,1,Empty,356,0,356,0
202604,4,1,1,Empty,55,0,55,0
202604,2,1,1,Empty,530,0,530,0
202604,8,1,1,Empty,138,0,138,0
202604,5,1,1,Empty,33,0,33,0
202604,9,1,1,Empty,3,0,3,0
202604,6,1,1,Loaded,4486,4486,0,81928
202604,3,1,1,Loaded,1545,1545,0,27631
202604,1,1,1,Loaded,839,839,0,17021
202604,4,1,1,Loaded,204,204,0,3875
202604,2,1,1,Loaded,1453,1453,0,26694
202604,8,1,1,Loaded,152,152,0,2675
202604,5,1,1,Loaded,602,602,0,10927
202604,9,1,1,Loaded,403,403,0,8512
202604,6,2,1,Empty,28,0,28,0
202604,3,2,1,Empty,1,0,1,0
202604,2,2,1,Empty,5,0,5,0
202604,8,2,1,Empty,4,0,4,0
202604,5,2,1,Empty,2,0,2,0
202604,6,2,1,Loaded,1534,1534,0,24251
202604,3,2,1,Loaded,213,213,0,2840
202604,1,2,1,Loaded,167,167,0,2631
202604,4,2,1,Loaded,32,32,0,460
202604,2,2,1,Loaded,326,326,0,4914
202604,8,2,1,Loaded,19,19,0,301
202604,5,2,1,Loaded,288,288,0,4477
202604,9,2,1,Loaded,7,7,0,110
202604,6,3,1,Empty,2874,0,2874,0
202604,3,3,1,Empty,60,0,60,0
202604,1,3,1,Empty,68,0,68,0
202604,2,3,1,Empty,788,0,788,0
202604,8,3,1,Empty,154,0,154,0
202604,5,3,1,Empty,162,0,162,0
202604,6,3,1,Loaded,18738,18738,0,209999
202604,3,3,1,Loaded,2098,2098,0,24459
202604,1,3,1,Loaded,3076,3076,0,39066
202604,4,3,1,Loaded,504,504,0,5990
202604,2,3,1,Loaded,5594,5594,0,70735
202604,8,3,1,Loaded,352,352,0,4364
202604,5,3,1,Loaded,4784,4784,0,60491
202604,9,3,1,Loaded,1308,1308,0,17143
202604,6,4,1,Empty,284,0,284,0
202604,3,4,1,Empty,16,0,16,0
202604,1,4,1,Empty,2,0,2,0
202604,2,4,1,Empty,30,0,30,0
202604,5,4,1,Empty,16,0,16,0
202604,6,4,1,Loaded,15294,15294,0,173511
202604,3,4,1,Loaded,7492,7492,0,85513
202604,1,4,1,Loaded,2530,2530,0,29433
202604,4,4,1,Loaded,496,496,0,5646
202604,2,4,1,Loaded,2526,2526,0,30547
202604,8,4,1,Loaded,694,694,0,8333
202604,5,4,1,Loaded,3520,3520,0,42539
202604,9,4,1,Loaded,196,196,0,2376
202604,6,1,2,Empty,596,0,596,0
202604,3,1,2,Empty,185,0,185,0
202604,1,1,2,Empty,54,0,54,0
202604,4,1,2,Empty,46,0,46,0
202604,2,1,2,Empty,20,0,20,0
202604,5,1,2,Empty,19,0,19,0
202604,9,1,2,Empty,570,0,570,0
202604,6,1,2,Loaded,3612,3612,0,63189
202604,3,1,2,Loaded,877,877,0,18346
202604,1,1,2,Loaded,827,827,0,14021
202604,4,1,2,Loaded,66,66,0,859
202604,2,1,2,Loaded,2122,2122,0,33211
202604,8,1,2,Loaded,173,173,0,3743
202604,5,1,2,Loaded,263,263,0,4746
202604,9,1,2,Loaded,170,170,0,3732
202604,6,2,2,Empty,411,0,411,0
202604,3,2,2,Empty,100,0,100,0
202604,1,2,2,Empty,380,0,380,0
202604,4,2,2,Empty,87,0,87,0
202604,2,2,2,Empty,113,0,113,0
202604,8,2,2,Empty,26,0,26,0
202604,5,2,2,Empty,87,0,87,0
202604,9,2,2,Empty,17,0,17,0
202604,6,2,2,Loaded,104,104,0,956
202604,3,2,2,Loaded,9,9,0,71
202604,1,2,2,Loaded,13,13,0,112
202604,4,2,2,Loaded,2,2,0,38
202604,2,2,2,Loaded,66,66,0,396
202604,5,2,2,Loaded,1,1,0,8
202604,6,3,2,Empty,5472,0,5472,0
202604,3,3,2,Empty,92,0,92,0
202604,1,3,2,Empty,246,0,246,0
202604,4,3,2,Empty,730,0,730,0
202604,8,3,2,Empty,640,0,640,0
202604,5,3,2,Empty,1150,0,1150,0
202604,9,3,2,Empty,654,0,654,0
202604,6,3,2,Loaded,9128,9128,0,77225
202604,3,3,2,Loaded,1390,1390,0,13657
202604,1,3,2,Loaded,1324,1324,0,8999
202604,4,3,2,Loaded,240,240,0,2305
202604,2,3,2,Loaded,5366,5366,0,41249
202604,8,3,2,Loaded,122,122,0,1003
202604,5,3,2,Loaded,520,520,0,4378
202604,9,3,2,Loaded,170,170,0,1214
202604,6,4,2,Empty,10212,0,10212,0
202604,3,4,2,Empty,5790,0,5790,0
202604,1,4,2,Empty,418,0,418,0
202604,4,4,2,Empty,3040,0,3040,0
202604,2,4,2,Empty,1078,0,1078,0
202604,8,4,2,Empty,1912,0,1912,0
202604,5,4,2,Empty,2068,0,2068,0
202604,9,4,2,Empty,664,0,664,0
202604,6,4,2,Loaded,1632,1632,0,14796
202604,3,4,2,Loaded,234,234,0,2295
202604,1,4,2,Loaded,64,64,0,452
202604,4,4,2,Loaded,42,42,0,419
202604,2,4,2,Loaded,676,676,0,5911
202604,8,4,2,Loaded,4,4,0,17
202604,5,4,2,Loaded,32,32,0,330
202603,6,1,1,Empty,2340,0,2340,0
202603,3,1,1,Empty,252,0,252,0
202603,1,1,1,Empty,257,0,257,0
202603,4,1,1,Empty,38,0,38,0
202603,2,1,1,Empty,554,0,554,0
202603,5,1,1,Empty,68,0,68,0
202603,6,1,1,Loaded,5142,5142,0,94556
202603,3,1,1,Loaded,1004,1004,0,17277
202603,1,1,1,Loaded,1283,1283,0,27394
202603,4,1,1,Loaded,215,215,0,4009
202603,2,1,1,Loaded,1330,1330,0,24447
202603,8,1,1,Loaded,127,127,0,2241
202603,5,1,1,Loaded,677,677,0,12354
202603,9,1,1,Loaded,325,325,0,6642
202603,6,2,1,Empty,28,0,28,0
202603,1,2,1,Empty,5,0,5,0
202603,4,2,1,Empty,4,0,4,0
202603,2,2,1,Empty,10,0,10,0
202603,5,2,1,Empty,6,0,6,0
202603,6,2,1,Loaded,1365,1365,0,21126
202603,3,2,1,Loaded,163,163,0,2120
202603,1,2,1,Loaded,261,261,0,3996
202603,4,2,1,Loaded,62,62,0,829
202603,2,2,1,Loaded,271,271,0,3947
202603,8,2,1,Loaded,2,2,0,38
202603,5,2,1,Loaded,354,354,0,5586
202603,9,2,1,Loaded,21,21,0,325
202603,6,3,1,Empty,3430,0,3430,0
202603,3,3,1,Empty,180,0,180,0
202603,1,3,1,Empty,130,0,130,0
202603,4,3,1,Empty,6,0,6,0
202603,2,3,1,Empty,762,0,762,0
202603,5,3,1,Empty,76,0,76,0
202603,9,3,1,Empty,4,0,4,0
202603,6,3,1,Loaded,21332,21332,0,243453
202603,3,3,1,Loaded,2322,2322,0,27561
202603,1,3,1,Loaded,3282,3282,0,40791
202603,4,3,1,Loaded,196,196,0,2173
202603,2,3,1,Loaded,5950,5950,0,76083
202603,8,3,1,Loaded,834,834,0,10935
202603,5,3,1,Loaded,5186,5186,0,65276
202603,9,3,1,Loaded,830,830,0,10645
202603,6,4,1,Empty,450,0,450,0
202603,3,4,1,Empty,2,0,2,0
202603,1,4,1,Empty,10,0,10,0
202603,4,4,1,Empty,2,0,2,0
202603,2,4,1,Empty,52,0,52,0
202603,8,4,1,Empty,2,0,2,0
202603,5,4,1,Empty,66,0,66,0
202603,9,4,1,Empty,2,0,2,0
202603,6,4,1,Loaded,12622,12622,0,144105
202603,3,4,1,Loaded,7198,7198,0,84516
202603,1,4,1,Loaded,1882,1882,0,22320
202603,4,4,1,Loaded,390,390,0,4461
202603,2,4,1,Loaded,2340,2340,0,28233
202603,8,4,1,Loaded,586,586,0,7197
202603,5,4,1,Loaded,3504,3504,0,41882
202603,9,4,1,Loaded,330,330,0,4107
202603,6,1,2,Empty,410,0,410,0
202603,3,1,2,Empty,257,0,257,0
202603,1,1,2,Empty,163,0,163,0
202603,4,1,2,Empty,581,0,581,0
202603,2,1,2,Empty,30,0,30,0
202603,5,1,2,Empty,26,0,26,0
202603,9,1,2,Empty,281,0,281,0
202603,6,1,2,Loaded,3963,3963,0,68992
202603,3,1,2,Loaded,558,558,0,10583
202603,1,1,2,Loaded,798,798,0,11958
202603,4,1,2,Loaded,61,61,0,696
202603,2,1,2,Loaded,2125,2125,0,32197
202603,8,1,2,Loaded,112,112,0,2393
202603,5,1,2,Loaded,326,326,0,6541
202603,9,1,2,Loaded,287,287,0,6015
202603,6,2,2,Empty,854,0,854,0
202603,3,2,2,Empty,203,0,203,0
202603,1,2,2,Empty,235,0,235,0
202603,4,2,2,Empty,65,0,65,0
202603,2,2,2,Empty,534,0,534,0
202603,8,2,2,Empty,20,0,20,0
202603,5,2,2,Empty,341,0,341,0
202603,6,2,2,Loaded,88,88,0,824
202603,3,2,2,Loaded,10,10,0,86
202603,1,2,2,Loaded,11,11,0,75
202603,4,2,2,Loaded,2,2,0,37
202603,2,2,2,Loaded,63,63,0,498
202603,8,2,2,Loaded,1,1,0,6
202603,5,2,2,Loaded,1,1,0,2
202603,6,3,2,Empty,6256,0,6256,0
202603,1,3,2,Empty,80,0,80,0
202603,4,3,2,Empty,750,0,750,0
202603,8,3,2,Empty,800,0,800,0
202603,5,3,2,Empty,2340,0,2340,0
202603,9,3,2,Empty,980,0,980,0
202603,6,3,2,Loaded,10422,10422,0,86074
202603,3,3,2,Loaded,850,850,0,7335
202603,1,3,2,Loaded,1604,1604,0,10198
202603,4,3,2,Loaded,196,196,0,1519
202603,2,3,2,Loaded,5250,5250,0,39973
202603,8,3,2,Loaded,34,34,0,312
202603,5,3,2,Loaded,908,908,0,8823
202603,9,3,2,Loaded,150,150,0,1076
202603,6,4,2,Empty,11716,0,11716,0
202603,3,4,2,Empty,4808,0,4808,0
202603,1,4,2,Empty,1136,0,1136,0
202603,4,4,2,Empty,1332,0,1332,0
202603,2,4,2,Empty,2740,0,2740,0
202603,8,4,2,Empty,1732,0,1732,0
202603,5,4,2,Empty,1956,0,1956,0
202603,9,4,2,Empty,738,0,738,0
202603,6,4,2,Loaded,1584,1584,0,14682
202603,3,4,2,Loaded,152,152,0,1445
202603,1,4,2,Loaded,62,62,0,585
202603,4,4,2,Loaded,56,56,0,377
202603,2,4,2,Loaded,556,556,0,4527
202603,5,4,2,Loaded,32,32,0,251
202602,6,1,1,Empty,1970,0,1970,0
202602,3,1,1,Empty,41,0,41,0
202602,1,1,1,Empty,201,0,201,0
202602,4,1,1,Empty,20,0,20,0
202602,2,1,1,Empty,1020,0,1020,0
202602,5,1,1,Empty,58,0,58,0
202602,9,1,1,Empty,3,0,3,0
202602,6,1,1,Loaded,4475,4475,0,82484
202602,3,1,1,Loaded,987,987,0,17677
202602,1,1,1,Loaded,825,825,0,16392
202602,4,1,1,Loaded,296,296,0,5835
202602,2,1,1,Loaded,1330,1330,0,23703
202602,8,1,1,Loaded,109,109,0,1923
202602,5,1,1,Loaded,618,618,0,11159
202602,9,1,1,Loaded,331,331,0,7169
202602,6,2,1,Empty,12,0,12,0
202602,3,2,1,Empty,1,0,1,0
202602,1,2,1,Empty,6,0,6,0
202602,2,2,1,Empty,25,0,25,0
202602,5,2,1,Empty,5,0,5,0
202602,6,2,1,Loaded,1576,1576,0,25077
202602,3,2,1,Loaded,169,169,0,2198
202602,1,2,1,Loaded,213,213,0,3297
202602,4,2,1,Loaded,64,64,0,847
202602,2,2,1,Loaded,259,259,0,3721
202602,8,2,1,Loaded,5,5,0,66
202602,5,2,1,Loaded,192,192,0,2933
202602,9,2,1,Loaded,15,15,0,205
202602,6,3,1,Empty,3112,0,3112,0
202602,3,3,1,Empty,204,0,204,0
202602,1,3,1,Empty,212,0,212,0
202602,4,3,1,Empty,70,0,70,0
202602,2,3,1,Empty,1192,0,1192,0
202602,5,3,1,Empty,28,0,28,0
202602,9,3,1,Empty,4,0,4,0
202602,6,3,1,Loaded,18652,18652,0,211362
202602,3,3,1,Loaded,2146,2146,0,26494
202602,1,3,1,Loaded,2902,2902,0,36397
202602,4,3,1,Loaded,444,444,0,5189
202602,2,3,1,Loaded,5928,5928,0,74059
202602,8,3,1,Loaded,642,642,0,8355
202602,5,3,1,Loaded,5384,5384,0,68723
202602,9,3,1,Loaded,1032,1032,0,13525
202602,6,4,1,Empty,182,0,182,0
202602,3,4,1,Empty,20,0,20,0
202602,1,4,1,Empty,4,0,4,0
202602,2,4,1,Empty,68,0,68,0
202602,8,4,1,Empty,30,0,30,0
202602,5,4,1,Empty,52,0,52,0
202602,9,4,1,Empty,6,0,6,0
202602,6,4,1,Loaded,8892,8892,0,105194
202602,3,4,1,Loaded,4162,4162,0,51393
202602,1,4,1,Loaded,1016,1016,0,11937
202602,4,4,1,Loaded,140,140,0,1696
202602,2,4,1,Loaded,1808,1808,0,22243
202602,8,4,1,Loaded,502,502,0,6158
202602,5,4,1,Loaded,2352,2352,0,27687
202602,9,4,1,Loaded,448,448,0,5463
202602,6,1,2,Empty,604,0,604,0
202602,3,1,2,Empty,29,0,29,0
202602,1,1,2,Empty,13,0,13,0
202602,4,1,2,Empty,573,0,573,0
202602,2,1,2,Empty,24,0,24,0
202602,9,1,2,Empty,300,0,300,0
202602,6,1,2,Loaded,3711,3711,0,62634
202602,3,1,2,Loaded,622,622,0,12674
202602,1,1,2,Loaded,717,717,0,10989
202602,4,1,2,Loaded,77,77,0,1242
202602,2,1,2,Loaded,2072,2072,0,32102
202602,8,1,2,Loaded,257,257,0,5618
202602,5,1,2,Loaded,270,270,0,5326
202602,9,1,2,Loaded,149,149,0,2728
202602,6,2,2,Empty,851,0,851,0
202602,3,2,2,Empty,297,0,297,0
202602,1,2,2,Empty,139,0,139,0
202602,4,2,2,Empty,4,0,4,0
202602,2,2,2,Empty,340,0,340,0
202602,8,2,2,Empty,24,0,24,0
202602,5,2,2,Empty,197,0,197,0
202602,9,2,2,Empty,10,0,10,0
202602,6,2,2,Loaded,76,76,0,545
202602,3,2,2,Loaded,7,7,0,77
202602,1,2,2,Loaded,8,8,0,51
202602,4,2,2,Loaded,5,5,0,71
202602,2,2,2,Loaded,66,66,0,461
202602,5,2,2,Loaded,2,2,0,33
202602,6,3,2,Empty,5716,0,5716,0
202602,3,3,2,Empty,50,0,50,0
202602,1,3,2,Empty,218,0,218,0
202602,4,3,2,Empty,208,0,208,0
202602,2,3,2,Empty,300,0,300,0
202602,8,3,2,Empty,680,0,680,0
202602,5,3,2,Empty,2142,0,2142,0
202602,9,3,2,Empty,1186,0,1186,0
202602,6,3,2,Loaded,10018,10018,0,84397
202602,3,3,2,Loaded,746,746,0,6311
202602,1,3,2,Loaded,1302,1302,0,7616
202602,4,3,2,Loaded,350,350,0,2647
202602,2,3,2,Loaded,5426,5426,0,42584
202602,8,3,2,Loaded,64,64,0,550
202602,5,3,2,Loaded,574,574,0,5517
202602,9,3,2,Loaded,118,118,0,758
202602,6,4,2,Empty,11208,0,11208,0
202602,3,4,2,Empty,3260,0,3260,0
202602,1,4,2,Empty,1154,0,1154,0
202602,4,4,2,Empty,656,0,656,0
202602,2,4,2,Empty,1636,0,1636,0
202602,8,4,2,Empty,1474,0,1474,0
202602,5,4,2,Empty,1968,0,1968,0
202602,9,4,2,Empty,360,0,360,0
202602,6,4,2,Loaded,1742,1742,0,14660
202602,3,4,2,Loaded,132,132,0,1293
202602,1,4,2,Loaded,50,50,0,405
202602,4,4,2,Loaded,94,94,0,667
202602,2,4,2,Loaded,524,524,0,4261
202602,8,4,2,Loaded,2,2,0,23
202602,5,4,2,Loaded,26,26,0,181
202602,9,4,2,Loaded,2,2,0,25
202601,6,1,1,Empty,2726,0,2726,0
202601,3,1,1,Empty,360,0,360,0
202601,1,1,1,Empty,531,0,531,0
202601,4,1,1,Empty,77,0,77,0
202601,2,1,1,Empty,1033,0,1033,0
202601,8,1,1,Empty,80,0,80,0
202601,5,1,1,Empty,6,0,6,0
202601,9,1,1,Empty,1,0,1,0
202601,6,1,1,Loaded,4013,4013,0,74295
202601,3,1,1,Loaded,988,988,0,18163
202601,1,1,1,Loaded,253,253,0,4115
202601,4,1,1,Loaded,324,324,0,7121
202601,2,1,1,Loaded,1140,1140,0,20539
202601,8,1,1,Loaded,44,44,0,761
202601,5,1,1,Loaded,563,563,0,9943
202601,9,1,1,Loaded,633,633,0,14096
202601,6,2,1,Empty,72,0,72,0
202601,3,2,1,Empty,6,0,6,0
202601,1,2,1,Empty,1,0,1,0
202601,4,2,1,Empty,1,0,1,0
202601,2,2,1,Empty,9,0,9,0
202601,8,2,1,Empty,6,0,6,0
202601,5,2,1,Empty,2,0,2,0
202601,6,2,1,Loaded,1626,1626,0,26157
202601,3,2,1,Loaded,179,179,0,2321
202601,1,2,1,Loaded,42,42,0,549
202601,4,2,1,Loaded,37,37,0,531
202601,2,2,1,Loaded,269,269,0,3842
202601,8,2,1,Loaded,4,4,0,49
202601,5,2,1,Loaded,244,244,0,3826
202601,9,2,1,Loaded,10,10,0,135
202601,6,3,1,Empty,6064,0,6064,0
202601,3,3,1,Empty,616,0,616,0
202601,1,3,1,Empty,352,0,352,0
202601,4,3,1,Empty,50,0,50,0
202601,2,3,1,Empty,3190,0,3190,0
202601,8,3,1,Empty,86,0,86,0
202601,5,3,1,Empty,212,0,212,0
202601,9,3,1,Empty,8,0,8,0
202601,6,3,1,Loaded,16548,16548,0,192323
202601,3,3,1,Loaded,2380,2380,0,29272
202601,1,3,1,Loaded,1648,1648,0,20640
202601,4,3,1,Loaded,272,272,0,3277
202601,2,3,1,Loaded,5768,5768,0,73863
202601,8,3,1,Loaded,728,728,0,9685
202601,5,3,1,Loaded,4088,4088,0,52580
202601,9,3,1,Loaded,1008,1008,0,13395
202601,6,4,1,Empty,224,0,224,0
202601,3,4,1,Empty,18,0,18,0
202601,1,4,1,Empty,22,0,22,0
202601,4,4,1,Empty,28,0,28,0
202601,2,4,1,Empty,22,0,22,0
202601,8,4,1,Empty,66,0,66,0
202601,5,4,1,Empty,46,0,46,0
202601,6,4,1,Loaded,9066,9066,0,107337
202601,3,4,1,Loaded,2408,2408,0,30665
202601,1,4,1,Loaded,676,676,0,7648
202601,4,4,1,Loaded,92,92,0,1042
202601,2,4,1,Loaded,1652,1652,0,20069
202601,8,4,1,Loaded,568,568,0,6833
202601,5,4,1,Loaded,2382,2382,0,27764
202601,9,4,1,Loaded,296,296,0,3482
202601,6,1,2,Empty,202,0,202,0
202601,3,1,2,Empty,1,0,1,0
202601,1,1,2,Empty,90,0,90,0
202601,4,1,2,Empty,687,0,687,0
202601,2,1,2,Empty,8,0,8,0
202601,5,1,2,Empty,20,0,20,0
202601,9,1,2,Empty,76,0,76,0
202601,6,1,2,Loaded,4080,4080,0,67764
202601,3,1,2,Loaded,709,709,0,13857
202601,1,1,2,Loaded,635,635,0,9253
202601,4,1,2,Loaded,82,82,0,1051
202601,2,1,2,Loaded,2284,2284,0,34786
202601,8,1,2,Loaded,126,126,0,2657
202601,5,1,2,Loaded,243,243,0,4530
202601,9,1,2,Loaded,295,295,0,5688
202601,6,2,2,Empty,830,0,830,0
202601,3,2,2,Empty,324,0,324,0
202601,1,2,2,Empty,88,0,88,0
202601,4,2,2,Empty,47,0,47,0
202601,2,2,2,Empty,258,0,258,0
202601,8,2,2,Empty,72,0,72,0
202601,5,2,2,Empty,150,0,150,0
202601,9,2,2,Empty,39,0,39,0
202601,6,2,2,Loaded,99,99,0,924
202601,3,2,2,Loaded,4,4,0,35
202601,1,2,2,Loaded,8,8,0,38
202601,4,2,2,Loaded,1,1,0,6
202601,2,2,2,Loaded,67,67,0,403
202601,5,2,2,Loaded,1,1,0,9
202601,9,2,2,Loaded,1,1,0,1
202601,6,3,2,Empty,5356,0,5356,0
202601,3,3,2,Empty,4,0,4,0
202601,1,3,2,Empty,396,0,396,0
202601,4,3,2,Empty,700,0,700,0
202601,8,3,2,Empty,640,0,640,0
202601,5,3,2,Empty,2360,0,2360,0
202601,9,3,2,Empty,566,0,566,0
202601,6,3,2,Loaded,10098,10098,0,82786
202601,3,3,2,Loaded,952,952,0,6911
202601,1,3,2,Loaded,1364,1364,0,8186
202601,4,3,2,Loaded,410,410,0,2921
202601,2,3,2,Loaded,5650,5650,0,43195
202601,8,3,2,Loaded,132,132,0,943
202601,5,3,2,Loaded,748,748,0,7244
202601,9,3,2,Loaded,248,248,0,2049
202601,6,4,2,Empty,7000,0,7000,0
202601,3,4,2,Empty,8538,0,8538,0
202601,1,4,2,Empty,554,0,554,0
202601,4,4,2,Empty,852,0,852,0
202601,2,4,2,Empty,1228,0,1228,0
202601,8,4,2,Empty,1206,0,1206,0
202601,5,4,2,Empty,1608,0,1608,0
202601,9,4,2,Empty,678,0,678,0
202601,6,4,2,Loaded,1878,1878,0,17207
202601,3,4,2,Loaded,260,260,0,2478
202601,1,4,2,Loaded,70,70,0,421
202601,4,4,2,Loaded,226,226,0,1611
202601,2,4,2,Loaded,694,694,0,5735
202601,8,4,2,Loaded,2,2,0,10
202601,5,4,2,Loaded,22,22,0,193
202601,9,4,2,Loaded,6,6,0,67
202512,6,1,1,Empty,2645,0,2645,0
202512,3,1,1,Empty,72,0,72,0
202512,1,1,1,Empty,284,0,284,0
202512,4,1,1,Empty,3,0,3,0
202512,2,1,1,Empty,750,0,750,0
202512,8,1,1,Empty,25,0,25,0
202512,5,1,1,Empty,40,0,40,0
202512,9,1,1,Empty,1,0,1,0
202512,6,1,1,Loaded,5727,5727,0,105907
202512,3,1,1,Loaded,966,966,0,17184
202512,1,1,1,Loaded,417,417,0,7234
202512,4,1,1,Loaded,453,453,0,10096
202512,2,1,1,Loaded,1712,1712,0,31092
202512,8,1,1,Loaded,48,48,0,767
202512,5,1,1,Loaded,582,582,0,10437
202512,9,1,1,Loaded,709,709,0,15973
202512,6,2,1,Empty,21,0,21,0
202512,4,2,1,Empty,3,0,3,0
202512,2,2,1,Empty,9,0,9,0
202512,5,2,1,Empty,1,0,1,0
202512,9,2,1,Empty,1,0,1,0
202512,6,2,1,Loaded,1750,1750,0,26894
202512,3,2,1,Loaded,186,186,0,2432
202512,1,2,1,Loaded,66,66,0,816
202512,4,2,1,Loaded,57,57,0,795
202512,2,2,1,Loaded,330,330,0,4702
202512,8,2,1,Loaded,1,1,0,20
202512,5,2,1,Loaded,305,305,0,4607
202512,9,2,1,Loaded,19,19,0,274
202512,6,3,1,Empty,4670,0,4670,0
202512,3,3,1,Empty,54,0,54,0
202512,1,3,1,Empty,238,0,238,0
202512,4,3,1,Empty,20,0,20,0
202512,2,3,1,Empty,1014,0,1014,0
202512,8,3,1,Empty,30,0,30,0
202512,5,3,1,Empty,96,0,96,0
202512,9,3,1,Empty,10,0,10,0
202512,6,3,1,Loaded,20790,20790,0,236425
202512,3,3,1,Loaded,2724,2724,0,31399
202512,1,3,1,Loaded,1828,1828,0,23061
202512,4,3,1,Loaded,470,470,0,5656
202512,2,3,1,Loaded,5510,5510,0,68465
202512,8,3,1,Loaded,664,664,0,8747
202512,5,3,1,Loaded,4132,4132,0,52451
202512,9,3,1,Loaded,1368,1368,0,18261
202512,6,4,1,Empty,134,0,134,0
202512,3,4,1,Empty,4,0,4,0
202512,1,4,1,Empty,4,0,4,0
202512,4,4,1,Empty,20,0,20,0
202512,2,4,1,Empty,30,0,30,0
202512,8,4,1,Empty,20,0,20,0
202512,5,4,1,Empty,40,0,40,0
202512,9,4,1,Empty,2,0,2,0
202512,6,4,1,Loaded,8524,8524,0,100256
202512,3,4,1,Loaded,1438,1438,0,16471
202512,1,4,1,Loaded,834,834,0,9231
202512,4,4,1,Loaded,200,200,0,2330
202512,2,4,1,Loaded,2060,2060,0,24929
202512,8,4,1,Loaded,730,730,0,8900
202512,5,4,1,Loaded,2622,2622,0,30797
202512,9,4,1,Loaded,354,354,0,4253
202512,6,1,2,Empty,632,0,632,0
202512,3,1,2,Empty,1,0,1,0
202512,1,1,2,Empty,157,0,157,0
202512,4,1,2,Empty,135,0,135,0
202512,2,1,2,Empty,6,0,6,0
202512,5,1,2,Empty,54,0,54,0
202512,9,1,2,Empty,508,0,508,0
202512,6,1,2,Loaded,3632,3632,0,59378
202512,3,1,2,Loaded,551,551,0,10291
202512,1,1,2,Loaded,597,597,0,9249
202512,4,1,2,Loaded,76,76,0,1121
202512,2,1,2,Loaded,2188,2188,0,32530
202512,8,1,2,Loaded,118,118,0,2518
202512,5,1,2,Loaded,200,200,0,3774
202512,9,1,2,Loaded,224,224,0,4503
202512,6,2,2,Empty,1241,0,1241,0
202512,3,2,2,Empty,155,0,155,0
202512,1,2,2,Empty,182,0,182,0
202512,4,2,2,Empty,11,0,11,0
202512,2,2,2,Empty,466,0,466,0
202512,8,2,2,Empty,74,0,74,0
202512,5,2,2,Empty,348,0,348,0
202512,9,2,2,Empty,37,0,37,0
202512,6,2,2,Loaded,99,99,0,973
202512,3,2,2,Loaded,8,8,0,72
202512,1,2,2,Loaded,8,8,0,47
202512,4,2,2,Loaded,6,6,0,80
202512,2,2,2,Loaded,93,93,0,525
202512,8,2,2,Loaded,2,2,0,10
202512,5,2,2,Loaded,4,4,0,39
202512,6,3,2,Empty,6852,0,6852,0
202512,3,3,2,Empty,408,0,408,0
202512,4,3,2,Empty,562,0,562,0
202512,8,3,2,Empty,758,0,758,0
202512,5,3,2,Empty,1388,0,1388,0
202512,9,3,2,Empty,952,0,952,0
202512,6,3,2,Loaded,9360,9360,0,75305
202512,3,3,2,Loaded,662,662,0,4480
202512,1,3,2,Loaded,1146,1146,0,7424
202512,4,3,2,Loaded,252,252,0,2329
202512,2,3,2,Loaded,5426,5426,0,41301
202512,8,3,2,Loaded,40,40,0,408
202512,5,3,2,Loaded,660,660,0,6394
202512,9,3,2,Loaded,140,140,0,1115
202512,6,4,2,Empty,5584,0,5584,0
202512,3,4,2,Empty,2002,0,2002,0
202512,1,4,2,Empty,238,0,238,0
202512,4,4,2,Empty,750,0,750,0
202512,2,4,2,Empty,768,0,768,0
202512,8,4,2,Empty,1108,0,1108,0
202512,5,4,2,Empty,848,0,848,0
202512,9,4,2,Empty,320,0,320,0
202512,6,4,2,Loaded,1838,1838,0,15780
202512,3,4,2,Loaded,176,176,0,1776
202512,1,4,2,Loaded,56,56,0,405
202512,4,4,2,Loaded,300,300,0,2045
202512,2,4,2,Loaded,608,608,0,4733
202512,8,4,2,Loaded,2,2,0,22
202512,5,4,2,Loaded,60,60,0,528
202511,6,1,1,Empty,3222,0,3222,0
202511,3,1,1,Empty,227,0,227,0
202511,1,1,1,Empty,909,0,909,0
202511,2,1,1,Empty,658,0,658,0
202511,5,1,1,Empty,2,0,2,0
202511,9,1,1,Empty,5,0,5,0
202511,6,1,1,Loaded,5044,5044,0,93304
202511,3,1,1,Loaded,837,837,0,15250
202511,1,1,1,Loaded,366,366,0,6301
202511,4,1,1,Loaded,409,409,0,8719
202511,2,1,1,Loaded,1409,1409,0,26099
202511,8,1,1,Loaded,51,51,0,915
202511,5,1,1,Loaded,490,490,0,8846
202511,9,1,1,Loaded,780,780,0,17483
202511,6,2,1,Empty,134,0,134,0
202511,1,2,1,Empty,7,0,7,0
202511,2,2,1,Empty,6,0,6,0
202511,5,2,1,Empty,2,0,2,0
202511,6,2,1,Loaded,1448,1448,0,22231
202511,3,2,1,Loaded,144,144,0,1766
202511,1,2,1,Loaded,48,48,0,583
202511,4,2,1,Loaded,42,42,0,557
202511,2,2,1,Loaded,305,305,0,4586
202511,8,2,1,Loaded,16,16,0,282
202511,5,2,1,Loaded,265,265,0,3898
202511,9,2,1,Loaded,26,26,0,370
202511,6,3,1,Empty,3402,0,3402,0
202511,3,3,1,Empty,166,0,166,0
202511,1,3,1,Empty,508,0,508,0
202511,4,3,1,Empty,14,0,14,0
202511,2,3,1,Empty,932,0,932,0
202511,8,3,1,Empty,12,0,12,0
202511,5,3,1,Empty,156,0,156,0
202511,6,3,1,Loaded,20972,20972,0,241425
202511,3,3,1,Loaded,2078,2078,0,23586
202511,1,3,1,Loaded,2132,2132,0,26846
202511,4,3,1,Loaded,266,266,0,3033
202511,2,3,1,Loaded,6390,6390,0,79084
202511,8,3,1,Loaded,698,698,0,9393
202511,5,3,1,Loaded,4024,4024,0,50531
202511,9,3,1,Loaded,1192,1192,0,15916
202511,6,4,1,Empty,424,0,424,0
202511,3,4,1,Empty,16,0,16,0
202511,1,4,1,Empty,8,0,8,0
202511,4,4,1,Empty,6,0,6,0
202511,2,4,1,Empty,32,0,32,0
202511,8,4,1,Empty,2,0,2,0
202511,5,4,1,Empty,16,0,16,0
202511,6,4,1,Loaded,8450,8450,0,98650
202511,3,4,1,Loaded,1048,1048,0,12145
202511,1,4,1,Loaded,450,450,0,4930
202511,4,4,1,Loaded,196,196,0,2265
202511,2,4,1,Loaded,1820,1820,0,22248
202511,8,4,1,Loaded,618,618,0,7594
202511,5,4,1,Loaded,2276,2276,0,27344
202511,9,4,1,Loaded,220,220,0,2756
202511,6,1,2,Empty,404,0,404,0
202511,1,1,2,Empty,49,0,49,0
202511,4,1,2,Empty,235,0,235,0
202511,5,1,2,Empty,60,0,60,0
202511,9,1,2,Empty,616,0,616,0
202511,6,1,2,Loaded,4559,4559,0,75888
202511,3,1,2,Loaded,578,578,0,10868
202511,1,1,2,Loaded,600,600,0,8263
202511,4,1,2,Loaded,123,123,0,2261
202511,2,1,2,Loaded,2193,2193,0,33364
202511,8,1,2,Loaded,116,116,0,2478
202511,5,1,2,Loaded,253,253,0,5005
202511,9,1,2,Loaded,226,226,0,4487
202511,6,2,2,Empty,641,0,641,0
202511,3,2,2,Empty,191,0,191,0
202511,1,2,2,Empty,268,0,268,0
202511,4,2,2,Empty,62,0,62,0
202511,2,2,2,Empty,598,0,598,0
202511,8,2,2,Empty,87,0,87,0
202511,5,2,2,Empty,237,0,237,0
202511,9,2,2,Empty,25,0,25,0
202511,6,2,2,Loaded,133,133,0,1152
202511,3,2,2,Loaded,8,8,0,83
202511,1,2,2,Loaded,9,9,0,50
202511,2,2,2,Loaded,63,63,0,373
202511,5,2,2,Loaded,2,2,0,14
202511,9,2,2,Loaded,1,1,0,9
202511,6,3,2,Empty,5608,0,5608,0
202511,3,3,2,Empty,120,0,120,0
202511,1,3,2,Empty,368,0,368,0
202511,4,3,2,Empty,638,0,638,0
202511,5,3,2,Empty,2724,0,2724,0
202511,9,3,2,Empty,952,0,952,0
202511,6,3,2,Loaded,11284,11284,0,92264
202511,3,3,2,Loaded,696,696,0,5718
202511,1,3,2,Loaded,1426,1426,0,8563
202511,4,3,2,Loaded,266,266,0,1804
202511,2,3,2,Loaded,5316,5316,0,38557
202511,8,3,2,Loaded,62,62,0,492
202511,5,3,2,Loaded,674,674,0,6215
202511,9,3,2,Loaded,244,244,0,1985
202511,6,4,2,Empty,6218,0,6218,0
202511,3,4,2,Empty,410,0,410,0
202511,1,4,2,Empty,552,0,552,0
202511,4,4,2,Empty,284,0,284,0
202511,2,4,2,Empty,828,0,828,0
202511,8,4,2,Empty,1114,0,1114,0
202511,5,4,2,Empty,1536,0,1536,0
202511,9,4,2,Empty,62,0,62,0
202511,6,4,2,Loaded,1858,1858,0,16015
202511,3,4,2,Loaded,248,248,0,2829
202511,1,4,2,Loaded,62,62,0,462
202511,4,4,2,Loaded,212,212,0,1446
202511,2,4,2,Loaded,696,696,0,5435
202511,8,4,2,Loaded,4,4,0,36
202511,5,4,2,Loaded,34,34,0,364
202511,9,4,2,Loaded,2,2,0,20
202510,6,1,1,Empty,2395,0,2395,0
202510,3,1,1,Empty,209,0,209,0
202510,1,1,1,Empty,575,0,575,0
202510,4,1,1,Empty,58,0,58,0
202510,2,1,1,Empty,781,0,781,0
202510,8,1,1,Empty,319,0,319,0
202510,5,1,1,Empty,95,0,95,0
202510,9,1,1,Empty,11,0,11,0
202510,6,1,1,Loaded,4597,4597,0,82999
202510,3,1,1,Loaded,1076,1076,0,19516
202510,1,1,1,Loaded,376,376,0,6478
202510,4,1,1,Loaded,653,653,0,14149
202510,2,1,1,Loaded,1480,1480,0,27572
202510,8,1,1,Loaded,94,94,0,1755
202510,5,1,1,Loaded,424,424,0,7762
202510,9,1,1,Loaded,609,609,0,13960
202510,6,2,1,Empty,7,0,7,0
202510,1,2,1,Empty,4,0,4,0
202510,4,2,1,Empty,2,0,2,0
202510,2,2,1,Empty,9,0,9,0
202510,8,2,1,Empty,2,0,2,0
202510,5,2,1,Empty,1,0,1,0
202510,6,2,1,Loaded,1062,1062,0,15603
202510,3,2,1,Loaded,152,152,0,1970
202510,1,2,1,Loaded,52,52,0,636
202510,4,2,1,Loaded,44,44,0,703
202510,2,2,1,Loaded,331,331,0,4922
202510,8,2,1,Loaded,30,30,0,514
202510,5,2,1,Loaded,216,216,0,3053
202510,9,2,1,Loaded,12,12,0,167
202510,6,3,1,Empty,2306,0,2306,0
202510,3,3,1,Empty,138,0,138,0
202510,1,3,1,Empty,224,0,224,0
202510,4,3,1,Empty,88,0,88,0
202510,2,3,1,Empty,1150,0,1150,0
202510,8,3,1,Empty,80,0,80,0
202510,5,3,1,Empty,178,0,178,0
202510,9,3,1,Empty,16,0,16,0
202510,6,3,1,Loaded,16772,16772,0,186833
202510,3,3,1,Loaded,2928,2928,0,33421
202510,1,3,1,Loaded,1592,1592,0,19972
202510,4,3,1,Loaded,690,690,0,7709
202510,2,3,1,Loaded,5284,5284,0,65178
202510,8,3,1,Loaded,210,210,0,2644
202510,5,3,1,Loaded,3446,3446,0,42846
202510,9,3,1,Loaded,1166,1166,0,15444
202510,6,4,1,Empty,332,0,332,0
202510,3,4,1,Empty,14,0,14,0
202510,1,4,1,Empty,8,0,8,0
202510,4,4,1,Empty,8,0,8,0
202510,2,4,1,Empty,24,0,24,0
202510,8,4,1,Empty,58,0,58,0
202510,5,4,1,Empty,2,0,2,0
202510,6,4,1,Loaded,7392,7392,0,84051
202510,3,4,1,Loaded,1326,1326,0,15456
202510,1,4,1,Loaded,414,414,0,4830
202510,4,4,1,Loaded,268,268,0,2866
202510,2,4,1,Loaded,1976,1976,0,23428
202510,8,4,1,Loaded,520,520,0,6331
202510,5,4,1,Loaded,1868,1868,0,22472
202510,9,4,1,Loaded,156,156,0,1961
202510,6,1,2,Empty,258,0,258,0
202510,4,1,2,Empty,731,0,731,0
202510,5,1,2,Empty,45,0,45,0
202510,9,1,2,Empty,179,0,179,0
202510,6,1,2,Loaded,2948,2948,0,49876
202510,3,1,2,Loaded,888,888,0,17280
202510,1,1,2,Loaded,561,561,0,8390
202510,4,1,2,Loaded,168,168,0,2920
202510,2,1,2,Loaded,2363,2363,0,35646
202510,8,1,2,Loaded,352,352,0,7690
202510,5,1,2,Loaded,264,264,0,5068
202510,9,1,2,Loaded,274,274,0,5983
202510,6,2,2,Empty,265,0,265,0
202510,3,2,2,Empty,255,0,255,0
202510,1,2,2,Empty,164,0,164,0
202510,4,2,2,Empty,74,0,74,0
202510,2,2,2,Empty,250,0,250,0
202510,8,2,2,Empty,77,0,77,0
202510,5,2,2,Empty,165,0,165,0
202510,9,2,2,Empty,3,0,3,0
202510,6,2,2,Loaded,85,85,0,718
202510,3,2,2,Loaded,9,9,0,92
202510,1,2,2,Loaded,13,13,0,91
202510,4,2,2,Loaded,8,8,0,141
202510,2,2,2,Loaded,73,73,0,530
202510,5,2,2,Loaded,2,2,0,15
202510,6,3,2,Empty,5542,0,5542,0
202510,3,3,2,Empty,242,0,242,0
202510,1,3,2,Empty,134,0,134,0
202510,4,3,2,Empty,852,0,852,0
202510,2,3,2,Empty,2,0,2,0
202510,5,3,2,Empty,1714,0,1714,0
202510,9,3,2,Empty,546,0,546,0
202510,6,3,2,Loaded,7072,7072,0,58864
202510,3,3,2,Loaded,792,792,0,5721
202510,1,3,2,Loaded,1192,1192,0,6710
202510,4,3,2,Loaded,438,438,0,2986
202510,2,3,2,Loaded,5550,5550,0,40473
202510,8,3,2,Loaded,80,80,0,601
202510,5,3,2,Loaded,622,622,0,6077
202510,9,3,2,Loaded,94,94,0,788
202510,6,4,2,Empty,3298,0,3298,0
202510,3,4,2,Empty,1104,0,1104,0
202510,1,4,2,Empty,346,0,346,0
202510,4,4,2,Empty,216,0,216,0
202510,2,4,2,Empty,1038,0,1038,0
202510,8,4,2,Empty,550,0,550,0
202510,5,4,2,Empty,606,0,606,0
202510,9,4,2,Empty,118,0,118,0
202510,6,4,2,Loaded,1268,1268,0,11396
202510,3,4,2,Loaded,186,186,0,1568
202510,1,4,2,Loaded,64,64,0,440
202510,4,4,2,Loaded,186,186,0,1272
202510,2,4,2,Loaded,666,666,0,5175
202510,8,4,2,Loaded,4,4,0,30
202510,5,4,2,Loaded,26,26,0,224
202509,6,1,1,Empty,3743,0,3743,0
202509,3,1,1,Empty,539,0,539,0
202509,1,1,1,Empty,473,0,473,0
202509,4,1,1,Empty,2,0,2,0
202509,2,1,1,Empty,1585,0,1585,0
202509,8,1,1,Empty,321,0,321,0
202509,5,1,1,Empty,148,0,148,0
202509,9,1,1,Empty,4,0,4,0
202509,6,1,1,Loaded,5300,5300,0,96617
202509,3,1,1,Loaded,698,698,0,12341
202509,1,1,1,Loaded,187,187,0,3189
202509,4,1,1,Loaded,340,340,0,7268
202509,2,1,1,Loaded,1396,1396,0,25845
202509,8,1,1,Loaded,45,45,0,835
202509,5,1,1,Loaded,495,495,0,8966
202509,9,1,1,Loaded,643,643,0,15205
202509,6,2,1,Empty,45,0,45,0
202509,3,2,1,Empty,7,0,7,0
202509,2,2,1,Empty,15,0,15,0
202509,6,2,1,Loaded,1220,1220,0,17894
202509,3,2,1,Loaded,168,168,0,2323
202509,1,2,1,Loaded,55,55,0,685
202509,4,2,1,Loaded,71,71,0,1110
202509,2,2,1,Loaded,339,339,0,4797
202509,8,2,1,Loaded,3,3,0,37
202509,5,2,1,Loaded,306,306,0,4724
202509,9,2,1,Loaded,9,9,0,120
202509,6,3,1,Empty,4168,0,4168,0
202509,3,3,1,Empty,310,0,310,0
202509,1,3,1,Empty,254,0,254,0
202509,4,3,1,Empty,18,0,18,0
202509,2,3,1,Empty,1696,0,1696,0
202509,8,3,1,Empty,20,0,20,0
202509,5,3,1,Empty,50,0,50,0
202509,9,3,1,Empty,4,0,4,0
202509,6,3,1,Loaded,20606,20606,0,227025
202509,3,3,1,Loaded,2034,2034,0,23315
202509,1,3,1,Loaded,1132,1132,0,14115
202509,4,3,1,Loaded,550,550,0,6428
202509,2,3,1,Loaded,4766,4766,0,57890
202509,8,3,1,Loaded,22,22,0,272
202509,5,3,1,Loaded,3760,3760,0,46808
202509,9,3,1,Loaded,684,684,0,8580
202509,6,4,1,Empty,670,0,670,0
202509,3,4,1,Empty,34,0,34,0
202509,1,4,1,Empty,6,0,6,0
202509,4,4,1,Empty,12,0,12,0
202509,2,4,1,Empty,54,0,54,0
202509,8,4,1,Empty,38,0,38,0
202509,5,4,1,Empty,14,0,14,0
202509,6,4,1,Loaded,12006,12006,0,137648
202509,3,4,1,Loaded,1580,1580,0,17918
202509,1,4,1,Loaded,210,210,0,2481
202509,4,4,1,Loaded,204,204,0,2387
202509,2,4,1,Loaded,1894,1894,0,22950
202509,8,4,1,Loaded,256,256,0,3085
202509,5,4,1,Loaded,2272,2272,0,27627
202509,9,4,1,Loaded,116,116,0,1430
202509,6,1,2,Empty,503,0,503,0
202509,3,1,2,Empty,35,0,35,0
202509,1,1,2,Empty,60,0,60,0
202509,4,1,2,Empty,440,0,440,0
202509,2,1,2,Empty,11,0,11,0
202509,5,1,2,Empty,35,0,35,0
202509,6,1,2,Loaded,4231,4231,0,71880
202509,3,1,2,Loaded,906,906,0,18598
202509,1,1,2,Loaded,645,645,0,10219
202509,4,1,2,Loaded,134,134,0,2677
202509,2,1,2,Loaded,2204,2204,0,33289
202509,8,1,2,Loaded,335,335,0,7572
202509,5,1,2,Loaded,362,362,0,7342
202509,9,1,2,Loaded,215,215,0,4870
202509,6,2,2,Empty,792,0,792,0
202509,3,2,2,Empty,70,0,70,0
202509,1,2,2,Empty,11,0,11,0
202509,4,2,2,Empty,30,0,30,0
202509,2,2,2,Empty,175,0,175,0
202509,8,2,2,Empty,17,0,17,0
202509,5,2,2,Empty,223,0,223,0
202509,9,2,2,Empty,12,0,12,0
202509,6,2,2,Loaded,108,108,0,963
202509,3,2,2,Loaded,6,6,0,19
202509,1,2,2,Loaded,12,12,0,157
202509,2,2,2,Loaded,75,75,0,506
202509,5,2,2,Loaded,1,1,0,8
202509,6,3,2,Empty,2920,0,2920,0
202509,4,3,2,Empty,764,0,764,0
202509,8,3,2,Empty,2,0,2,0
202509,5,3,2,Empty,814,0,814,0
202509,6,3,2,Loaded,10802,10802,0,88771
202509,3,3,2,Loaded,824,824,0,6600
202509,1,3,2,Loaded,1242,1242,0,8273
202509,4,3,2,Loaded,220,220,0,1544
202509,2,3,2,Loaded,5642,5642,0,41243
202509,8,3,2,Loaded,102,102,0,1005
202509,5,3,2,Loaded,836,836,0,7639
202509,9,3,2,Loaded,122,122,0,815
202509,6,4,2,Empty,7460,0,7460,0
202509,3,4,2,Empty,484,0,484,0
202509,1,4,2,Empty,56,0,56,0
202509,2,4,2,Empty,1004,0,1004,0
202509,8,4,2,Empty,340,0,340,0
202509,5,4,2,Empty,288,0,288,0
202509,9,4,2,Empty,40,0,40,0
202509,6,4,2,Loaded,1732,1732,0,14920
202509,3,4,2,Loaded,138,138,0,1287
202509,1,4,2,Loaded,44,44,0,303
202509,4,4,2,Loaded,292,292,0,1917
202509,2,4,2,Loaded,650,650,0,5570
202509,5,4,2,Loaded,58,58,0,448
202508,6,1,1,Empty,2825,0,2825,0
202508,3,1,1,Empty,442,0,442,0
202508,1,1,1,Empty,266,0,266,0
202508,4,1,1,Empty,16,0,16,0
202508,2,1,1,Empty,716,0,716,0
202508,8,1,1,Empty,126,0,126,0
202508,5,1,1,Empty,41,0,41,0
202508,9,1,1,Empty,23,0,23,0
202508,6,1,1,Loaded,5160,5160,0,93659
202508,3,1,1,Loaded,1136,1136,0,19943
202508,1,1,1,Loaded,474,474,0,8606
202508,4,1,1,Loaded,667,667,0,14368
202508,2,1,1,Loaded,1426,1426,0,26290
202508,8,1,1,Loaded,52,52,0,982
202508,5,1,1,Loaded,404,404,0,7276
202508,9,1,1,Loaded,499,499,0,11601
202508,6,2,1,Empty,207,0,207,0
202508,3,2,1,Empty,4,0,4,0
202508,1,2,1,Empty,1,0,1,0
202508,4,2,1,Empty,8,0,8,0
202508,2,2,1,Empty,75,0,75,0
202508,8,2,1,Empty,4,0,4,0
202508,5,2,1,Empty,2,0,2,0
202508,6,2,1,Loaded,1313,1313,0,18967
202508,3,2,1,Loaded,203,203,0,2655
202508,1,2,1,Loaded,76,76,0,925
202508,4,2,1,Loaded,67,67,0,859
202508,2,2,1,Loaded,241,241,0,3355
202508,8,2,1,Loaded,22,22,0,383
202508,5,2,1,Loaded,321,321,0,4934
202508,9,2,1,Loaded,6,6,0,84
202508,6,3,1,Empty,2114,0,2114,0
202508,3,3,1,Empty,206,0,206,0
202508,1,3,1,Empty,180,0,180,0
202508,4,3,1,Empty,36,0,36,0
202508,2,3,1,Empty,2202,0,2202,0
202508,8,3,1,Empty,28,0,28,0
202508,5,3,1,Empty,368,0,368,0
202508,9,3,1,Empty,14,0,14,0
202508,6,3,1,Loaded,19574,19574,0,213536
202508,3,3,1,Loaded,3438,3438,0,40182
202508,1,3,1,Loaded,1886,1886,0,23719
202508,4,3,1,Loaded,806,806,0,9218
202508,2,3,1,Loaded,4508,4508,0,55368
202508,8,3,1,Loaded,28,28,0,243
202508,5,3,1,Loaded,2760,2760,0,34159
202508,9,3,1,Loaded,460,460,0,5316
202508,6,4,1,Empty,500,0,500,0
202508,3,4,1,Empty,40,0,40,0
202508,1,4,1,Empty,2,0,2,0
202508,4,4,1,Empty,20,0,20,0
202508,2,4,1,Empty,48,0,48,0
202508,8,4,1,Empty,58,0,58,0
202508,5,4,1,Empty,38,0,38,0
202508,6,4,1,Loaded,13932,13932,0,158415
202508,3,4,1,Loaded,3826,3826,0,42837
202508,1,4,1,Loaded,408,408,0,4534
202508,4,4,1,Loaded,462,462,0,5182
202508,2,4,1,Loaded,1794,1794,0,21376
202508,8,4,1,Loaded,216,216,0,2644
202508,5,4,1,Loaded,1762,1762,0,20812
202508,9,4,1,Loaded,74,74,0,855
202508,6,1,2,Empty,262,0,262,0
202508,3,1,2,Empty,105,0,105,0
202508,1,1,2,Empty,135,0,135,0
202508,4,1,2,Empty,617,0,617,0
202508,5,1,2,Empty,40,0,40,0
202508,9,1,2,Empty,4,0,4,0
202508,6,1,2,Loaded,4221,4221,0,72261
202508,3,1,2,Loaded,951,951,0,17722
202508,1,1,2,Loaded,881,881,0,13569
202508,4,1,2,Loaded,188,188,0,3782
202508,2,1,2,Loaded,2530,2530,0,40230
202508,8,1,2,Loaded,486,486,0,10377
202508,5,1,2,Loaded,276,276,0,5544
202508,9,1,2,Loaded,253,253,0,5546
202508,6,2,2,Empty,277,0,277,0
202508,3,2,2,Empty,32,0,32,0
202508,1,2,2,Empty,112,0,112,0
202508,4,2,2,Empty,14,0,14,0
202508,2,2,2,Empty,108,0,108,0
202508,8,2,2,Empty,9,0,9,0
202508,5,2,2,Empty,13,0,13,0
202508,9,2,2,Empty,2,0,2,0
202508,6,2,2,Loaded,94,94,0,715
202508,3,2,2,Loaded,9,9,0,75
202508,1,2,2,Loaded,24,24,0,273
202508,4,2,2,Loaded,3,3,0,43
202508,2,2,2,Loaded,86,86,0,635
202508,8,2,2,Loaded,1,1,0,9
202508,5,2,2,Loaded,2,2,0,24
202508,6,3,2,Empty,7420,0,7420,0
202508,1,3,2,Empty,168,0,168,0
202508,4,3,2,Empty,1072,0,1072,0
202508,5,3,2,Empty,1978,0,1978,0
202508,6,3,2,Loaded,11128,11128,0,95017
202508,3,3,2,Loaded,820,820,0,6019
202508,1,3,2,Loaded,1426,1426,0,8652
202508,4,3,2,Loaded,302,302,0,2209
202508,2,3,2,Loaded,5540,5540,0,41196
202508,8,3,2,Loaded,154,154,0,1721
202508,5,3,2,Loaded,868,868,0,8028
202508,9,3,2,Loaded,94,94,0,861
202508,6,4,2,Empty,7770,0,7770,0
202508,3,4,2,Empty,1240,0,1240,0
202508,1,4,2,Empty,80,0,80,0
202508,4,4,2,Empty,100,0,100,0
202508,2,4,2,Empty,938,0,938,0
202508,8,4,2,Empty,380,0,380,0
202508,5,4,2,Empty,1000,0,1000,0
202508,9,4,2,Empty,80,0,80,0
202508,6,4,2,Loaded,1828,1828,0,15852
202508,3,4,2,Loaded,258,258,0,2747
202508,1,4,2,Loaded,68,68,0,488
202508,4,4,2,Loaded,312,312,0,2073
202508,2,4,2,Loaded,738,738,0,6104
202508,8,4,2,Loaded,6,6,0,64
202508,5,4,2,Loaded,72,72,0,635
202508,9,4,2,Loaded,2,2,0,27
202507,6,1,1,Empty,2124,0,2124,0
202507,3,1,1,Empty,229,0,229,0
202507,1,1,1,Empty,461,0,461,0
202507,4,1,1,Empty,116,0,116,0
202507,2,1,1,Empty,1191,0,1191,0
202507,8,1,1,Empty,84,0,84,0
202507,5,1,1,Empty,86,0,86,0
202507,9,1,1,Empty,3,0,3,0
202507,6,1,1,Loaded,4644,4644,0,83789
202507,3,1,1,Loaded,1190,1190,0,20809
202507,1,1,1,Loaded,329,329,0,5655
202507,4,1,1,Loaded,558,558,0,12108
202507,2,1,1,Loaded,1543,1543,0,27984
202507,8,1,1,Loaded,100,100,0,1845
202507,5,1,1,Loaded,717,717,0,13252
202507,9,1,1,Loaded,677,677,0,15079
202507,6,2,1,Empty,142,0,142,0
202507,3,2,1,Empty,5,0,5,0
202507,1,2,1,Empty,2,0,2,0
202507,2,2,1,Empty,21,0,21,0
202507,8,2,1,Empty,3,0,3,0
202507,5,2,1,Empty,14,0,14,0
202507,6,2,1,Loaded,1597,1597,0,24423
202507,3,2,1,Loaded,193,193,0,2561
202507,1,2,1,Loaded,48,48,0,584
202507,4,2,1,Loaded,49,49,0,668
202507,2,2,1,Loaded,335,335,0,4979
202507,8,2,1,Loaded,18,18,0,292
202507,5,2,1,Loaded,315,315,0,4753
202507,9,2,1,Loaded,10,10,0,149
202507,6,3,1,Empty,3096,0,3096,0
202507,3,3,1,Empty,190,0,190,0
202507,1,3,1,Empty,238,0,238,0
202507,4,3,1,Empty,20,0,20,0
202507,2,3,1,Empty,1506,0,1506,0
202507,5,3,1,Empty,146,0,146,0
202507,9,3,1,Empty,34,0,34,0
202507,6,3,1,Loaded,19706,19706,0,219519
202507,3,3,1,Loaded,2318,2318,0,27086
202507,1,3,1,Loaded,1060,1060,0,13471
202507,4,3,1,Loaded,754,754,0,9012
202507,2,3,1,Loaded,5860,5860,0,72234
202507,8,3,1,Loaded,182,182,0,2090
202507,5,3,1,Loaded,4912,4912,0,62367
202507,9,3,1,Loaded,992,992,0,12385
202507,6,4,1,Empty,742,0,742,0
202507,3,4,1,Empty,58,0,58,0
202507,1,4,1,Empty,4,0,4,0
202507,4,4,1,Empty,34,0,34,0
202507,2,4,1,Empty,104,0,104,0
202507,8,4,1,Empty,52,0,52,0
202507,5,4,1,Empty,96,0,96,0
202507,9,4,1,Empty,4,0,4,0
202507,6,4,1,Loaded,13400,13400,0,153961
202507,3,4,1,Loaded,3290,3290,0,36831
202507,1,4,1,Loaded,366,366,0,4118
202507,4,4,1,Loaded,490,490,0,5285
202507,2,4,1,Loaded,1732,1732,0,20937
202507,8,4,1,Loaded,378,378,0,4544
202507,5,4,1,Loaded,2684,2684,0,31675
202507,9,4,1,Loaded,164,164,0,2018
202507,6,1,2,Empty,443,0,443,0
202507,3,1,2,Empty,368,0,368,0
202507,1,1,2,Empty,225,0,225,0
202507,4,1,2,Empty,340,0,340,0
202507,2,1,2,Empty,3,0,3,0
202507,5,1,2,Empty,21,0,21,0
202507,9,1,2,Empty,786,0,786,0
202507,6,1,2,Loaded,4191,4191,0,73022
202507,3,1,2,Loaded,741,741,0,14696
202507,1,1,2,Loaded,539,539,0,8798
202507,4,1,2,Loaded,152,152,0,2752
202507,2,1,2,Loaded,2549,2549,0,40696
202507,8,1,2,Loaded,337,337,0,7661
202507,5,1,2,Loaded,341,341,0,6974
202507,9,1,2,Loaded,229,229,0,4953
202507,6,2,2,Empty,597,0,597,0
202507,3,2,2,Empty,147,0,147,0
202507,1,2,2,Empty,20,0,20,0
202507,4,2,2,Empty,158,0,158,0
202507,2,2,2,Empty,455,0,455,0
202507,8,2,2,Empty,20,0,20,0
202507,5,2,2,Empty,205,0,205,0
202507,6,2,2,Loaded,96,96,0,738
202507,3,2,2,Loaded,8,8,0,76
202507,1,2,2,Loaded,12,12,0,79
202507,2,2,2,Loaded,85,85,0,657
202507,6,3,2,Empty,3004,0,3004,0
202507,3,3,2,Empty,62,0,62,0
202507,4,3,2,Empty,382,0,382,0
202507,2,3,2,Empty,2,0,2,0
202507,5,3,2,Empty,2340,0,2340,0
202507,9,3,2,Empty,876,0,876,0
202507,6,3,2,Loaded,10002,10002,0,87504
202507,3,3,2,Loaded,746,746,0,5991
202507,1,3,2,Loaded,990,990,0,5363
202507,4,3,2,Loaded,210,210,0,1603
202507,2,3,2,Loaded,5276,5276,0,40039
202507,8,3,2,Loaded,102,102,0,869
202507,5,3,2,Loaded,638,638,0,5725
202507,9,3,2,Loaded,88,88,0,668
202507,6,4,2,Empty,8996,0,8996,0
202507,3,4,2,Empty,1690,0,1690,0
202507,1,4,2,Empty,342,0,342,0
202507,4,4,2,Empty,648,0,648,0
202507,2,4,2,Empty,1484,0,1484,0
202507,8,4,2,Empty,960,0,960,0
202507,5,4,2,Empty,978,0,978,0
202507,9,4,2,Empty,120,0,120,0
202507,6,4,2,Loaded,1466,1466,0,13217
202507,3,4,2,Loaded,246,246,0,2387
202507,1,4,2,Loaded,26,26,0,223
202507,4,4,2,Loaded,282,282,0,1905
202507,2,4,2,Loaded,556,556,0,4984
202507,8,4,2,Loaded,2,2,0,11
202507,5,4,2,Loaded,66,66,0,606
202506,6,1,1,Empty,2097,0,2097,0
202506,3,1,1,Empty,187,0,187,0
202506,1,1,1,Empty,412,0,412,0
202506,4,1,1,Empty,12,0,12,0
202506,2,1,1,Empty,775,0,775,0
202506,5,1,1,Empty,76,0,76,0
202506,9,1,1,Empty,6,0,6,0
202506,6,1,1,Loaded,4939,4939,0,89557
202506,3,1,1,Loaded,793,793,0,14129
202506,1,1,1,Loaded,240,240,0,4050
202506,4,1,1,Loaded,311,311,0,6851
202506,2,1,1,Loaded,1410,1410,0,25551
202506,8,1,1,Loaded,39,39,0,715
202506,5,1,1,Loaded,783,783,0,14465
202506,9,1,1,Loaded,790,790,0,17883
202506,6,2,1,Empty,8,0,8,0
202506,3,2,1,Empty,4,0,4,0
202506,1,2,1,Empty,26,0,26,0
202506,2,2,1,Empty,5,0,5,0
202506,8,2,1,Empty,3,0,3,0
202506,5,2,1,Empty,9,0,9,0
202506,6,2,1,Loaded,1750,1750,0,27196
202506,3,2,1,Loaded,235,235,0,3125
202506,1,2,1,Loaded,34,34,0,467
202506,4,2,1,Loaded,29,29,0,401
202506,2,2,1,Loaded,363,363,0,4959
202506,8,2,1,Loaded,6,6,0,79
202506,5,2,1,Loaded,391,391,0,5777
202506,9,2,1,Loaded,12,12,0,179
202506,6,3,1,Empty,4640,0,4640,0
202506,3,3,1,Empty,246,0,246,0
202506,1,3,1,Empty,264,0,264,0
202506,4,3,1,Empty,4,0,4,0
202506,2,3,1,Empty,1492,0,1492,0
202506,8,3,1,Empty,50,0,50,0
202506,5,3,1,Empty,60,0,60,0
202506,9,3,1,Empty,6,0,6,0
202506,6,3,1,Loaded,19286,19286,0,217105
202506,3,3,1,Loaded,2472,2472,0,28268
202506,1,3,1,Loaded,1222,1222,0,15639
202506,4,3,1,Loaded,466,466,0,5558
202506,2,3,1,Loaded,5644,5644,0,71506
202506,8,3,1,Loaded,204,204,0,2488
202506,5,3,1,Loaded,5156,5156,0,65633
202506,9,3,1,Loaded,880,880,0,11970
202506,6,4,1,Empty,270,0,270,0
202506,3,4,1,Empty,42,0,42,0
202506,1,4,1,Empty,4,0,4,0
202506,4,4,1,Empty,4,0,4,0
202506,2,4,1,Empty,56,0,56,0
202506,8,4,1,Empty,62,0,62,0
202506,5,4,1,Empty,22,0,22,0
202506,6,4,1,Loaded,15254,15254,0,175720
202506,3,4,1,Loaded,4956,4956,0,55738
202506,1,4,1,Loaded,266,266,0,3133
202506,4,4,1,Loaded,598,598,0,6387
202506,2,4,1,Loaded,2224,2224,0,26850
202506,8,4,1,Loaded,294,294,0,3498
202506,5,4,1,Loaded,3594,3594,0,42473
202506,9,4,1,Loaded,172,172,0,2159
202506,6,1,2,Empty,732,0,732,0
202506,3,1,2,Empty,183,0,183,0
202506,1,1,2,Empty,58,0,58,0
202506,4,1,2,Empty,92,0,92,0
202506,2,1,2,Empty,1,0,1,0
202506,5,1,2,Empty,40,0,40,0
202506,9,1,2,Empty,462,0,462,0
202506,6,1,2,Loaded,3626,3626,0,60841
202506,3,1,2,Loaded,611,611,0,10770
202506,1,1,2,Loaded,620,620,0,9163
202506,4,1,2,Loaded,87,87,0,1344
202506,2,1,2,Loaded,2178,2178,0,35162
202506,8,1,2,Loaded,234,234,0,5203
202506,5,1,2,Loaded,289,289,0,5734
202506,9,1,2,Loaded,131,131,0,2666
202506,6,2,2,Empty,1071,0,1071,0
202506,3,2,2,Empty,207,0,207,0
202506,1,2,2,Empty,124,0,124,0
202506,4,2,2,Empty,124,0,124,0
202506,2,2,2,Empty,430,0,430,0
202506,8,2,2,Empty,97,0,97,0
202506,5,2,2,Empty,336,0,336,0
202506,9,2,2,Empty,3,0,3,0
202506,6,2,2,Loaded,112,112,0,880
202506,3,2,2,Loaded,7,7,0,39
202506,1,2,2,Loaded,5,5,0,12
202506,4,2,2,Loaded,9,9,0,123
202506,2,2,2,Loaded,83,83,0,611
202506,8,2,2,Loaded,2,2,0,23
202506,5,2,2,Loaded,23,23,0,535
202506,6,3,2,Empty,4904,0,4904,0
202506,3,3,2,Empty,62,0,62,0
202506,4,3,2,Empty,200,0,200,0
202506,5,3,2,Empty,2498,0,2498,0
202506,9,3,2,Empty,512,0,512,0
202506,6,3,2,Loaded,9710,9710,0,79727
202506,3,3,2,Loaded,766,766,0,6601
202506,1,3,2,Loaded,1208,1208,0,6953
202506,4,3,2,Loaded,162,162,0,1307
202506,2,3,2,Loaded,4976,4976,0,39130
202506,8,3,2,Loaded,38,38,0,352
202506,5,3,2,Loaded,314,314,0,2263
202506,9,3,2,Loaded,70,70,0,595
202506,6,4,2,Empty,12818,0,12818,0
202506,3,4,2,Empty,5174,0,5174,0
202506,1,4,2,Empty,356,0,356,0
202506,4,4,2,Empty,1142,0,1142,0
202506,2,4,2,Empty,2454,0,2454,0
202506,8,4,2,Empty,1552,0,1552,0
202506,5,4,2,Empty,1534,0,1534,0
202506,9,4,2,Empty,190,0,190,0
202506,6,4,2,Loaded,1790,1790,0,15263
202506,3,4,2,Loaded,180,180,0,1928
202506,1,4,2,Loaded,56,56,0,520
202506,4,4,2,Loaded,178,178,0,1238
202506,2,4,2,Loaded,636,636,0,4845
202506,8,4,2,Loaded,2,2,0,25
202506,5,4,2,Loaded,60,60,0,548
202506,7,1,1,Empty,1951,0,1951,0
202506,7,1,1,Loaded,2772,2772,0,47977
202506,7,2,1,Empty,15,0,15,0
202506,7,2,1,Loaded,223,223,0,2193
202506,7,3,1,Empty,3710,0,3710,0
202506,7,3,1,Loaded,4392,4392,0,38055
202506,7,4,1,Empty,4,0,4,0
202506,7,4,1,Loaded,552,552,0,5408
202506,7,1,2,Empty,852,0,852,0
202506,7,1,2,Loaded,8579,8579,0,117559
202506,7,2,2,Empty,185,0,185,0
202506,7,2,2,Loaded,503,503,0,3993
202506,7,3,2,Empty,320,0,320,0
202506,7,3,2,Loaded,20898,20898,0,139403
202506,7,4,2,Empty,522,0,522,0
202506,7,4,2,Loaded,2538,2538,0,18752
202505,6,1,1,Empty,2020,0,2020,0
202505,3,1,1,Empty,358,0,358,0
202505,1,1,1,Empty,365,0,365,0
202505,4,1,1,Empty,24,0,24,0
202505,2,1,1,Empty,640,0,640,0
202505,8,1,1,Empty,7,0,7,0
202505,5,1,1,Empty,29,0,29,0
202505,6,1,1,Loaded,5099,5099,0,90301
202505,3,1,1,Loaded,839,839,0,14846
202505,1,1,1,Loaded,381,381,0,7087
202505,4,1,1,Loaded,431,431,0,8676
202505,2,1,1,Loaded,1750,1750,0,32136
202505,8,1,1,Loaded,102,102,0,1822
202505,5,1,1,Loaded,642,642,0,11658
202505,9,1,1,Loaded,652,652,0,14767
202505,6,2,1,Empty,103,0,103,0
202505,3,2,1,Empty,2,0,2,0
202505,2,2,1,Empty,4,0,4,0
202505,5,2,1,Empty,2,0,2,0
202505,6,2,1,Loaded,1971,1971,0,30560
202505,3,2,1,Loaded,132,132,0,1631
202505,1,2,1,Loaded,76,76,0,943
202505,4,2,1,Loaded,42,42,0,510
202505,2,2,1,Loaded,356,356,0,5016
202505,8,2,1,Loaded,18,18,0,291
202505,5,2,1,Loaded,370,370,0,5513
202505,9,2,1,Loaded,10,10,0,143
202505,6,3,1,Empty,3514,0,3514,0
202505,3,3,1,Empty,764,0,764,0
202505,1,3,1,Empty,102,0,102,0
202505,4,3,1,Empty,56,0,56,0
202505,2,3,1,Empty,1302,0,1302,0
202505,8,3,1,Empty,40,0,40,0
202505,5,3,1,Empty,54,0,54,0
202505,9,3,1,Empty,8,0,8,0
202505,6,3,1,Loaded,20188,20188,0,224487
202505,3,3,1,Loaded,2170,2170,0,25089
202505,1,3,1,Loaded,1242,1242,0,16165
202505,4,3,1,Loaded,800,800,0,9346
202505,2,3,1,Loaded,5770,5770,0,72399
202505,8,3,1,Loaded,342,342,0,4313
202505,5,3,1,Loaded,4380,4380,0,55173
202505,9,3,1,Loaded,986,986,0,13286
202505,6,4,1,Empty,342,0,342,0
202505,3,4,1,Empty,10,0,10,0
202505,1,4,1,Empty,18,0,18,0
202505,4,4,1,Empty,86,0,86,0
202505,2,4,1,Empty,122,0,122,0
202505,8,4,1,Empty,20,0,20,0
202505,5,4,1,Empty,40,0,40,0
202505,6,4,1,Loaded,17898,17898,0,204537
202505,3,4,1,Loaded,5218,5218,0,58753
202505,1,4,1,Loaded,536,536,0,6359
202505,4,4,1,Loaded,1184,1184,0,13339
202505,2,4,1,Loaded,2654,2654,0,32255
202505,8,4,1,Loaded,328,328,0,3997
202505,5,4,1,Loaded,4508,4508,0,53400
202505,9,4,1,Loaded,456,456,0,5610
202505,6,1,2,Empty,547,0,547,0
202505,3,1,2,Empty,4,0,4,0
202505,1,1,2,Empty,1,0,1,0
202505,4,1,2,Empty,245,0,245,0
202505,2,1,2,Empty,26,0,26,0
202505,5,1,2,Empty,20,0,20,0
202505,9,1,2,Empty,392,0,392,0
202505,6,1,2,Loaded,2998,2998,0,51281
202505,3,1,2,Loaded,556,556,0,10748
202505,1,1,2,Loaded,641,641,0,9911
202505,4,1,2,Loaded,147,147,0,2576
202505,2,1,2,Loaded,2095,2095,0,32650
202505,8,1,2,Loaded,127,127,0,2861
202505,5,1,2,Loaded,159,159,0,3004
202505,9,1,2,Loaded,332,332,0,7623
202505,6,2,2,Empty,1102,0,1102,0
202505,3,2,2,Empty,253,0,253,0
202505,1,2,2,Empty,219,0,219,0
202505,4,2,2,Empty,44,0,44,0
202505,2,2,2,Empty,549,0,549,0
202505,8,2,2,Empty,151,0,151,0
202505,5,2,2,Empty,246,0,246,0
202505,9,2,2,Empty,22,0,22,0
202505,6,2,2,Loaded,90,90,0,670
202505,3,2,2,Loaded,30,30,0,384
202505,1,2,2,Loaded,10,10,0,71
202505,4,2,2,Loaded,6,6,0,89
202505,2,2,2,Loaded,71,71,0,513
202505,5,2,2,Loaded,1,1,0,12
202505,6,3,2,Empty,6832,0,6832,0
202505,3,3,2,Empty,200,0,200,0
202505,1,3,2,Empty,10,0,10,0
202505,4,3,2,Empty,564,0,564,0
202505,2,3,2,Empty,88,0,88,0
202505,8,3,2,Empty,472,0,472,0
202505,5,3,2,Empty,2112,0,2112,0
202505,9,3,2,Empty,414,0,414,0
202505,6,3,2,Loaded,9180,9180,0,76160
202505,3,3,2,Loaded,724,724,0,6336
202505,1,3,2,Loaded,1198,1198,0,7147
202505,4,3,2,Loaded,292,292,0,2540
202505,2,3,2,Loaded,4732,4732,0,35038
202505,8,3,2,Loaded,36,36,0,280
202505,5,3,2,Loaded,446,446,0,3888
202505,9,3,2,Loaded,90,90,0,639
202505,6,4,2,Empty,11164,0,11164,0
202505,3,4,2,Empty,7638,0,7638,0
202505,1,4,2,Empty,458,0,458,0
202505,4,4,2,Empty,2678,0,2678,0
202505,2,4,2,Empty,1750,0,1750,0
202505,8,4,2,Empty,1446,0,1446,0
202505,5,4,2,Empty,1892,0,1892,0
202505,9,4,2,Empty,472,0,472,0
202505,6,4,2,Loaded,1748,1748,0,16124
202505,3,4,2,Loaded,188,188,0,1992
202505,1,4,2,Loaded,74,74,0,603
202505,4,4,2,Loaded,158,158,0,984
202505,2,4,2,Loaded,562,562,0,4616
202505,8,4,2,Loaded,2,2,0,21
202505,5,4,2,Loaded,46,46,0,430
202505,7,1,1,Empty,1834,0,1834,0
202505,7,1,1,Loaded,2397,2397,0,40639
202505,7,2,1,Empty,9,0,9,0
202505,7,2,1,Loaded,194,194,0,1766
202505,7,3,1,Empty,3984,0,3984,0
202505,7,3,1,Loaded,4684,4684,0,43923
202505,7,4,1,Empty,42,0,42,0
202505,7,4,1,Loaded,568,568,0,5522
202505,7,1,2,Empty,318,0,318,0
202505,7,1,2,Loaded,8410,8410,0,112033
202505,7,2,2,Empty,343,0,343,0
202505,7,2,2,Loaded,539,539,0,4379
202505,7,3,2,Empty,418,0,418,0
202505,7,3,2,Loaded,19388,19388,0,127840
202505,7,4,2,Empty,1236,0,1236,0
202505,7,4,2,Loaded,2650,2650,0,19273
202504,6,1,1,Empty,1653,0,1653,0
202504,3,1,1,Empty,133,0,133,0
202504,1,1,1,Empty,137,0,137,0
202504,2,1,1,Empty,672,0,672,0
202504,5,1,1,Empty,101,0,101,0
202504,9,1,1,Empty,7,0,7,0
202504,6,1,1,Loaded,4524,4524,0,79910
202504,3,1,1,Loaded,1037,1037,0,18144
202504,1,1,1,Loaded,276,276,0,5066
202504,4,1,1,Loaded,273,273,0,5555
202504,2,1,1,Loaded,1632,1632,0,29582
202504,8,1,1,Loaded,174,174,0,3126
202504,5,1,1,Loaded,571,571,0,10089
202504,9,1,1,Loaded,725,725,0,15329
202504,6,2,1,Empty,36,0,36,0
202504,3,2,1,Empty,11,0,11,0
202504,2,2,1,Empty,27,0,27,0
202504,5,2,1,Empty,4,0,4,0
202504,6,2,1,Loaded,1661,1661,0,25722
202504,3,2,1,Loaded,175,175,0,2255
202504,1,2,1,Loaded,43,43,0,601
202504,4,2,1,Loaded,41,41,0,616
202504,2,2,1,Loaded,325,325,0,4572
202504,8,2,1,Loaded,21,21,0,341
202504,5,2,1,Loaded,375,375,0,5742
202504,9,2,1,Loaded,18,18,0,263
202504,6,3,1,Empty,1840,0,1840,0
202504,3,3,1,Empty,142,0,142,0
202504,1,3,1,Empty,78,0,78,0
202504,2,3,1,Empty,822,0,822,0
202504,8,3,1,Empty,82,0,82,0
202504,5,3,1,Empty,88,0,88,0
202504,9,3,1,Empty,8,0,8,0
202504,6,3,1,Loaded,17376,17376,0,192862
202504,3,3,1,Loaded,2144,2144,0,24615
202504,1,3,1,Loaded,938,938,0,11808
202504,4,3,1,Loaded,604,604,0,6950
202504,2,3,1,Loaded,5186,5186,0,64784
202504,8,3,1,Loaded,334,334,0,4437
202504,5,3,1,Loaded,3954,3954,0,49376
202504,9,3,1,Loaded,1070,1070,0,14322
202504,6,4,1,Empty,178,0,178,0
202504,3,4,1,Empty,164,0,164,0
202504,1,4,1,Empty,4,0,4,0
202504,4,4,1,Empty,40,0,40,0
202504,2,4,1,Empty,66,0,66,0
202504,8,4,1,Empty,12,0,12,0
202504,5,4,1,Empty,58,0,58,0
202504,6,4,1,Loaded,17508,17508,0,196316
202504,3,4,1,Loaded,7500,7500,0,87933
202504,1,4,1,Loaded,486,486,0,5682
202504,4,4,1,Loaded,888,888,0,10093
202504,2,4,1,Loaded,2164,2164,0,26251
202504,8,4,1,Loaded,492,492,0,5880
202504,5,4,1,Loaded,4412,4412,0,53050
202504,9,4,1,Loaded,390,390,0,4679
202504,6,1,2,Empty,450,0,450,0
202504,3,1,2,Empty,20,0,20,0
202504,1,1,2,Empty,12,0,12,0
202504,4,1,2,Empty,227,0,227,0
202504,2,1,2,Empty,4,0,4,0
202504,6,1,2,Loaded,3466,3466,0,58325
202504,3,1,2,Loaded,576,576,0,10496
202504,1,1,2,Loaded,499,499,0,7874
202504,4,1,2,Loaded,68,68,0,1052
202504,2,1,2,Loaded,1817,1817,0,28569
202504,8,1,2,Loaded,160,160,0,3511
202504,5,1,2,Loaded,216,216,0,4039
202504,9,1,2,Loaded,215,215,0,4344
202504,6,2,2,Empty,1193,0,1193,0
202504,3,2,2,Empty,138,0,138,0
202504,1,2,2,Empty,60,0,60,0
202504,4,2,2,Empty,15,0,15,0
202504,2,2,2,Empty,244,0,244,0
202504,8,2,2,Empty,58,0,58,0
202504,5,2,2,Empty,255,0,255,0
202504,9,2,2,Empty,2,0,2,0
202504,6,2,2,Loaded,100,100,0,976
202504,3,2,2,Loaded,5,5,0,52
202504,1,2,2,Loaded,5,5,0,35
202504,4,2,2,Loaded,7,7,0,112
202504,2,2,2,Loaded,59,59,0,407
202504,5,2,2,Loaded,2,2,0,35
202504,9,2,2,Loaded,2,2,0,15
202504,6,3,2,Empty,6320,0,6320,0
202504,3,3,2,Empty,202,0,202,0
202504,1,3,2,Empty,50,0,50,0
202504,4,3,2,Empty,1064,0,1064,0
202504,2,3,2,Empty,710,0,710,0
202504,8,3,2,Empty,626,0,626,0
202504,5,3,2,Empty,2108,0,2108,0
202504,9,3,2,Empty,328,0,328,0
202504,6,3,2,Loaded,8062,8062,0,62347
202504,3,3,2,Loaded,964,964,0,8508
202504,1,3,2,Loaded,962,962,0,6249
202504,4,3,2,Loaded,204,204,0,1700
202504,2,3,2,Loaded,4398,4398,0,33533
202504,8,3,2,Loaded,58,58,0,460
202504,5,3,2,Loaded,504,504,0,4309
202504,9,3,2,Loaded,118,118,0,943
202504,6,4,2,Empty,9508,0,9508,0
202504,3,4,2,Empty,7114,0,7114,0
202504,1,4,2,Empty,524,0,524,0
202504,4,4,2,Empty,2132,0,2132,0
202504,2,4,2,Empty,2492,0,2492,0
202504,8,4,2,Empty,1612,0,1612,0
202504,5,4,2,Empty,1752,0,1752,0
202504,9,4,2,Empty,330,0,330,0
202504,6,4,2,Loaded,1856,1856,0,15804
202504,3,4,2,Loaded,196,196,0,2035
202504,1,4,2,Loaded,62,62,0,442
202504,4,4,2,Loaded,120,120,0,771
202504,2,4,2,Loaded,550,550,0,4235
202504,8,4,2,Loaded,4,4,0,42
202504,5,4,2,Loaded,40,40,0,404
202504,7,1,1,Empty,1894,0,1894,0
202504,7,1,1,Loaded,2395,2395,0,42880
202504,7,2,1,Empty,8,0,8,0
202504,7,2,1,Loaded,160,160,0,1660
202504,7,3,1,Empty,3668,0,3668,0
202504,7,3,1,Loaded,3814,3814,0,33817
202504,7,4,1,Empty,20,0,20,0
202504,7,4,1,Loaded,448,448,0,4651
202504,7,1,2,Empty,259,0,259,0
202504,7,1,2,Loaded,8300,8300,0,112216
202504,7,2,2,Empty,104,0,104,0
202504,7,2,2,Loaded,528,528,0,4060
202504,7,3,2,Empty,334,0,334,0
202504,7,3,2,Loaded,20100,20100,0,132262
202504,7,4,2,Empty,736,0,736,0
202504,7,4,2,Loaded,2464,2464,0,17839
202503,6,1,1,Empty,2492,0,2492,0
202503,3,1,1,Empty,109,0,109,0
202503,1,1,1,Empty,337,0,337,0
202503,4,1,1,Empty,7,0,7,0
202503,2,1,1,Empty,433,0,433,0
202503,8,1,1,Empty,9,0,9,0
202503,5,1,1,Empty,38,0,38,0
202503,9,1,1,Empty,18,0,18,0
202503,6,1,1,Loaded,5776,5776,0,105350
202503,3,1,1,Loaded,999,999,0,18082
202503,1,1,1,Loaded,521,521,0,9985
202503,4,1,1,Loaded,657,657,0,14079
202503,2,1,1,Loaded,1713,1713,0,31452
202503,8,1,1,Loaded,141,141,0,2615
202503,5,1,1,Loaded,576,576,0,10433
202503,9,1,1,Loaded,1176,1176,0,25852
202503,6,2,1,Empty,34,0,34,0
202503,3,2,1,Empty,1,0,1,0
202503,2,2,1,Empty,21,0,21,0
202503,8,2,1,Empty,4,0,4,0
202503,5,2,1,Empty,6,0,6,0
202503,6,2,1,Loaded,2350,2350,0,36490
202503,3,2,1,Loaded,173,173,0,2395
202503,1,2,1,Loaded,83,83,0,1169
202503,4,2,1,Loaded,77,77,0,1056
202503,2,2,1,Loaded,272,272,0,3727
202503,8,2,1,Loaded,21,21,0,343
202503,5,2,1,Loaded,355,355,0,5509
202503,9,2,1,Loaded,26,26,0,375
202503,6,3,1,Empty,2164,0,2164,0
202503,3,3,1,Empty,100,0,100,0
202503,1,3,1,Empty,386,0,386,0
202503,4,3,1,Empty,20,0,20,0
202503,2,3,1,Empty,658,0,658,0
202503,8,3,1,Empty,40,0,40,0
202503,5,3,1,Empty,34,0,34,0
202503,9,3,1,Empty,2,0,2,0
202503,6,3,1,Loaded,20082,20082,0,225528
202503,3,3,1,Loaded,3340,3340,0,39516
202503,1,3,1,Loaded,1292,1292,0,16919
202503,4,3,1,Loaded,812,812,0,9780
202503,2,3,1,Loaded,5066,5066,0,63455
202503,8,3,1,Loaded,666,666,0,8843
202503,5,3,1,Loaded,4470,4470,0,56263
202503,9,3,1,Loaded,1612,1612,0,21417
202503,6,4,1,Empty,174,0,174,0
202503,3,4,1,Empty,36,0,36,0
202503,4,4,1,Empty,16,0,16,0
202503,2,4,1,Empty,96,0,96,0
202503,8,4,1,Empty,100,0,100,0
202503,5,4,1,Empty,46,0,46,0
202503,6,4,1,Loaded,15374,15374,0,176476
202503,3,4,1,Loaded,5782,5782,0,67191
202503,1,4,1,Loaded,572,572,0,6495
202503,4,4,1,Loaded,780,780,0,9231
202503,2,4,1,Loaded,2316,2316,0,28339
202503,8,4,1,Loaded,542,542,0,6506
202503,5,4,1,Loaded,3210,3210,0,38956
202503,9,4,1,Loaded,432,432,0,5087
202503,6,1,2,Empty,657,0,657,0
202503,3,1,2,Empty,75,0,75,0
202503,1,1,2,Empty,90,0,90,0
202503,4,1,2,Empty,558,0,558,0
202503,2,1,2,Empty,170,0,170,0
202503,5,1,2,Empty,69,0,69,0
202503,9,1,2,Empty,1026,0,1026,0
202503,6,1,2,Loaded,3707,3707,0,62517
202503,3,1,2,Loaded,613,613,0,12561
202503,1,1,2,Loaded,863,863,0,13490
202503,4,1,2,Loaded,139,139,0,2441
202503,2,1,2,Loaded,1774,1774,0,26849
202503,8,1,2,Loaded,86,86,0,1800
202503,5,1,2,Loaded,204,204,0,3849
202503,9,1,2,Loaded,599,599,0,12669
202503,6,2,2,Empty,987,0,987,0
202503,3,2,2,Empty,316,0,316,0
202503,1,2,2,Empty,244,0,244,0
202503,4,2,2,Empty,88,0,88,0
202503,2,2,2,Empty,466,0,466,0
202503,5,2,2,Empty,388,0,388,0
202503,9,2,2,Empty,50,0,50,0
202503,6,2,2,Loaded,89,89,0,584
202503,3,2,2,Loaded,7,7,0,55
202503,1,2,2,Loaded,9,9,0,44
202503,2,2,2,Loaded,68,68,0,614
202503,5,2,2,Loaded,1,1,0,12
202503,6,3,2,Empty,5898,0,5898,0
202503,3,3,2,Empty,150,0,150,0
202503,1,3,2,Empty,200,0,200,0
202503,4,3,2,Empty,524,0,524,0
202503,8,3,2,Empty,926,0,926,0
202503,5,3,2,Empty,1812,0,1812,0
202503,9,3,2,Empty,766,0,766,0
202503,6,3,2,Loaded,8910,8910,0,74427
202503,3,3,2,Loaded,708,708,0,6515
202503,1,3,2,Loaded,1448,1448,0,9181
202503,4,3,2,Loaded,314,314,0,2726
202503,2,3,2,Loaded,4256,4256,0,31137
202503,8,3,2,Loaded,38,38,0,223
202503,5,3,2,Loaded,542,542,0,5109
202503,9,3,2,Loaded,312,312,0,2671
202503,6,4,2,Empty,9146,0,9146,0
202503,3,4,2,Empty,4344,0,4344,0
202503,1,4,2,Empty,418,0,418,0
202503,4,4,2,Empty,1780,0,1780,0
202503,2,4,2,Empty,2236,0,2236,0
202503,8,4,2,Empty,1288,0,1288,0
202503,5,4,2,Empty,2098,0,2098,0
202503,9,4,2,Empty,740,0,740,0
202503,6,4,2,Loaded,1994,1994,0,17566
202503,3,4,2,Loaded,106,106,0,1122
202503,1,4,2,Loaded,110,110,0,756
202503,4,4,2,Loaded,186,186,0,1256
202503,2,4,2,Loaded,488,488,0,3272
202503,8,4,2,Loaded,2,2,0,25
202503,5,4,2,Loaded,50,50,0,427
202503,9,4,2,Loaded,2,2,0,24
202503,7,1,1,Empty,2407,0,2407,0
202503,7,1,1,Loaded,2426,2426,0,42254
202503,7,2,1,Empty,6,0,6,0
202503,7,2,1,Loaded,204,204,0,2062
202503,7,3,1,Empty,5074,0,5074,0
202503,7,3,1,Loaded,4108,4108,0,34840
202503,7,4,1,Empty,42,0,42,0
202503,7,4,1,Loaded,598,598,0,6249
202503,7,1,2,Empty,398,0,398,0
202503,7,1,2,Loaded,8795,8795,0,123342
202503,7,2,2,Empty,426,0,426,0
202503,7,2,2,Loaded,522,522,0,4207
202503,7,3,2,Empty,58,0,58,0
202503,7,3,2,Loaded,21268,21268,0,141338
202503,7,4,2,Empty,1268,0,1268,0
202503,7,4,2,Loaded,2486,2486,0,18145
202502,6,1,1,Empty,1635,0,1635,0
202502,3,1,1,Empty,38,0,38,0
202502,1,1,1,Empty,246,0,246,0
202502,4,1,1,Empty,117,0,117,0
202502,2,1,1,Empty,707,0,707,0
202502,8,1,1,Empty,47,0,47,0
202502,5,1,1,Empty,122,0,122,0
202502,6,1,1,Loaded,5339,5339,0,99246
202502,3,1,1,Loaded,1044,1044,0,18649
202502,1,1,1,Loaded,247,247,0,4258
202502,4,1,1,Loaded,453,453,0,9282
202502,2,1,1,Loaded,1624,1624,0,29291
202502,8,1,1,Loaded,57,57,0,1016
202502,5,1,1,Loaded,615,615,0,11099
202502,9,1,1,Loaded,564,564,0,12201
202502,6,2,1,Empty,12,0,12,0
202502,1,2,1,Empty,4,0,4,0
202502,4,2,1,Empty,6,0,6,0
202502,6,2,1,Loaded,2058,2058,0,32474
202502,3,2,1,Loaded,155,155,0,2093
202502,1,2,1,Loaded,62,62,0,842
202502,4,2,1,Loaded,47,47,0,704
202502,2,2,1,Loaded,300,300,0,4176
202502,8,2,1,Loaded,13,13,0,217
202502,5,2,1,Loaded,369,369,0,5737
202502,9,2,1,Loaded,4,4,0,59
202502,6,3,1,Empty,2344,0,2344,0
202502,3,3,1,Empty,144,0,144,0
202502,1,3,1,Empty,84,0,84,0
202502,4,3,1,Empty,50,0,50,0
202502,2,3,1,Empty,374,0,374,0
202502,8,3,1,Empty,36,0,36,0
202502,5,3,1,Empty,40,0,40,0
202502,6,3,1,Loaded,18456,18456,0,210359
202502,3,3,1,Loaded,2974,2974,0,35614
202502,1,3,1,Loaded,644,644,0,8420
202502,4,3,1,Loaded,454,454,0,5105
202502,2,3,1,Loaded,6470,6470,0,80390
202502,8,3,1,Loaded,560,560,0,7135
202502,5,3,1,Loaded,4212,4212,0,53237
202502,9,3,1,Loaded,980,980,0,13128
202502,6,4,1,Empty,278,0,278,0
202502,3,4,1,Empty,44,0,44,0
202502,1,4,1,Empty,2,0,2,0
202502,4,4,1,Empty,166,0,166,0
202502,2,4,1,Empty,6,0,6,0
202502,8,4,1,Empty,98,0,98,0
202502,5,4,1,Empty,38,0,38,0
202502,6,4,1,Loaded,9060,9060,0,106948
202502,3,4,1,Loaded,4216,4216,0,52289
202502,1,4,1,Loaded,464,464,0,5240
202502,4,4,1,Loaded,210,210,0,2463
202502,2,4,1,Loaded,2078,2078,0,24854
202502,8,4,1,Loaded,854,854,0,10231
202502,5,4,1,Loaded,2606,2606,0,30978
202502,9,4,1,Loaded,148,148,0,1723
202502,6,1,2,Empty,636,0,636,0
202502,3,1,2,Empty,75,0,75,0
202502,4,1,2,Empty,790,0,790,0
202502,5,1,2,Empty,30,0,30,0
202502,9,1,2,Empty,476,0,476,0
202502,6,1,2,Loaded,3175,3175,0,52908
202502,3,1,2,Loaded,577,577,0,10542
202502,1,1,2,Loaded,530,530,0,7428
202502,4,1,2,Loaded,135,135,0,2425
202502,2,1,2,Loaded,2086,2086,0,31492
202502,8,1,2,Loaded,95,95,0,1974
202502,5,1,2,Loaded,310,310,0,6473
202502,9,1,2,Loaded,261,261,0,4174
202502,6,2,2,Empty,1223,0,1223,0
202502,3,2,2,Empty,138,0,138,0
202502,1,2,2,Empty,167,0,167,0
202502,4,2,2,Empty,209,0,209,0
202502,2,2,2,Empty,517,0,517,0
202502,8,2,2,Empty,43,0,43,0
202502,5,2,2,Empty,372,0,372,0
202502,9,2,2,Empty,38,0,38,0
202502,6,2,2,Loaded,93,93,0,868
202502,3,2,2,Loaded,11,11,0,95
202502,1,2,2,Loaded,5,5,0,19
202502,4,2,2,Loaded,1,1,0,4
202502,2,2,2,Loaded,61,61,0,366
202502,6,3,2,Empty,7502,0,7502,0
202502,3,3,2,Empty,6,0,6,0
202502,1,3,2,Empty,192,0,192,0
202502,4,3,2,Empty,1284,0,1284,0
202502,2,3,2,Empty,426,0,426,0
202502,8,3,2,Empty,400,0,400,0
202502,5,3,2,Empty,2170,0,2170,0
202502,9,3,2,Empty,704,0,704,0
202502,6,3,2,Loaded,8248,8248,0,66081
202502,3,3,2,Loaded,950,950,0,7056
202502,1,3,2,Loaded,1112,1112,0,7782
202502,4,3,2,Loaded,276,276,0,1617
202502,2,3,2,Loaded,5280,5280,0,37490
202502,8,3,2,Loaded,44,44,0,324
202502,5,3,2,Loaded,438,438,0,3272
202502,9,3,2,Loaded,238,238,0,1710
202502,6,4,2,Empty,3726,0,3726,0
202502,3,4,2,Empty,3878,0,3878,0
202502,1,4,2,Empty,332,0,332,0
202502,4,4,2,Empty,376,0,376,0
202502,2,4,2,Empty,1090,0,1090,0
202502,8,4,2,Empty,2076,0,2076,0
202502,5,4,2,Empty,1230,0,1230,0
202502,9,4,2,Empty,140,0,140,0
202502,6,4,2,Loaded,1750,1750,0,15438
202502,3,4,2,Loaded,270,270,0,2836
202502,1,4,2,Loaded,60,60,0,423
202502,4,4,2,Loaded,162,162,0,1111
202502,2,4,2,Loaded,514,514,0,4134
202502,8,4,2,Loaded,2,2,0,8
202502,5,4,2,Loaded,52,52,0,447
202502,7,1,1,Empty,1508,0,1508,0
202502,7,1,1,Loaded,2143,2143,0,35252
202502,7,2,1,Empty,21,0,21,0
202502,7,2,1,Loaded,222,222,0,2480
202502,7,3,1,Empty,3722,0,3722,0
202502,7,3,1,Loaded,3856,3856,0,31036
202502,7,4,1,Empty,18,0,18,0
202502,7,4,1,Loaded,504,504,0,4251
202502,7,1,2,Empty,164,0,164,0
202502,7,1,2,Loaded,8405,8405,0,113401
202502,7,2,2,Empty,226,0,226,0
202502,7,2,2,Loaded,401,401,0,2644
202502,7,3,2,Empty,586,0,586,0
202502,7,3,2,Loaded,20310,20310,0,130259
202502,7,4,2,Empty,860,0,860,0
202502,7,4,2,Loaded,2886,2886,0,20362
202501,6,1,1,Empty,2279,0,2279,0
202501,3,1,1,Empty,261,0,261,0
202501,1,1,1,Empty,290,0,290,0
202501,4,1,1,Empty,37,0,37,0
202501,2,1,1,Empty,485,0,485,0
202501,8,1,1,Empty,1,0,1,0
202501,9,1,1,Empty,7,0,7,0
202501,6,1,1,Loaded,4558,4558,0,83325
202501,3,1,1,Loaded,766,766,0,13675
202501,1,1,1,Loaded,268,268,0,4781
202501,4,1,1,Loaded,270,270,0,5561
202501,2,1,1,Loaded,1235,1235,0,22010
202501,8,1,1,Loaded,77,77,0,1335
202501,5,1,1,Loaded,796,796,0,14306
202501,9,1,1,Loaded,724,724,0,15651
202501,6,2,1,Empty,138,0,138,0
202501,3,2,1,Empty,1,0,1,0
202501,1,2,1,Empty,3,0,3,0
202501,2,2,1,Empty,17,0,17,0
202501,5,2,1,Empty,29,0,29,0
202501,6,2,1,Loaded,1738,1738,0,27396
202501,3,2,1,Loaded,135,135,0,1933
202501,1,2,1,Loaded,46,46,0,619
202501,4,2,1,Loaded,42,42,0,605
202501,2,2,1,Loaded,235,235,0,3328
202501,8,2,1,Loaded,16,16,0,280
202501,5,2,1,Loaded,289,289,0,4381
202501,9,2,1,Loaded,12,12,0,188
202501,6,3,1,Empty,4036,0,4036,0
202501,3,3,1,Empty,242,0,242,0
202501,1,3,1,Empty,392,0,392,0
202501,4,3,1,Empty,10,0,10,0
202501,2,3,1,Empty,1226,0,1226,0
202501,8,3,1,Empty,36,0,36,0
202501,5,3,1,Empty,86,0,86,0
202501,9,3,1,Empty,6,0,6,0
202501,6,3,1,Loaded,17286,17286,0,200392
202501,3,3,1,Loaded,2380,2380,0,28250
202501,1,3,1,Loaded,1206,1206,0,16353
202501,4,3,1,Loaded,388,388,0,4555
202501,2,3,1,Loaded,5398,5398,0,68644
202501,8,3,1,Loaded,620,620,0,7823
202501,5,3,1,Loaded,3824,3824,0,48470
202501,9,3,1,Loaded,1180,1180,0,15693
202501,6,4,1,Empty,224,0,224,0
202501,3,4,1,Empty,50,0,50,0
202501,4,4,1,Empty,6,0,6,0
202501,2,4,1,Empty,96,0,96,0
202501,8,4,1,Empty,14,0,14,0
202501,5,4,1,Empty,42,0,42,0
202501,6,4,1,Loaded,8024,8024,0,94553
202501,3,4,1,Loaded,1574,1574,0,19544
202501,1,4,1,Loaded,598,598,0,6598
202501,4,4,1,Loaded,190,190,0,2368
202501,2,4,1,Loaded,1536,1536,0,18669
202501,8,4,1,Loaded,844,844,0,10030
202501,5,4,1,Loaded,1788,1788,0,20964
202501,9,4,1,Loaded,360,360,0,4303
202501,6,1,2,Empty,376,0,376,0
202501,3,1,2,Empty,93,0,93,0
202501,1,1,2,Empty,319,0,319,0
202501,4,1,2,Empty,252,0,252,0
202501,2,1,2,Empty,10,0,10,0
202501,5,1,2,Empty,39,0,39,0
202501,9,1,2,Empty,720,0,720,0
202501,6,1,2,Loaded,2941,2941,0,49010
202501,3,1,2,Loaded,448,448,0,8017
202501,1,1,2,Loaded,683,683,0,10265
202501,4,1,2,Loaded,114,114,0,1952
202501,2,1,2,Loaded,1719,1719,0,25623
202501,8,1,2,Loaded,184,184,0,3800
202501,5,1,2,Loaded,188,188,0,3565
202501,9,1,2,Loaded,345,345,0,6722
202501,6,2,2,Empty,761,0,761,0
202501,3,2,2,Empty,105,0,105,0
202501,1,2,2,Empty,98,0,98,0
202501,4,2,2,Empty,188,0,188,0
202501,2,2,2,Empty,105,0,105,0
202501,8,2,2,Empty,184,0,184,0
202501,5,2,2,Empty,275,0,275,0
202501,9,2,2,Empty,10,0,10,0
202501,6,2,2,Loaded,104,104,0,1122
202501,3,2,2,Loaded,8,8,0,68
202501,1,2,2,Loaded,11,11,0,52
202501,4,2,2,Loaded,5,5,0,59
202501,2,2,2,Loaded,72,72,0,370
202501,6,3,2,Empty,6304,0,6304,0
202501,3,3,2,Empty,2,0,2,0
202501,1,3,2,Empty,4,0,4,0
202501,4,3,2,Empty,270,0,270,0
202501,8,3,2,Empty,1000,0,1000,0
202501,5,3,2,Empty,1786,0,1786,0
202501,9,3,2,Empty,300,0,300,0
202501,6,3,2,Loaded,7104,7104,0,57262
202501,3,3,2,Loaded,1046,1046,0,8964
202501,1,3,2,Loaded,1340,1340,0,7894
202501,4,3,2,Loaded,268,268,0,1723
202501,2,3,2,Loaded,3572,3572,0,25911
202501,8,3,2,Loaded,94,94,0,691
202501,5,3,2,Loaded,534,534,0,4828
202501,9,3,2,Loaded,102,102,0,872
202501,6,4,2,Empty,7472,0,7472,0
202501,3,4,2,Empty,1618,0,1618,0
202501,1,4,2,Empty,334,0,334,0
202501,4,4,2,Empty,598,0,598,0
202501,2,4,2,Empty,1340,0,1340,0
202501,8,4,2,Empty,1410,0,1410,0
202501,5,4,2,Empty,1364,0,1364,0
202501,9,4,2,Empty,188,0,188,0
202501,6,4,2,Loaded,1610,1610,0,14850
202501,3,4,2,Loaded,274,274,0,2803
202501,1,4,2,Loaded,118,118,0,845
202501,4,4,2,Loaded,250,250,0,1686
202501,2,4,2,Loaded,422,422,0,3082
202501,8,4,2,Loaded,2,2,0,25
202501,5,4,2,Loaded,82,82,0,777
202501,7,1,1,Empty,2115,0,2115,0
202501,7,1,1,Loaded,1878,1878,0,33034
202501,7,2,1,Empty,5,0,5,0
202501,7,2,1,Loaded,211,211,0,2504
202501,7,3,1,Empty,4572,0,4572,0
202501,7,3,1,Loaded,3096,3096,0,26191
202501,7,4,1,Empty,24,0,24,0
202501,7,4,1,Loaded,398,398,0,3573
202501,7,1,2,Empty,388,0,388,0
202501,7,1,2,Loaded,7876,7876,0,110413
202501,7,2,2,Empty,169,0,169,0
202501,7,2,2,Loaded,446,446,0,3163
202501,7,3,2,Empty,206,0,206,0
202501,7,3,2,Loaded,18892,18892,0,126222
202501,7,4,2,Empty,326,0,326,0
202501,7,4,2,Loaded,2698,2698,0,19417
202412,6,1,1,Empty,2124,0,2124,0
202412,3,1,1,Empty,28,0,28,0
202412,1,1,1,Empty,247,0,247,0
202412,4,1,1,Empty,10,0,10,0
202412,2,1,1,Empty,479,0,479,0
202412,8,1,1,Empty,3,0,3,0
202412,5,1,1,Empty,176,0,176,0
202412,9,1,1,Empty,3,0,3,0
202412,6,1,1,Loaded,5430,5430,0,97799
202412,3,1,1,Loaded,1196,1196,0,21577
202412,1,1,1,Loaded,371,371,0,6659
202412,4,1,1,Loaded,416,416,0,9104
202412,2,1,1,Loaded,1903,1903,0,34485
202412,8,1,1,Loaded,89,89,0,1615
202412,5,1,1,Loaded,594,594,0,10605
202412,9,1,1,Loaded,563,563,0,12402
202412,6,2,1,Empty,8,0,8,0
202412,2,2,1,Empty,7,0,7,0
202412,5,2,1,Empty,3,0,3,0
202412,6,2,1,Loaded,2101,2101,0,32834
202412,3,2,1,Loaded,196,196,0,2493
202412,1,2,1,Loaded,50,50,0,661
202412,4,2,1,Loaded,51,51,0,726
202412,2,2,1,Loaded,354,354,0,5125
202412,8,2,1,Loaded,9,9,0,113
202412,5,2,1,Loaded,421,421,0,6603
202412,9,2,1,Loaded,8,8,0,123
202412,6,3,1,Empty,2468,0,2468,0
202412,3,3,1,Empty,102,0,102,0
202412,1,3,1,Empty,376,0,376,0
202412,4,3,1,Empty,16,0,16,0
202412,2,3,1,Empty,1054,0,1054,0
202412,8,3,1,Empty,14,0,14,0
202412,5,3,1,Empty,26,0,26,0
202412,9,3,1,Empty,78,0,78,0
202412,6,3,1,Loaded,21136,21136,0,242909
202412,3,3,1,Loaded,2042,2042,0,23694
202412,1,3,1,Loaded,1034,1034,0,13423
202412,4,3,1,Loaded,678,678,0,8098
202412,2,3,1,Loaded,7990,7990,0,98475
202412,8,3,1,Loaded,1024,1024,0,13229
202412,5,3,1,Loaded,4372,4372,0,55251
202412,9,3,1,Loaded,1136,1136,0,15168
202412,6,4,1,Empty,16,0,16,0
202412,3,4,1,Empty,10,0,10,0
202412,1,4,1,Empty,6,0,6,0
202412,4,4,1,Empty,8,0,8,0
202412,2,4,1,Empty,34,0,34,0
202412,8,4,1,Empty,4,0,4,0
202412,5,4,1,Empty,30,0,30,0
202412,6,4,1,Loaded,8356,8356,0,97881
202412,3,4,1,Loaded,1174,1174,0,13374
202412,1,4,1,Loaded,616,616,0,6735
202412,4,4,1,Loaded,212,212,0,2310
202412,2,4,1,Loaded,2310,2310,0,27883
202412,8,4,1,Loaded,680,680,0,8109
202412,5,4,1,Loaded,2562,2562,0,30410
202412,9,4,1,Loaded,308,308,0,3738
202412,6,1,2,Empty,479,0,479,0
202412,3,1,2,Empty,1,0,1,0
202412,1,1,2,Empty,1,0,1,0
202412,4,1,2,Empty,368,0,368,0
202412,2,1,2,Empty,12,0,12,0
202412,8,1,2,Empty,64,0,64,0
202412,5,1,2,Empty,15,0,15,0
202412,9,1,2,Empty,218,0,218,0
202412,6,1,2,Loaded,3110,3110,0,49631
202412,3,1,2,Loaded,364,364,0,6644
202412,1,1,2,Loaded,578,578,0,8682
202412,4,1,2,Loaded,118,118,0,1911
202412,2,1,2,Loaded,2159,2159,0,31908
202412,8,1,2,Loaded,117,117,0,2551
202412,5,1,2,Loaded,282,282,0,5656
202412,9,1,2,Loaded,234,234,0,4657
202412,6,2,2,Empty,821,0,821,0
202412,1,2,2,Empty,107,0,107,0
202412,4,2,2,Empty,2,0,2,0
202412,2,2,2,Empty,349,0,349,0
202412,8,2,2,Empty,54,0,54,0
202412,5,2,2,Empty,106,0,106,0
202412,6,2,2,Loaded,137,137,0,1341
202412,3,2,2,Loaded,7,7,0,55
202412,1,2,2,Loaded,11,11,0,95
202412,4,2,2,Loaded,1,1,0,0
202412,2,2,2,Loaded,160,160,0,1638
202412,5,2,2,Loaded,5,5,0,40
202412,6,3,2,Empty,7436,0,7436,0
202412,4,3,2,Empty,520,0,520,0
202412,8,3,2,Empty,746,0,746,0
202412,5,3,2,Empty,1780,0,1780,0
202412,9,3,2,Empty,200,0,200,0
202412,6,3,2,Loaded,9284,9284,0,73800
202412,3,3,2,Loaded,532,532,0,4316
202412,1,3,2,Loaded,1370,1370,0,8964
202412,4,3,2,Loaded,200,200,0,1224
202412,2,3,2,Loaded,5048,5048,0,37331
202412,8,3,2,Loaded,68,68,0,788
202412,5,3,2,Loaded,610,610,0,4865
202412,9,3,2,Loaded,74,74,0,552
202412,6,4,2,Empty,5808,0,5808,0
202412,3,4,2,Empty,656,0,656,0
202412,1,4,2,Empty,468,0,468,0
202412,4,4,2,Empty,420,0,420,0
202412,2,4,2,Empty,1966,0,1966,0
202412,8,4,2,Empty,1684,0,1684,0
202412,5,4,2,Empty,1372,0,1372,0
202412,9,4,2,Empty,180,0,180,0
202412,6,4,2,Loaded,2228,2228,0,19605
202412,3,4,2,Loaded,144,144,0,1279
202412,1,4,2,Loaded,98,98,0,652
202412,4,4,2,Loaded,308,308,0,2200
202412,2,4,2,Loaded,706,706,0,4796
202412,8,4,2,Loaded,4,4,0,18
202412,5,4,2,Loaded,178,178,0,1722
202412,7,1,1,Empty,2481,0,2481,0
202412,7,1,1,Loaded,2302,2302,0,39604
202412,7,2,1,Empty,11,0,11,0
202412,7,2,1,Loaded,167,167,0,1459
202412,7,3,1,Empty,5322,0,5322,0
202412,7,3,1,Loaded,4272,4272,0,39006
202412,7,4,1,Empty,28,0,28,0
202412,7,4,1,Loaded,398,398,0,3809
202412,7,1,2,Empty,420,0,420,0
202412,7,1,2,Loaded,9084,9084,0,120041
202412,7,2,2,Empty,116,0,116,0
202412,7,2,2,Loaded,558,558,0,4196
202412,7,3,2,Empty,308,0,308,0
202412,7,3,2,Loaded,23286,23286,0,154094
202412,7,4,2,Empty,278,0,278,0
202412,7,4,2,Loaded,3408,3408,0,24326
202411,6,1,1,Empty,3119,0,3119,0
202411,3,1,1,Empty,371,0,371,0
202411,1,1,1,Empty,198,0,198,0
202411,4,1,1,Empty,63,0,63,0
202411,2,1,1,Empty,623,0,623,0
202411,8,1,1,Empty,64,0,64,0
202411,5,1,1,Empty,7,0,7,0
202411,6,1,1,Loaded,5401,5401,0,95649
202411,3,1,1,Loaded,1401,1401,0,25340
202411,1,1,1,Loaded,256,256,0,4637
202411,4,1,1,Loaded,386,386,0,8178
202411,2,1,1,Loaded,1361,1361,0,25020
202411,8,1,1,Loaded,56,56,0,1046
202411,5,1,1,Loaded,682,682,0,12158
202411,9,1,1,Loaded,678,678,0,14666
202411,6,2,1,Empty,103,0,103,0
202411,3,2,1,Empty,12,0,12,0
202411,1,2,1,Empty,1,0,1,0
202411,4,2,1,Empty,16,0,16,0
202411,2,2,1,Empty,8,0,8,0
202411,5,2,1,Empty,4,0,4,0
202411,9,2,1,Empty,15,0,15,0
202411,6,2,1,Loaded,1943,1943,0,30192
202411,3,2,1,Loaded,197,197,0,2450
202411,1,2,1,Loaded,38,38,0,449
202411,4,2,1,Loaded,68,68,0,1022
202411,2,2,1,Loaded,391,391,0,5528
202411,8,2,1,Loaded,11,11,0,170
202411,5,2,1,Loaded,416,416,0,6221
202411,9,2,1,Loaded,13,13,0,196
202411,6,3,1,Empty,2770,0,2770,0
202411,3,3,1,Empty,106,0,106,0
202411,1,3,1,Empty,360,0,360,0
202411,4,3,1,Empty,30,0,30,0
202411,2,3,1,Empty,746,0,746,0
202411,8,3,1,Empty,170,0,170,0
202411,5,3,1,Empty,32,0,32,0
202411,9,3,1,Empty,20,0,20,0
202411,6,3,1,Loaded,23936,23936,0,274224
202411,3,3,1,Loaded,2198,2198,0,25506
202411,1,3,1,Loaded,1038,1038,0,13593
202411,4,3,1,Loaded,492,492,0,5515
202411,2,3,1,Loaded,5554,5554,0,68462
202411,8,3,1,Loaded,570,570,0,7592
202411,5,3,1,Loaded,4336,4336,0,54550
202411,9,3,1,Loaded,1466,1466,0,19523
202411,6,4,1,Empty,340,0,340,0
202411,3,4,1,Empty,26,0,26,0
202411,4,4,1,Empty,26,0,26,0
202411,2,4,1,Empty,38,0,38,0
202411,8,4,1,Empty,42,0,42,0
202411,5,4,1,Empty,58,0,58,0
202411,6,4,1,Loaded,8284,8284,0,96241
202411,3,4,1,Loaded,1148,1148,0,13391
202411,1,4,1,Loaded,494,494,0,5486
202411,4,4,1,Loaded,174,174,0,1960
202411,2,4,1,Loaded,1844,1844,0,22580
202411,8,4,1,Loaded,472,472,0,5590
202411,5,4,1,Loaded,2038,2038,0,24811
202411,9,4,1,Loaded,216,216,0,2575
202411,6,1,2,Empty,562,0,562,0
202411,1,1,2,Empty,1,0,1,0
202411,4,1,2,Empty,409,0,409,0
202411,2,1,2,Empty,3,0,3,0
202411,8,1,2,Empty,4,0,4,0
202411,5,1,2,Empty,44,0,44,0
202411,6,1,2,Loaded,3530,3530,0,58440
202411,3,1,2,Loaded,738,738,0,13545
202411,1,1,2,Loaded,592,592,0,8437
202411,4,1,2,Loaded,156,156,0,2913
202411,2,1,2,Loaded,1971,1971,0,30166
202411,8,1,2,Loaded,196,196,0,4383
202411,5,1,2,Loaded,323,323,0,6839
202411,9,1,2,Loaded,225,225,0,4466
202411,6,2,2,Empty,1739,0,1739,0
202411,3,2,2,Empty,354,0,354,0
202411,1,2,2,Empty,33,0,33,0
202411,4,2,2,Empty,14,0,14,0
202411,2,2,2,Empty,429,0,429,0
202411,8,2,2,Empty,100,0,100,0
202411,5,2,2,Empty,175,0,175,0
202411,9,2,2,Empty,3,0,3,0
202411,6,2,2,Loaded,142,142,0,985
202411,3,2,2,Loaded,32,32,0,472
202411,1,2,2,Loaded,8,8,0,54
202411,4,2,2,Loaded,7,7,0,127
202411,2,2,2,Loaded,162,162,0,1745
202411,5,2,2,Loaded,5,5,0,53
202411,6,3,2,Empty,7422,0,7422,0
202411,1,3,2,Empty,196,0,196,0
202411,4,3,2,Empty,1006,0,1006,0
202411,2,3,2,Empty,2,0,2,0
202411,8,3,2,Empty,420,0,420,0
202411,5,3,2,Empty,1250,0,1250,0
202411,9,3,2,Empty,936,0,936,0
202411,6,3,2,Loaded,9964,9964,0,81527
202411,3,3,2,Loaded,1230,1230,0,10447
202411,1,3,2,Loaded,1338,1338,0,8632
202411,4,3,2,Loaded,238,238,0,1071
202411,2,3,2,Loaded,4880,4880,0,36911
202411,8,3,2,Loaded,76,76,0,560
202411,5,3,2,Loaded,520,520,0,4405
202411,9,3,2,Loaded,118,118,0,1045
202411,6,4,2,Empty,4112,0,4112,0
202411,3,4,2,Empty,2294,0,2294,0
202411,1,4,2,Empty,246,0,246,0
202411,4,4,2,Empty,60,0,60,0
202411,2,4,2,Empty,1404,0,1404,0
202411,8,4,2,Empty,796,0,796,0
202411,5,4,2,Empty,1220,0,1220,0
202411,9,4,2,Empty,212,0,212,0
202411,6,4,2,Loaded,2182,2182,0,17931
202411,3,4,2,Loaded,390,390,0,3857
202411,1,4,2,Loaded,52,52,0,378
202411,4,4,2,Loaded,222,222,0,1579
202411,2,4,2,Loaded,876,876,0,5543
202411,5,4,2,Loaded,34,34,0,260
202411,9,4,2,Loaded,4,4,0,50
202411,7,1,1,Empty,2061,0,2061,0
202411,7,1,1,Loaded,2609,2609,0,44539
202411,7,2,1,Empty,164,0,164,0
202411,7,2,1,Loaded,255,255,0,2303
202411,7,3,1,Empty,2894,0,2894,0
202411,7,3,1,Loaded,4266,4266,0,35822
202411,7,4,1,Empty,126,0,126,0
202411,7,4,1,Loaded,512,512,0,4554
202411,7,1,2,Empty,388,0,388,0
202411,7,1,2,Loaded,9452,9452,0,130388
202411,7,2,2,Empty,268,0,268,0
202411,7,2,2,Loaded,470,470,0,3716
202411,7,3,2,Empty,208,0,208,0
202411,7,3,2,Loaded,23184,23184,0,151278
202411,7,4,2,Empty,158,0,158,0
202411,7,4,2,Loaded,2840,2840,0,21009
202410,6,1,1,Empty,2768,0,2768,0
202410,3,1,1,Empty,408,0,408,0
202410,1,1,1,Empty,572,0,572,0
202410,4,1,1,Empty,1,0,1,0
202410,2,1,1,Empty,1352,0,1352,0
202410,5,1,1,Empty,60,0,60,0
202410,9,1,1,Empty,5,0,5,0
202410,6,1,1,Loaded,4568,4568,0,84318
202410,3,1,1,Loaded,1122,1122,0,20112
202410,1,1,1,Loaded,217,217,0,3818
202410,4,1,1,Loaded,446,446,0,9375
202410,2,1,1,Loaded,1505,1505,0,27365
202410,8,1,1,Loaded,33,33,0,604
202410,5,1,1,Loaded,796,796,0,14716
202410,9,1,1,Loaded,239,239,0,5504
202410,6,2,1,Empty,52,0,52,0
202410,3,2,1,Empty,12,0,12,0
202410,1,2,1,Empty,9,0,9,0
202410,2,2,1,Empty,17,0,17,0
202410,5,2,1,Empty,6,0,6,0
202410,6,2,1,Loaded,1493,1493,0,22802
202410,3,2,1,Loaded,211,211,0,2543
202410,1,2,1,Loaded,36,36,0,442
202410,4,2,1,Loaded,38,38,0,557
202410,2,2,1,Loaded,352,352,0,5071
202410,8,2,1,Loaded,4,4,0,69
202410,5,2,1,Loaded,336,336,0,4922
202410,9,2,1,Loaded,10,10,0,159
202410,6,3,1,Empty,2364,0,2364,0
202410,3,3,1,Empty,202,0,202,0
202410,1,3,1,Empty,650,0,650,0
202410,2,3,1,Empty,2500,0,2500,0
202410,5,3,1,Empty,44,0,44,0
202410,9,3,1,Empty,2,0,2,0
202410,6,3,1,Loaded,20824,20824,0,239382
202410,3,3,1,Loaded,2994,2994,0,34460
202410,1,3,1,Loaded,1082,1082,0,14477
202410,4,3,1,Loaded,382,382,0,4206
202410,2,3,1,Loaded,5574,5574,0,67760
202410,8,3,1,Loaded,70,70,0,829
202410,5,3,1,Loaded,3876,3876,0,48216
202410,9,3,1,Loaded,880,880,0,11818
202410,6,4,1,Empty,262,0,262,0
202410,3,4,1,Empty,66,0,66,0
202410,1,4,1,Empty,20,0,20,0
202410,2,4,1,Empty,64,0,64,0
202410,5,4,1,Empty,12,0,12,0
202410,6,4,1,Loaded,8374,8374,0,96024
202410,3,4,1,Loaded,1266,1266,0,14926
202410,1,4,1,Loaded,304,304,0,3677
202410,4,4,1,Loaded,102,102,0,1053
202410,2,4,1,Loaded,2070,2070,0,25188
202410,8,4,1,Loaded,34,34,0,437
202410,5,4,1,Loaded,2134,2134,0,25307
202410,9,4,1,Loaded,130,130,0,1611
202410,6,1,2,Empty,273,0,273,0
202410,4,1,2,Empty,356,0,356,0
202410,2,1,2,Empty,1,0,1,0
202410,5,1,2,Empty,35,0,35,0
202410,6,1,2,Loaded,4369,4369,0,74022
202410,3,1,2,Loaded,932,932,0,17930
202410,1,1,2,Loaded,648,648,0,9912
202410,4,1,2,Loaded,126,126,0,2567
202410,2,1,2,Loaded,2530,2530,0,38937
202410,8,1,2,Loaded,121,121,0,2756
202410,5,1,2,Loaded,336,336,0,6403
202410,9,1,2,Loaded,218,218,0,4430
202410,6,2,2,Empty,966,0,966,0
202410,3,2,2,Empty,113,0,113,0
202410,1,2,2,Empty,35,0,35,0
202410,2,2,2,Empty,409,0,409,0
202410,5,2,2,Empty,145,0,145,0
202410,6,2,2,Loaded,144,144,0,1273
202410,3,2,2,Loaded,14,14,0,84
202410,1,2,2,Loaded,6,6,0,24
202410,4,2,2,Loaded,3,3,0,50
202410,2,2,2,Loaded,85,85,0,669
202410,5,2,2,Loaded,5,5,0,53
202410,6,3,2,Empty,4296,0,4296,0
202410,1,3,2,Empty,50,0,50,0
202410,4,3,2,Empty,592,0,592,0
202410,2,3,2,Empty,2,0,2,0
202410,8,3,2,Empty,1016,0,1016,0
202410,5,3,2,Empty,1188,0,1188,0
202410,9,3,2,Empty,824,0,824,0
202410,6,3,2,Loaded,11248,11248,0,89546
202410,3,3,2,Loaded,1038,1038,0,8169
202410,1,3,2,Loaded,1536,1536,0,9743
202410,4,3,2,Loaded,136,136,0,737
202410,2,3,2,Loaded,5428,5428,0,39854
202410,8,3,2,Loaded,86,86,0,911
202410,5,3,2,Loaded,622,622,0,4795
202410,9,3,2,Loaded,58,58,0,484
202410,6,4,2,Empty,6674,0,6674,0
202410,3,4,2,Empty,940,0,940,0
202410,1,4,2,Empty,170,0,170,0
202410,4,4,2,Empty,158,0,158,0
202410,2,4,2,Empty,1228,0,1228,0
202410,5,4,2,Empty,178,0,178,0
202410,9,4,2,Empty,104,0,104,0
202410,6,4,2,Loaded,2376,2376,0,19291
202410,3,4,2,Loaded,374,374,0,3257
202410,1,4,2,Loaded,170,170,0,1123
202410,4,4,2,Loaded,326,326,0,2146
202410,2,4,2,Loaded,768,768,0,5413
202410,8,4,2,Loaded,4,4,0,51
202410,5,4,2,Loaded,12,12,0,130
202410,7,1,1,Empty,2925,0,2925,0
202410,7,1,1,Loaded,2922,2922,0,49009
202410,7,2,1,Empty,12,0,12,0
202410,7,2,1,Loaded,260,260,0,2753
202410,7,3,1,Empty,4190,0,4190,0
202410,7,3,1,Loaded,4764,4764,0,39582
202410,7,4,1,Empty,18,0,18,0
202410,7,4,1,Loaded,546,546,0,4695
202410,7,1,2,Empty,499,0,499,0
202410,7,1,2,Loaded,9496,9496,0,130708
202410,7,2,2,Empty,274,0,274,0
202410,7,2,2,Loaded,491,491,0,4122
202410,7,3,2,Empty,386,0,386,0
202410,7,3,2,Loaded,20726,20726,0,133699
202410,7,4,2,Empty,52,0,52,0
202410,7,4,2,Loaded,3424,3424,0,25920
202409,6,1,1,Empty,3325,0,3325,0
202409,3,1,1,Empty,417,0,417,0
202409,1,1,1,Empty,482,0,482,0
202409,4,1,1,Empty,11,0,11,0
202409,2,1,1,Empty,1206,0,1206,0
202409,8,1,1,Empty,30,0,30,0
202409,5,1,1,Empty,162,0,162,0
202409,9,1,1,Empty,1,0,1,0
202409,6,1,1,Loaded,4773,4773,0,87936
202409,3,1,1,Loaded,793,793,0,13961
202409,1,1,1,Loaded,313,313,0,5725
202409,4,1,1,Loaded,449,449,0,9195
202409,2,1,1,Loaded,1145,1145,0,20958
202409,8,1,1,Loaded,86,86,0,1620
202409,5,1,1,Loaded,626,626,0,11556
202409,9,1,1,Loaded,313,313,0,6881
202409,6,2,1,Empty,18,0,18,0
202409,3,2,1,Empty,3,0,3,0
202409,1,2,1,Empty,23,0,23,0
202409,4,2,1,Empty,1,0,1,0
202409,2,2,1,Empty,12,0,12,0
202409,5,2,1,Empty,27,0,27,0
202409,6,2,1,Loaded,1468,1468,0,22203
202409,3,2,1,Loaded,160,160,0,2155
202409,1,2,1,Loaded,31,31,0,366
202409,4,2,1,Loaded,52,52,0,807
202409,2,2,1,Loaded,248,248,0,3498
202409,8,2,1,Loaded,16,16,0,280
202409,5,2,1,Loaded,375,375,0,5476
202409,9,2,1,Loaded,6,6,0,88
202409,6,3,1,Empty,3568,0,3568,0
202409,3,3,1,Empty,302,0,302,0
202409,1,3,1,Empty,220,0,220,0
202409,4,3,1,Empty,18,0,18,0
202409,2,3,1,Empty,2166,0,2166,0
202409,8,3,1,Empty,32,0,32,0
202409,5,3,1,Empty,60,0,60,0
202409,9,3,1,Empty,20,0,20,0
202409,6,3,1,Loaded,17824,17824,0,198669
202409,3,3,1,Loaded,1984,1984,0,22274
202409,1,3,1,Loaded,690,690,0,8854
202409,4,3,1,Loaded,780,780,0,9225
202409,2,3,1,Loaded,3926,3926,0,48198
202409,8,3,1,Loaded,24,24,0,311
202409,5,3,1,Loaded,3074,3074,0,36623
202409,9,3,1,Loaded,778,778,0,9895
202409,6,4,1,Empty,324,0,324,0
202409,3,4,1,Empty,38,0,38,0
202409,4,4,1,Empty,2,0,2,0
202409,2,4,1,Empty,90,0,90,0
202409,5,4,1,Empty,54,0,54,0
202409,6,4,1,Loaded,10956,10956,0,125023
202409,3,4,1,Loaded,1462,1462,0,16755
202409,1,4,1,Loaded,238,238,0,2772
202409,4,4,1,Loaded,268,268,0,2997
202409,2,4,1,Loaded,1582,1582,0,19558
202409,8,4,1,Loaded,46,46,0,513
202409,5,4,1,Loaded,2158,2158,0,25820
202409,9,4,1,Loaded,124,124,0,1458
202409,6,1,2,Empty,255,0,255,0
202409,3,1,2,Empty,11,0,11,0
202409,4,1,2,Empty,105,0,105,0
202409,5,1,2,Empty,21,0,21,0
202409,9,1,2,Empty,90,0,90,0
202409,6,1,2,Loaded,4548,4548,0,73567
202409,3,1,2,Loaded,717,717,0,13362
202409,1,1,2,Loaded,881,881,0,12774
202409,4,1,2,Loaded,145,145,0,2692
202409,2,1,2,Loaded,2306,2306,0,34253
202409,8,1,2,Loaded,202,202,0,4682
202409,5,1,2,Loaded,213,213,0,4043
202409,9,1,2,Loaded,426,426,0,9569
202409,6,2,2,Empty,413,0,413,0
202409,3,2,2,Empty,78,0,78,0
202409,1,2,2,Empty,13,0,13,0
202409,4,2,2,Empty,5,0,5,0
202409,2,2,2,Empty,98,0,98,0
202409,5,2,2,Empty,180,0,180,0
202409,9,2,2,Empty,9,0,9,0
202409,6,2,2,Loaded,173,173,0,1305
202409,3,2,2,Loaded,17,17,0,152
202409,1,2,2,Loaded,9,9,0,48
202409,4,2,2,Loaded,4,4,0,75
202409,2,2,2,Loaded,102,102,0,740
202409,5,2,2,Loaded,3,3,0,40
202409,6,3,2,Empty,4530,0,4530,0
202409,3,3,2,Empty,298,0,298,0
202409,4,3,2,Empty,8,0,8,0
202409,2,3,2,Empty,506,0,506,0
202409,8,3,2,Empty,468,0,468,0
202409,5,3,2,Empty,984,0,984,0
202409,9,3,2,Empty,1006,0,1006,0
202409,6,3,2,Loaded,11192,11192,0,86827
202409,3,3,2,Loaded,892,892,0,6828
202409,1,3,2,Loaded,1798,1798,0,11447
202409,4,3,2,Loaded,316,316,0,1833
202409,2,3,2,Loaded,4982,4982,0,35203
202409,8,3,2,Loaded,106,106,0,973
202409,5,3,2,Loaded,376,376,0,3082
202409,9,3,2,Loaded,116,116,0,826
202409,6,4,2,Empty,5138,0,5138,0
202409,3,4,2,Empty,450,0,450,0
202409,1,4,2,Empty,414,0,414,0
202409,4,4,2,Empty,244,0,244,0
202409,2,4,2,Empty,680,0,680,0
202409,5,4,2,Empty,434,0,434,0
202409,9,4,2,Empty,102,0,102,0
202409,6,4,2,Loaded,2056,2056,0,17050
202409,3,4,2,Loaded,274,274,0,2323
202409,1,4,2,Loaded,110,110,0,795
202409,4,4,2,Loaded,286,286,0,1952
202409,2,4,2,Loaded,606,606,0,4768
202409,5,4,2,Loaded,12,12,0,109
202409,7,1,1,Empty,2873,0,2873,0
202409,7,1,1,Loaded,2818,2818,0,46274
202409,7,2,1,Empty,18,0,18,0
202409,7,2,1,Loaded,207,207,0,2109
202409,7,3,1,Empty,5652,0,5652,0
202409,7,3,1,Loaded,4188,4188,0,35484
202409,7,4,1,Empty,116,0,116,0
202409,7,4,1,Loaded,600,600,0,5896
202409,7,1,2,Empty,194,0,194,0
202409,7,1,2,Loaded,10315,10315,0,144495
202409,7,2,2,Empty,209,0,209,0
202409,7,2,2,Loaded,495,495,0,3828
202409,7,3,2,Empty,478,0,478,0
202409,7,3,2,Loaded,23380,23380,0,149737
202409,7,4,2,Empty,6,0,6,0
202409,7,4,2,Loaded,3422,3422,0,25383
202408,6,1,1,Empty,3623,0,3623,0
202408,3,1,1,Empty,232,0,232,0
202408,1,1,1,Empty,209,0,209,0
202408,4,1,1,Empty,5,0,5,0
202408,2,1,1,Empty,641,0,641,0
202408,8,1,1,Empty,181,0,181,0
202408,5,1,1,Empty,11,0,11,0
202408,6,1,1,Loaded,4453,4453,0,79866
202408,3,1,1,Loaded,1463,1463,0,26316
202408,1,1,1,Loaded,267,267,0,4688
202408,4,1,1,Loaded,392,392,0,8200
202408,2,1,1,Loaded,1507,1507,0,26855
202408,8,1,1,Loaded,70,70,0,1331
202408,5,1,1,Loaded,541,541,0,9801
202408,9,1,1,Loaded,253,253,0,5854
202408,6,2,1,Empty,158,0,158,0
202408,4,2,1,Empty,3,0,3,0
202408,2,2,1,Empty,2,0,2,0
202408,5,2,1,Empty,12,0,12,0
202408,6,2,1,Loaded,1605,1605,0,23856
202408,3,2,1,Loaded,254,254,0,3482
202408,1,2,1,Loaded,41,41,0,455
202408,4,2,1,Loaded,44,44,0,652
202408,2,2,1,Loaded,277,277,0,3725
202408,8,2,1,Loaded,23,23,0,395
202408,5,2,1,Loaded,379,379,0,5676
202408,9,2,1,Loaded,7,7,0,104
202408,6,3,1,Empty,3570,0,3570,0
202408,3,3,1,Empty,344,0,344,0
202408,1,3,1,Empty,460,0,460,0
202408,4,3,1,Empty,14,0,14,0
202408,2,3,1,Empty,2464,0,2464,0
202408,8,3,1,Empty,154,0,154,0
202408,5,3,1,Empty,54,0,54,0
202408,6,3,1,Loaded,17324,17324,0,187023
202408,3,3,1,Loaded,3276,3276,0,39176
202408,1,3,1,Loaded,622,622,0,7839
202408,4,3,1,Loaded,650,650,0,7689
202408,2,3,1,Loaded,3782,3782,0,45234
202408,8,3,1,Loaded,2,2,0,18
202408,5,3,1,Loaded,2848,2848,0,33358
202408,9,3,1,Loaded,324,324,0,4025
202408,6,4,1,Empty,456,0,456,0
202408,3,4,1,Empty,38,0,38,0
202408,1,4,1,Empty,2,0,2,0
202408,4,4,1,Empty,8,0,8,0
202408,2,4,1,Empty,42,0,42,0
202408,5,4,1,Empty,54,0,54,0
202408,6,4,1,Loaded,12018,12018,0,135998
202408,3,4,1,Loaded,2968,2968,0,33642
202408,1,4,1,Loaded,302,302,0,3344
202408,4,4,1,Loaded,256,256,0,2873
202408,2,4,1,Loaded,1700,1700,0,20761
202408,8,4,1,Loaded,22,22,0,220
202408,5,4,1,Loaded,2154,2154,0,25233
202408,9,4,1,Loaded,52,52,0,571
202408,6,1,2,Empty,683,0,683,0
202408,3,1,2,Empty,183,0,183,0
202408,1,1,2,Empty,1,0,1,0
202408,4,1,2,Empty,66,0,66,0
202408,9,1,2,Empty,410,0,410,0
202408,6,1,2,Loaded,4435,4435,0,72772
202408,3,1,2,Loaded,900,900,0,16867
202408,1,1,2,Loaded,691,691,0,9469
202408,4,1,2,Loaded,162,162,0,3583
202408,2,1,2,Loaded,2415,2415,0,36450
202408,8,1,2,Loaded,394,394,0,9088
202408,5,1,2,Loaded,272,272,0,5051
202408,9,1,2,Loaded,160,160,0,3599
202408,6,2,2,Empty,558,0,558,0
202408,3,2,2,Empty,149,0,149,0
202408,1,2,2,Empty,81,0,81,0
202408,4,2,2,Empty,20,0,20,0
202408,2,2,2,Empty,101,0,101,0
202408,8,2,2,Empty,50,0,50,0
202408,5,2,2,Empty,200,0,200,0
202408,9,2,2,Empty,28,0,28,0
202408,6,2,2,Loaded,143,143,0,1282
202408,3,2,2,Loaded,12,12,0,80
202408,1,2,2,Loaded,11,11,0,86
202408,2,2,2,Loaded,140,140,0,1107
202408,5,2,2,Loaded,1,1,0,13
202408,6,3,2,Empty,5148,0,5148,0
202408,3,3,2,Empty,308,0,308,0
202408,2,3,2,Empty,60,0,60,0
202408,8,3,2,Empty,500,0,500,0
202408,5,3,2,Empty,612,0,612,0
202408,9,3,2,Empty,290,0,290,0
202408,6,3,2,Loaded,10506,10506,0,81050
202408,3,3,2,Loaded,1036,1036,0,8345
202408,1,3,2,Loaded,1504,1504,0,9375
202408,4,3,2,Loaded,130,130,0,904
202408,2,3,2,Loaded,5206,5206,0,36083
202408,8,3,2,Loaded,72,72,0,563
202408,5,3,2,Loaded,364,364,0,2821
202408,9,3,2,Loaded,52,52,0,246
202408,6,4,2,Empty,5636,0,5636,0
202408,3,4,2,Empty,584,0,584,0
202408,1,4,2,Empty,390,0,390,0
202408,4,4,2,Empty,236,0,236,0
202408,2,4,2,Empty,548,0,548,0
202408,8,4,2,Empty,160,0,160,0
202408,5,4,2,Empty,56,0,56,0
202408,9,4,2,Empty,8,0,8,0
202408,6,4,2,Loaded,1964,1964,0,17340
202408,3,4,2,Loaded,290,290,0,2636
202408,1,4,2,Loaded,76,76,0,486
202408,4,4,2,Loaded,356,356,0,2417
202408,2,4,2,Loaded,644,644,0,4788
202408,8,4,2,Loaded,6,6,0,71
202408,5,4,2,Loaded,22,22,0,136
202408,9,4,2,Loaded,2,2,0,29
202408,7,1,1,Empty,2258,0,2258,0
202408,7,1,1,Loaded,2639,2639,0,43098
202408,7,2,1,Empty,21,0,21,0
202408,7,2,1,Loaded,194,194,0,1944
202408,7,3,1,Empty,4018,0,4018,0
202408,7,3,1,Loaded,4328,4328,0,36729
202408,7,4,1,Empty,108,0,108,0
202408,7,4,1,Loaded,596,596,0,5856
202408,7,1,2,Empty,416,0,416,0
202408,7,1,2,Loaded,9183,9183,0,126056
202408,7,2,2,Empty,338,0,338,0
202408,7,2,2,Loaded,506,506,0,3843
202408,7,3,2,Empty,380,0,380,0
202408,7,3,2,Loaded,21556,21556,0,135685
202408,7,4,2,Empty,50,0,50,0
202408,7,4,2,Loaded,3522,3522,0,25103
202407,6,1,1,Empty,2475,0,2475,0
202407,3,1,1,Empty,86,0,86,0
202407,1,1,1,Empty,230,0,230,0
202407,4,1,1,Empty,2,0,2,0
202407,2,1,1,Empty,385,0,385,0
202407,5,1,1,Empty,10,0,10,0
202407,9,1,1,Empty,2,0,2,0
202407,6,1,1,Loaded,4404,4404,0,77428
202407,3,1,1,Loaded,1472,1472,0,25990
202407,1,1,1,Loaded,314,314,0,5563
202407,4,1,1,Loaded,465,465,0,9490
202407,2,1,1,Loaded,1764,1764,0,32182
202407,8,1,1,Loaded,25,25,0,439
202407,5,1,1,Loaded,1102,1102,0,19623
202407,9,1,1,Loaded,462,462,0,9978
202407,6,2,1,Empty,50,0,50,0
202407,3,2,1,Empty,25,0,25,0
202407,2,2,1,Empty,19,0,19,0
202407,5,2,1,Empty,27,0,27,0
202407,6,2,1,Loaded,1868,1868,0,28939
202407,3,2,1,Loaded,323,323,0,4305
202407,1,2,1,Loaded,48,48,0,659
202407,4,2,1,Loaded,52,52,0,770
202407,2,2,1,Loaded,350,350,0,5021
202407,8,2,1,Loaded,2,2,0,33
202407,5,2,1,Loaded,365,365,0,5448
202407,9,2,1,Loaded,13,13,0,201
202407,6,3,1,Empty,2630,0,2630,0
202407,3,3,1,Empty,144,0,144,0
202407,1,3,1,Empty,222,0,222,0
202407,4,3,1,Empty,18,0,18,0
202407,2,3,1,Empty,1152,0,1152,0
202407,8,3,1,Empty,22,0,22,0
202407,5,3,1,Empty,62,0,62,0
202407,9,3,1,Empty,2,0,2,0
202407,6,3,1,Loaded,19052,19052,0,214568
202407,3,3,1,Loaded,4594,4594,0,54105
202407,1,3,1,Loaded,570,570,0,6985
202407,4,3,1,Loaded,844,844,0,10010
202407,2,3,1,Loaded,5286,5286,0,64787
202407,8,3,1,Loaded,52,52,0,622
202407,5,3,1,Loaded,4654,4654,0,57940
202407,9,3,1,Loaded,690,690,0,8458
202407,6,4,1,Empty,468,0,468,0
202407,3,4,1,Empty,124,0,124,0
202407,4,4,1,Empty,6,0,6,0
202407,2,4,1,Empty,50,0,50,0
202407,8,4,1,Empty,70,0,70,0
202407,5,4,1,Empty,114,0,114,0
202407,6,4,1,Loaded,13190,13190,0,149493
202407,3,4,1,Loaded,5196,5196,0,58705
202407,1,4,1,Loaded,384,384,0,4257
202407,4,4,1,Loaded,566,566,0,6170
202407,2,4,1,Loaded,1820,1820,0,21998
202407,8,4,1,Loaded,132,132,0,1535
202407,5,4,1,Loaded,3112,3112,0,36775
202407,9,4,1,Loaded,192,192,0,2259
202407,6,1,2,Empty,1158,0,1158,0
202407,3,1,2,Empty,320,0,320,0
202407,1,1,2,Empty,1,0,1,0
202407,4,1,2,Empty,114,0,114,0
202407,5,1,2,Empty,85,0,85,0
202407,9,1,2,Empty,505,0,505,0
202407,6,1,2,Loaded,3413,3413,0,56028
202407,3,1,2,Loaded,670,670,0,12662
202407,1,1,2,Loaded,613,613,0,9414
202407,4,1,2,Loaded,174,174,0,3206
202407,2,1,2,Loaded,2287,2287,0,35941
202407,8,1,2,Loaded,60,60,0,1170
202407,5,1,2,Loaded,203,203,0,3819
202407,9,1,2,Loaded,298,298,0,6552
202407,6,2,2,Empty,921,0,921,0
202407,3,2,2,Empty,466,0,466,0
202407,1,2,2,Empty,185,0,185,0
202407,4,2,2,Empty,58,0,58,0
202407,2,2,2,Empty,409,0,409,0
202407,8,2,2,Empty,140,0,140,0
202407,5,2,2,Empty,421,0,421,0
202407,9,2,2,Empty,25,0,25,0
202407,6,2,2,Loaded,107,107,0,913
202407,3,2,2,Loaded,14,14,0,66
202407,1,2,2,Loaded,7,7,0,34
202407,4,2,2,Loaded,2,2,0,22
202407,2,2,2,Loaded,180,180,0,1898
202407,5,2,2,Loaded,4,4,0,49
202407,6,3,2,Empty,6880,0,6880,0
202407,3,3,2,Empty,236,0,236,0
202407,1,3,2,Empty,40,0,40,0
202407,4,3,2,Empty,328,0,328,0
202407,2,3,2,Empty,684,0,684,0
202407,8,3,2,Empty,1136,0,1136,0
202407,5,3,2,Empty,1390,0,1390,0
202407,9,3,2,Empty,362,0,362,0
202407,6,3,2,Loaded,8868,8868,0,69052
202407,3,3,2,Loaded,1156,1156,0,9384
202407,1,3,2,Loaded,1088,1088,0,6401
202407,4,3,2,Loaded,230,230,0,1288
202407,2,3,2,Loaded,4828,4828,0,34959
202407,8,3,2,Loaded,78,78,0,731
202407,5,3,2,Loaded,526,526,0,3941
202407,9,3,2,Loaded,50,50,0,336
202407,6,4,2,Empty,6692,0,6692,0
202407,3,4,2,Empty,2588,0,2588,0
202407,1,4,2,Empty,226,0,226,0
202407,4,4,2,Empty,670,0,670,0
202407,2,4,2,Empty,694,0,694,0
202407,8,4,2,Empty,542,0,542,0
202407,5,4,2,Empty,1138,0,1138,0
202407,9,4,2,Empty,38,0,38,0
202407,6,4,2,Loaded,1504,1504,0,13572
202407,3,4,2,Loaded,320,320,0,2962
202407,1,4,2,Loaded,104,104,0,884
202407,4,4,2,Loaded,230,230,0,1591
202407,2,4,2,Loaded,600,600,0,4642
202407,8,4,2,Loaded,8,8,0,92
202407,5,4,2,Loaded,18,18,0,198
202407,7,1,1,Empty,2358,0,2358,0
202407,7,1,1,Loaded,2581,2581,0,44127
202407,7,2,1,Empty,7,0,7,0
202407,7,2,1,Loaded,210,210,0,2022
202407,7,3,1,Empty,4486,0,4486,0
202407,7,3,1,Loaded,3860,3860,0,33160
202407,7,4,1,Empty,64,0,64,0
202407,7,4,1,Loaded,558,558,0,5602
202407,7,1,2,Empty,277,0,277,0
202407,7,1,2,Loaded,8558,8558,0,121080
202407,7,2,2,Empty,590,0,590,0
202407,7,2,2,Loaded,448,448,0,3387
202407,7,3,2,Empty,260,0,260,0
202407,7,3,2,Loaded,18672,18672,0,121505
202407,7,4,2,Empty,128,0,128,0
202407,7,4,2,Loaded,2926,2926,0,21058
202406,6,1,1,Empty,2512,0,2512,0
202406,3,1,1,Empty,77,0,77,0
202406,1,1,1,Empty,564,0,564,0
202406,4,1,1,Empty,30,0,30,0
202406,2,1,1,Empty,423,0,423,0
202406,8,1,1,Empty,10,0,10,0
202406,5,1,1,Empty,51,0,51,0
202406,9,1,1,Empty,4,0,4,0
202406,6,1,1,Loaded,5417,5417,0,98577
202406,3,1,1,Loaded,891,891,0,15827
202406,1,1,1,Loaded,341,341,0,6255
202406,4,1,1,Loaded,374,374,0,7887
202406,2,1,1,Loaded,1529,1529,0,28183
202406,8,1,1,Loaded,29,29,0,533
202406,5,1,1,Loaded,964,964,0,17506
202406,9,1,1,Loaded,833,833,0,18238
202406,6,2,1,Empty,65,0,65,0
202406,2,2,1,Empty,44,0,44,0
202406,8,2,1,Empty,2,0,2,0
202406,5,2,1,Empty,22,0,22,0
202406,6,2,1,Loaded,2311,2311,0,36206
202406,3,2,1,Loaded,258,258,0,3726
202406,1,2,1,Loaded,53,53,0,706
202406,4,2,1,Loaded,70,70,0,959
202406,2,2,1,Loaded,400,400,0,5835
202406,8,2,1,Loaded,28,28,0,461
202406,5,2,1,Loaded,621,621,0,9432
202406,9,2,1,Loaded,19,19,0,313
202406,6,3,1,Empty,3326,0,3326,0
202406,3,3,1,Empty,218,0,218,0
202406,1,3,1,Empty,534,0,534,0
202406,4,3,1,Empty,26,0,26,0
202406,2,3,1,Empty,1398,0,1398,0
202406,8,3,1,Empty,164,0,164,0
202406,5,3,1,Empty,58,0,58,0
202406,9,3,1,Empty,8,0,8,0
202406,6,3,1,Loaded,20142,20142,0,229427
202406,3,3,1,Loaded,3116,3116,0,37439
202406,1,3,1,Loaded,624,624,0,7846
202406,4,3,1,Loaded,826,826,0,9776
202406,2,3,1,Loaded,5696,5696,0,69082
202406,8,3,1,Loaded,40,40,0,499
202406,5,3,1,Loaded,4952,4952,0,61476
202406,9,3,1,Loaded,1082,1082,0,14083
202406,6,4,1,Empty,808,0,808,0
202406,3,4,1,Empty,186,0,186,0
202406,1,4,1,Empty,4,0,4,0
202406,4,4,1,Empty,24,0,24,0
202406,2,4,1,Empty,276,0,276,0
202406,8,4,1,Empty,74,0,74,0
202406,5,4,1,Empty,18,0,18,0
202406,6,4,1,Loaded,13320,13320,0,150698
202406,3,4,1,Loaded,3472,3472,0,39218
202406,1,4,1,Loaded,328,328,0,3659
202406,4,4,1,Loaded,1074,1074,0,11896
202406,2,4,1,Loaded,1820,1820,0,21633
202406,8,4,1,Loaded,84,84,0,1022
202406,5,4,1,Loaded,3704,3704,0,43746
202406,9,4,1,Loaded,230,230,0,2774
202406,6,1,2,Empty,956,0,956,0
202406,3,1,2,Empty,526,0,526,0
202406,4,1,2,Empty,30,0,30,0
202406,2,1,2,Empty,4,0,4,0
202406,8,1,2,Empty,141,0,141,0
202406,5,1,2,Empty,1,0,1,0
202406,9,1,2,Empty,308,0,308,0
202406,6,1,2,Loaded,4259,4259,0,70629
202406,3,1,2,Loaded,491,491,0,9123
202406,1,1,2,Loaded,638,638,0,9446
202406,4,1,2,Loaded,95,95,0,1536
202406,2,1,2,Loaded,2074,2074,0,29865
202406,8,1,2,Loaded,76,76,0,1523
202406,5,1,2,Loaded,162,162,0,2968
202406,9,1,2,Loaded,356,356,0,7470
202406,6,2,2,Empty,1277,0,1277,0
202406,3,2,2,Empty,345,0,345,0
202406,1,2,2,Empty,205,0,205,0
202406,4,2,2,Empty,68,0,68,0
202406,2,2,2,Empty,466,0,466,0
202406,8,2,2,Empty,36,0,36,0
202406,5,2,2,Empty,331,0,331,0
202406,9,2,2,Empty,35,0,35,0
202406,6,2,2,Loaded,142,142,0,1319
202406,3,2,2,Loaded,15,15,0,113
202406,1,2,2,Loaded,7,7,0,35
202406,4,2,2,Loaded,2,2,0,36
202406,2,2,2,Loaded,107,107,0,1034
202406,5,2,2,Loaded,1,1,0,18
202406,9,2,2,Loaded,2,2,0,27
202406,6,3,2,Empty,6818,0,6818,0
202406,3,3,2,Empty,1516,0,1516,0
202406,1,3,2,Empty,24,0,24,0
202406,4,3,2,Empty,280,0,280,0
202406,2,3,2,Empty,664,0,664,0
202406,8,3,2,Empty,398,0,398,0
202406,5,3,2,Empty,1524,0,1524,0
202406,9,3,2,Empty,1118,0,1118,0
202406,6,3,2,Loaded,11254,11254,0,90259
202406,3,3,2,Loaded,792,792,0,5890
202406,1,3,2,Loaded,1292,1292,0,8253
202406,4,3,2,Loaded,190,190,0,1586
202406,2,3,2,Loaded,4682,4682,0,34027
202406,8,3,2,Loaded,82,82,0,576
202406,5,3,2,Loaded,358,358,0,2741
202406,9,3,2,Loaded,102,102,0,700
202406,6,4,2,Empty,9080,0,9080,0
202406,3,4,2,Empty,2406,0,2406,0
202406,1,4,2,Empty,104,0,104,0
202406,4,4,2,Empty,1704,0,1704,0
202406,2,4,2,Empty,2222,0,2222,0
202406,8,4,2,Empty,532,0,532,0
202406,5,4,2,Empty,1144,0,1144,0
202406,9,4,2,Empty,424,0,424,0
202406,6,4,2,Loaded,1824,1824,0,15858
202406,3,4,2,Loaded,194,194,0,1861
202406,1,4,2,Loaded,146,146,0,1050
202406,4,4,2,Loaded,152,152,0,1044
202406,2,4,2,Loaded,478,478,0,3291
202406,5,4,2,Loaded,22,22,0,224
202406,7,1,1,Empty,2284,0,2284,0
202406,7,1,1,Loaded,2189,2189,0,34522
202406,7,2,1,Empty,25,0,25,0
202406,7,2,1,Loaded,177,177,0,1884
202406,7,3,1,Empty,5466,0,5466,0
202406,7,3,1,Loaded,4170,4170,0,36807
202406,7,4,1,Empty,90,0,90,0
202406,7,4,1,Loaded,824,824,0,8448
202406,7,1,2,Empty,551,0,551,0
202406,7,1,2,Loaded,9655,9655,0,132819
202406,7,2,2,Empty,173,0,173,0
202406,7,2,2,Loaded,469,469,0,3503
202406,7,3,2,Empty,244,0,244,0
202406,7,3,2,Loaded,20278,20278,0,133469
202406,7,4,2,Empty,710,0,710,0
202406,7,4,2,Loaded,3056,3056,0,22469
202405,6,1,1,Empty,1543,0,1543,0
202405,3,1,1,Empty,53,0,53,0
202405,1,1,1,Empty,292,0,292,0
202405,4,1,1,Empty,7,0,7,0
202405,2,1,1,Empty,595,0,595,0
202405,8,1,1,Empty,10,0,10,0
202405,5,1,1,Empty,30,0,30,0
202405,9,1,1,Empty,1,0,1,0
202405,6,1,1,Loaded,4526,4526,0,79904
202405,3,1,1,Loaded,945,945,0,16966
202405,1,1,1,Loaded,543,543,0,10040
202405,4,1,1,Loaded,394,394,0,8176
202405,2,1,1,Loaded,1936,1936,0,35347
202405,8,1,1,Loaded,81,81,0,1445
202405,5,1,1,Loaded,1401,1401,0,25091
202405,9,1,1,Loaded,843,843,0,18214
202405,6,2,1,Empty,99,0,99,0
202405,3,2,1,Empty,8,0,8,0
202405,2,2,1,Empty,35,0,35,0
202405,5,2,1,Empty,9,0,9,0
202405,6,2,1,Loaded,2223,2223,0,34817
202405,3,2,1,Loaded,317,317,0,4209
202405,1,2,1,Loaded,94,94,0,1388
202405,4,2,1,Loaded,74,74,0,1080
202405,2,2,1,Loaded,378,378,0,5416
202405,8,2,1,Loaded,3,3,0,40
202405,5,2,1,Loaded,595,595,0,8832
202405,9,2,1,Loaded,22,22,0,330
202405,6,3,1,Empty,2382,0,2382,0
202405,3,3,1,Empty,138,0,138,0
202405,1,3,1,Empty,524,0,524,0
202405,4,3,1,Empty,30,0,30,0
202405,2,3,1,Empty,1958,0,1958,0
202405,5,3,1,Empty,24,0,24,0
202405,9,3,1,Empty,2,0,2,0
202405,6,3,1,Loaded,17222,17222,0,192354
202405,3,3,1,Loaded,3276,3276,0,38699
202405,1,3,1,Loaded,950,950,0,12123
202405,4,3,1,Loaded,808,808,0,9369
202405,2,3,1,Loaded,6564,6564,0,81396
202405,8,3,1,Loaded,94,94,0,1188
202405,5,3,1,Loaded,4598,4598,0,56274
202405,9,3,1,Loaded,1938,1938,0,25358
202405,6,4,1,Empty,290,0,290,0
202405,3,4,1,Empty,76,0,76,0
202405,1,4,1,Empty,2,0,2,0
202405,2,4,1,Empty,30,0,30,0
202405,5,4,1,Empty,30,0,30,0
202405,6,4,1,Loaded,13134,13134,0,149574
202405,3,4,1,Loaded,5864,5864,0,67463
202405,1,4,1,Loaded,546,546,0,6273
202405,4,4,1,Loaded,1464,1464,0,16552
202405,2,4,1,Loaded,2258,2258,0,27589
202405,8,4,1,Loaded,186,186,0,2205
202405,5,4,1,Loaded,4210,4210,0,50227
202405,9,4,1,Loaded,342,342,0,4119
202405,6,1,2,Empty,924,0,924,0
202405,3,1,2,Empty,246,0,246,0
202405,1,1,2,Empty,135,0,135,0
202405,4,1,2,Empty,41,0,41,0
202405,2,1,2,Empty,52,0,52,0
202405,5,1,2,Empty,269,0,269,0
202405,9,1,2,Empty,573,0,573,0
202405,6,1,2,Loaded,3762,3762,0,60920
202405,3,1,2,Loaded,507,507,0,9185
202405,1,1,2,Loaded,714,714,0,10455
202405,4,1,2,Loaded,147,147,0,2711
202405,2,1,2,Loaded,1857,1857,0,26831
202405,8,1,2,Loaded,115,115,0,2623
202405,5,1,2,Loaded,216,216,0,3967
202405,9,1,2,Loaded,296,296,0,6008
202405,6,2,2,Empty,916,0,916,0
202405,3,2,2,Empty,278,0,278,0
202405,1,2,2,Empty,98,0,98,0
202405,4,2,2,Empty,5,0,5,0
202405,2,2,2,Empty,113,0,113,0
202405,8,2,2,Empty,150,0,150,0
202405,5,2,2,Empty,285,0,285,0
202405,9,2,2,Empty,26,0,26,0
202405,6,2,2,Loaded,130,130,0,1150
202405,3,2,2,Loaded,13,13,0,110
202405,1,2,2,Loaded,18,18,0,182
202405,4,2,2,Loaded,3,3,0,46
202405,2,2,2,Loaded,113,113,0,944
202405,5,2,2,Loaded,2,2,0,19
202405,9,2,2,Loaded,1,1,0,11
202405,6,3,2,Empty,5688,0,5688,0
202405,3,3,2,Empty,356,0,356,0
202405,4,3,2,Empty,504,0,504,0
202405,2,3,2,Empty,282,0,282,0
202405,8,3,2,Empty,500,0,500,0
202405,5,3,2,Empty,1562,0,1562,0
202405,9,3,2,Empty,1406,0,1406,0
202405,6,3,2,Loaded,9032,9032,0,73345
202405,3,3,2,Loaded,784,784,0,6054
202405,1,3,2,Loaded,1362,1362,0,8436
202405,4,3,2,Loaded,228,228,0,1231
202405,2,3,2,Loaded,4548,4548,0,31833
202405,8,3,2,Loaded,62,62,0,563
202405,5,3,2,Loaded,378,378,0,2876
202405,9,3,2,Loaded,34,34,0,307
202405,6,4,2,Empty,8756,0,8756,0
202405,3,4,2,Empty,4332,0,4332,0
202405,1,4,2,Empty,144,0,144,0
202405,4,4,2,Empty,2366,0,2366,0
202405,2,4,2,Empty,2206,0,2206,0
202405,8,4,2,Empty,1360,0,1360,0
202405,5,4,2,Empty,1368,0,1368,0
202405,9,4,2,Empty,524,0,524,0
202405,6,4,2,Loaded,1852,1852,0,17153
202405,3,4,2,Loaded,218,218,0,2003
202405,1,4,2,Loaded,82,82,0,605
202405,4,4,2,Loaded,134,134,0,915
202405,2,4,2,Loaded,536,536,0,3999
202405,8,4,2,Loaded,2,2,0,22
202405,5,4,2,Loaded,24,24,0,274
202405,9,4,2,Loaded,2,2,0,29
202405,7,1,1,Empty,2752,0,2752,0
202405,7,1,1,Loaded,2069,2069,0,33454
202405,7,2,1,Empty,6,0,6,0
202405,7,2,1,Loaded,196,196,0,1938
202405,7,3,1,Empty,4632,0,4632,0
202405,7,3,1,Loaded,4054,4054,0,34785
202405,7,4,1,Empty,66,0,66,0
202405,7,4,1,Loaded,576,576,0,5941
202405,7,1,2,Empty,792,0,792,0
202405,7,1,2,Loaded,8420,8420,0,114610
202405,7,2,2,Empty,192,0,192,0
202405,7,2,2,Loaded,442,442,0,3562
202405,7,3,2,Empty,30,0,30,0
202405,7,3,2,Loaded,19032,19032,0,122924
202405,7,4,2,Empty,34,0,34,0
202405,7,4,2,Loaded,2856,2856,0,21235
202404,6,1,1,Empty,1399,0,1399,0
202404,3,1,1,Empty,91,0,91,0
202404,1,1,1,Empty,179,0,179,0
202404,4,1,1,Empty,1,0,1,0
202404,2,1,1,Empty,545,0,545,0
202404,8,1,1,Empty,18,0,18,0
202404,5,1,1,Empty,16,0,16,0
202404,6,1,1,Loaded,5168,5168,0,91005
202404,3,1,1,Loaded,802,802,0,14489
202404,1,1,1,Loaded,498,498,0,9376
202404,4,1,1,Loaded,297,297,0,5749
202404,2,1,1,Loaded,1821,1821,0,32786
202404,8,1,1,Loaded,62,62,0,1142
202404,5,1,1,Loaded,1096,1096,0,19706
202404,9,1,1,Loaded,434,434,0,9981
202404,6,2,1,Empty,16,0,16,0
202404,3,2,1,Empty,6,0,6,0
202404,2,2,1,Empty,5,0,5,0
202404,5,2,1,Empty,14,0,14,0
202404,6,2,1,Loaded,2077,2077,0,31450
202404,3,2,1,Loaded,363,363,0,4965
202404,1,2,1,Loaded,67,67,0,986
202404,4,2,1,Loaded,59,59,0,866
202404,2,2,1,Loaded,407,407,0,5781
202404,8,2,1,Loaded,19,19,0,308
202404,5,2,1,Loaded,612,612,0,9196
202404,9,2,1,Loaded,14,14,0,208
202404,6,3,1,Empty,3422,0,3422,0
202404,3,3,1,Empty,348,0,348,0
202404,1,3,1,Empty,362,0,362,0
202404,4,3,1,Empty,2,0,2,0
202404,2,3,1,Empty,1764,0,1764,0
202404,8,3,1,Empty,30,0,30,0
202404,5,3,1,Empty,62,0,62,0
202404,9,3,1,Empty,2,0,2,0
202404,6,3,1,Loaded,16746,16746,0,183572
202404,3,3,1,Loaded,3082,3082,0,36518
202404,1,3,1,Loaded,744,744,0,8893
202404,4,3,1,Loaded,624,624,0,7410
202404,2,3,1,Loaded,6584,6584,0,81769
202404,8,3,1,Loaded,24,24,0,247
202404,5,3,1,Loaded,4862,4862,0,59329
202404,9,3,1,Loaded,1078,1078,0,14319
202404,6,4,1,Empty,166,0,166,0
202404,3,4,1,Empty,26,0,26,0
202404,2,4,1,Empty,14,0,14,0
202404,5,4,1,Empty,50,0,50,0
202404,6,4,1,Loaded,15562,15562,0,174005
202404,3,4,1,Loaded,6410,6410,0,77370
202404,1,4,1,Loaded,496,496,0,5595
202404,4,4,1,Loaded,1224,1224,0,13963
202404,2,4,1,Loaded,2464,2464,0,30409
202404,8,4,1,Loaded,120,120,0,1413
202404,5,4,1,Loaded,4398,4398,0,52592
202404,9,4,1,Loaded,180,180,0,2160
202404,6,1,2,Empty,649,0,649,0
202404,3,1,2,Empty,29,0,29,0
202404,1,1,2,Empty,199,0,199,0
202404,4,1,2,Empty,529,0,529,0
202404,2,1,2,Empty,68,0,68,0
202404,8,1,2,Empty,80,0,80,0
202404,5,1,2,Empty,374,0,374,0
202404,9,1,2,Empty,326,0,326,0
202404,6,1,2,Loaded,3284,3284,0,53498
202404,3,1,2,Loaded,614,614,0,11689
202404,1,1,2,Loaded,713,713,0,11278
202404,4,1,2,Loaded,102,102,0,1923
202404,2,1,2,Loaded,2180,2180,0,32062
202404,8,1,2,Loaded,125,125,0,2575
202404,5,1,2,Loaded,219,219,0,4225
202404,9,1,2,Loaded,195,195,0,4349
202404,6,2,2,Empty,1342,0,1342,0
202404,3,2,2,Empty,290,0,290,0
202404,1,2,2,Empty,194,0,194,0
202404,4,2,2,Empty,11,0,11,0
202404,2,2,2,Empty,288,0,288,0
202404,8,2,2,Empty,96,0,96,0
202404,5,2,2,Empty,290,0,290,0
202404,9,2,2,Empty,23,0,23,0
202404,6,2,2,Loaded,118,118,0,1087
202404,3,2,2,Loaded,10,10,0,73
202404,1,2,2,Loaded,31,31,0,454
202404,4,2,2,Loaded,3,3,0,47
202404,2,2,2,Loaded,117,117,0,1035
202404,5,2,2,Loaded,1,1,0,14
202404,6,3,2,Empty,5574,0,5574,0
202404,3,3,2,Empty,1072,0,1072,0
202404,1,3,2,Empty,100,0,100,0
202404,4,3,2,Empty,722,0,722,0
202404,2,3,2,Empty,598,0,598,0
202404,8,3,2,Empty,664,0,664,0
202404,5,3,2,Empty,1388,0,1388,0
202404,9,3,2,Empty,800,0,800,0
202404,6,3,2,Loaded,9096,9096,0,75096
202404,3,3,2,Loaded,926,926,0,6976
202404,1,3,2,Loaded,1234,1234,0,8893
202404,4,3,2,Loaded,234,234,0,1803
202404,2,3,2,Loaded,4780,4780,0,32715
202404,8,3,2,Loaded,54,54,0,378
202404,5,3,2,Loaded,490,490,0,4189
202404,9,3,2,Loaded,160,160,0,1509
202404,6,4,2,Empty,10592,0,10592,0
202404,3,4,2,Empty,6170,0,6170,0
202404,1,4,2,Empty,1226,0,1226,0
202404,4,4,2,Empty,1520,0,1520,0
202404,2,4,2,Empty,1626,0,1626,0
202404,8,4,2,Empty,908,0,908,0
202404,5,4,2,Empty,1986,0,1986,0
202404,9,4,2,Empty,128,0,128,0
202404,6,4,2,Loaded,1580,1580,0,14644
202404,3,4,2,Loaded,236,236,0,2245
202404,1,4,2,Loaded,78,78,0,726
202404,4,4,2,Loaded,50,50,0,419
202404,2,4,2,Loaded,538,538,0,3841
202404,5,4,2,Loaded,4,4,0,48
202404,9,4,2,Loaded,2,2,0,25
202404,7,1,1,Empty,1454,0,1454,0
202404,7,1,1,Loaded,1615,1615,0,26117
202404,7,2,1,Empty,16,0,16,0
202404,7,2,1,Loaded,122,122,0,1266
202404,7,3,1,Empty,5442,0,5442,0
202404,7,3,1,Loaded,3474,3474,0,31922
202404,7,4,1,Empty,54,0,54,0
202404,7,4,1,Loaded,632,632,0,6833
202404,7,1,2,Empty,248,0,248,0
202404,7,1,2,Loaded,8787,8787,0,122991
202404,7,2,2,Empty,167,0,167,0
202404,7,2,2,Loaded,433,433,0,3321
202404,7,3,2,Empty,760,0,760,0
202404,7,3,2,Loaded,19818,19818,0,127667
202404,7,4,2,Empty,308,0,308,0
202404,7,4,2,Loaded,2680,2680,0,18943
202403,6,1,1,Empty,1578,0,1578,0
202403,3,1,1,Empty,86,0,86,0
202403,1,1,1,Empty,317,0,317,0
202403,4,1,1,Empty,2,0,2,0
202403,2,1,1,Empty,470,0,470,0
202403,8,1,1,Empty,104,0,104,0
202403,5,1,1,Empty,210,0,210,0
202403,9,1,1,Empty,3,0,3,0
202403,6,1,1,Loaded,6178,6178,0,111618
202403,3,1,1,Loaded,745,745,0,13439
202403,1,1,1,Loaded,298,298,0,5472
202403,4,1,1,Loaded,323,323,0,6584
202403,2,1,1,Loaded,2067,2067,0,37100
202403,8,1,1,Loaded,92,92,0,1671
202403,5,1,1,Loaded,950,950,0,17142
202403,9,1,1,Loaded,812,812,0,17830
202403,6,2,1,Empty,12,0,12,0
202403,1,2,1,Empty,1,0,1,0
202403,2,2,1,Empty,16,0,16,0
202403,5,2,1,Empty,34,0,34,0
202403,6,2,1,Loaded,2102,2102,0,32019
202403,3,2,1,Loaded,335,335,0,4553
202403,1,2,1,Loaded,65,65,0,897
202403,4,2,1,Loaded,59,59,0,838
202403,2,2,1,Loaded,402,402,0,5887
202403,8,2,1,Loaded,22,22,0,357
202403,5,2,1,Loaded,574,574,0,8436
202403,9,2,1,Loaded,29,29,0,407
202403,6,3,1,Empty,3140,0,3140,0
202403,3,3,1,Empty,126,0,126,0
202403,1,3,1,Empty,312,0,312,0
202403,4,3,1,Empty,4,0,4,0
202403,2,3,1,Empty,1376,0,1376,0
202403,8,3,1,Empty,76,0,76,0
202403,5,3,1,Empty,66,0,66,0
202403,9,3,1,Empty,6,0,6,0
202403,6,3,1,Loaded,19042,19042,0,213458
202403,3,3,1,Loaded,2654,2654,0,31706
202403,1,3,1,Loaded,670,670,0,8069
202403,4,3,1,Loaded,480,480,0,5584
202403,2,3,1,Loaded,6724,6724,0,78818
202403,8,3,1,Loaded,20,20,0,192
202403,5,3,1,Loaded,4716,4716,0,59098
202403,9,3,1,Loaded,2068,2068,0,26934
202403,6,4,1,Empty,118,0,118,0
202403,3,4,1,Empty,6,0,6,0
202403,1,4,1,Empty,6,0,6,0
202403,2,4,1,Empty,12,0,12,0
202403,8,4,1,Empty,28,0,28,0
202403,5,4,1,Empty,158,0,158,0
202403,6,4,1,Loaded,9308,9308,0,104922
202403,3,4,1,Loaded,6566,6566,0,81342
202403,1,4,1,Loaded,438,438,0,4894
202403,4,4,1,Loaded,622,622,0,7112
202403,2,4,1,Loaded,2314,2314,0,28240
202403,8,4,1,Loaded,60,60,0,671
202403,5,4,1,Loaded,3426,3426,0,41636
202403,9,4,1,Loaded,352,352,0,4099
202403,6,1,2,Empty,492,0,492,0
202403,3,1,2,Empty,8,0,8,0
202403,4,1,2,Empty,85,0,85,0
202403,2,1,2,Empty,2,0,2,0
202403,5,1,2,Empty,442,0,442,0
202403,9,1,2,Empty,506,0,506,0
202403,6,1,2,Loaded,4030,4030,0,64870
202403,3,1,2,Loaded,426,426,0,7430
202403,1,1,2,Loaded,604,604,0,9003
202403,4,1,2,Loaded,67,67,0,1036
202403,2,1,2,Loaded,1648,1648,0,23267
202403,8,1,2,Loaded,121,121,0,2497
202403,5,1,2,Loaded,250,250,0,4854
202403,9,1,2,Loaded,416,416,0,9332
202403,6,2,2,Empty,1722,0,1722,0
202403,3,2,2,Empty,221,0,221,0
202403,1,2,2,Empty,194,0,194,0
202403,4,2,2,Empty,79,0,79,0
202403,2,2,2,Empty,451,0,451,0
202403,8,2,2,Empty,52,0,52,0
202403,5,2,2,Empty,453,0,453,0
202403,9,2,2,Empty,20,0,20,0
202403,6,2,2,Loaded,139,139,0,1212
202403,3,2,2,Loaded,7,7,0,33
202403,1,2,2,Loaded,26,26,0,360
202403,4,2,2,Loaded,2,2,0,24
202403,2,2,2,Loaded,121,121,0,1122
202403,5,2,2,Loaded,5,5,0,72
202403,6,3,2,Empty,5384,0,5384,0
202403,3,3,2,Empty,804,0,804,0
202403,4,3,2,Empty,296,0,296,0
202403,2,3,2,Empty,1066,0,1066,0
202403,8,3,2,Empty,984,0,984,0
202403,5,3,2,Empty,1704,0,1704,0
202403,9,3,2,Empty,1986,0,1986,0
202403,6,3,2,Loaded,10530,10530,0,86270
202403,3,3,2,Loaded,896,896,0,6879
202403,1,3,2,Loaded,1150,1150,0,7553
202403,4,3,2,Loaded,166,166,0,1098
202403,2,3,2,Loaded,4238,4238,0,28706
202403,8,3,2,Loaded,106,106,0,932
202403,5,3,2,Loaded,538,538,0,4114
202403,9,3,2,Loaded,100,100,0,770
202403,6,4,2,Empty,7940,0,7940,0
202403,3,4,2,Empty,3818,0,3818,0
202403,1,4,2,Empty,370,0,370,0
202403,4,4,2,Empty,790,0,790,0
202403,2,4,2,Empty,1078,0,1078,0
202403,8,4,2,Empty,688,0,688,0
202403,5,4,2,Empty,2220,0,2220,0
202403,9,4,2,Empty,286,0,286,0
202403,6,4,2,Loaded,1958,1958,0,17493
202403,3,4,2,Loaded,202,202,0,1857
202403,1,4,2,Loaded,70,70,0,582
202403,4,4,2,Loaded,48,48,0,382
202403,2,4,2,Loaded,440,440,0,3651
202403,8,4,2,Loaded,2,2,0,24
202403,5,4,2,Loaded,16,16,0,158
202403,7,1,1,Empty,1691,0,1691,0
202403,7,1,1,Loaded,2193,2193,0,34796
202403,7,2,1,Empty,7,0,7,0
202403,7,2,1,Loaded,220,220,0,2632
202403,7,3,1,Empty,5962,0,5962,0
202403,7,3,1,Loaded,3702,3702,0,31892
202403,7,4,1,Empty,66,0,66,0
202403,7,4,1,Loaded,1620,1620,0,19803
202403,7,1,2,Empty,581,0,581,0
202403,7,1,2,Loaded,7400,7400,0,102890
202403,7,2,2,Empty,832,0,832,0
202403,7,2,2,Loaded,337,337,0,2371
202403,7,3,2,Empty,480,0,480,0
202403,7,3,2,Loaded,16620,16620,0,107898
202403,7,4,2,Empty,1476,0,1476,0
202403,7,4,2,Loaded,2188,2188,0,16165
202402,6,1,1,Empty,1159,0,1159,0
202402,3,1,1,Empty,51,0,51,0
202402,1,1,1,Empty,221,0,221,0
202402,4,1,1,Empty,5,0,5,0
202402,2,1,1,Empty,704,0,704,0
202402,5,1,1,Empty,215,0,215,0
202402,9,1,1,Empty,1,0,1,0
202402,6,1,1,Loaded,5355,5355,0,98901
202402,3,1,1,Loaded,873,873,0,15851
202402,1,1,1,Loaded,406,406,0,7565
202402,4,1,1,Loaded,385,385,0,7690
202402,2,1,1,Loaded,1714,1714,0,30526
202402,8,1,1,Loaded,75,75,0,1378
202402,5,1,1,Loaded,886,886,0,16187
202402,9,1,1,Loaded,434,434,0,9626
202402,6,2,1,Empty,62,0,62,0
202402,2,2,1,Empty,5,0,5,0
202402,5,2,1,Empty,28,0,28,0
202402,6,2,1,Loaded,2107,2107,0,32493
202402,3,2,1,Loaded,317,317,0,4364
202402,1,2,1,Loaded,61,61,0,829
202402,4,2,1,Loaded,99,99,0,1606
202402,2,2,1,Loaded,343,343,0,4587
202402,8,2,1,Loaded,2,2,0,42
202402,5,2,1,Loaded,554,554,0,8504
202402,9,2,1,Loaded,17,17,0,249
202402,6,3,1,Empty,3568,0,3568,0
202402,3,3,1,Empty,130,0,130,0
202402,1,3,1,Empty,672,0,672,0
202402,4,3,1,Empty,14,0,14,0
202402,2,3,1,Empty,2226,0,2226,0
202402,8,3,1,Empty,142,0,142,0
202402,5,3,1,Empty,66,0,66,0
202402,6,3,1,Loaded,18412,18412,0,209188
202402,3,3,1,Loaded,2260,2260,0,27279
202402,1,3,1,Loaded,924,924,0,11702
202402,4,3,1,Loaded,722,722,0,8465
202402,2,3,1,Loaded,6490,6490,0,80762
202402,8,3,1,Loaded,38,38,0,433
202402,5,3,1,Loaded,4970,4970,0,61773
202402,9,3,1,Loaded,1230,1230,0,16112
202402,6,4,1,Empty,208,0,208,0
202402,3,4,1,Empty,30,0,30,0
202402,4,4,1,Empty,4,0,4,0
202402,2,4,1,Empty,74,0,74,0
202402,5,4,1,Empty,122,0,122,0
202402,6,4,1,Loaded,7190,7190,0,83587
202402,3,4,1,Loaded,3772,3772,0,48808
202402,1,4,1,Loaded,470,470,0,5065
202402,4,4,1,Loaded,222,222,0,2609
202402,2,4,1,Loaded,1844,1844,0,22058
202402,8,4,1,Loaded,2,2,0,23
202402,5,4,1,Loaded,2830,2830,0,33513
202402,9,4,1,Loaded,224,224,0,2537
202402,6,1,2,Empty,485,0,485,0
202402,3,1,2,Empty,77,0,77,0
202402,4,1,2,Empty,87,0,87,0
202402,2,1,2,Empty,3,0,3,0
202402,5,1,2,Empty,240,0,240,0
202402,9,1,2,Empty,256,0,256,0
202402,6,1,2,Loaded,3355,3355,0,55030
202402,3,1,2,Loaded,591,591,0,11282
202402,1,1,2,Loaded,707,707,0,10916
202402,4,1,2,Loaded,159,159,0,2767
202402,2,1,2,Loaded,2233,2233,0,32222
202402,8,1,2,Loaded,158,158,0,3383
202402,5,1,2,Loaded,223,223,0,3847
202402,9,1,2,Loaded,263,263,0,5853
202402,6,2,2,Empty,1346,0,1346,0
202402,3,2,2,Empty,321,0,321,0
202402,1,2,2,Empty,265,0,265,0
202402,4,2,2,Empty,61,0,61,0
202402,2,2,2,Empty,525,0,525,0
202402,8,2,2,Empty,101,0,101,0
202402,5,2,2,Empty,244,0,244,0
202402,9,2,2,Empty,25,0,25,0
202402,6,2,2,Loaded,77,77,0,703
202402,3,2,2,Loaded,31,31,0,382
202402,1,2,2,Loaded,14,14,0,153
202402,4,2,2,Loaded,3,3,0,57
202402,2,2,2,Loaded,118,118,0,835
202402,8,2,2,Loaded,2,2,0,18
202402,5,2,2,Loaded,1,1,0,18
202402,6,3,2,Empty,7712,0,7712,0
202402,3,3,2,Empty,86,0,86,0
202402,1,3,2,Empty,158,0,158,0
202402,2,3,2,Empty,782,0,782,0
202402,8,3,2,Empty,1272,0,1272,0
202402,5,3,2,Empty,1368,0,1368,0
202402,9,3,2,Empty,710,0,710,0
202402,6,3,2,Loaded,8774,8774,0,71847
202402,3,3,2,Loaded,982,982,0,6861
202402,1,3,2,Loaded,1308,1308,0,8235
202402,4,3,2,Loaded,420,420,0,2505
202402,2,3,2,Loaded,5156,5156,0,36628
202402,8,3,2,Loaded,88,88,0,705
202402,5,3,2,Loaded,388,388,0,2866
202402,9,3,2,Loaded,102,102,0,920
202402,6,4,2,Empty,5352,0,5352,0
202402,3,4,2,Empty,4788,0,4788,0
202402,1,4,2,Empty,516,0,516,0
202402,4,4,2,Empty,1982,0,1982,0
202402,2,4,2,Empty,2000,0,2000,0
202402,8,4,2,Empty,422,0,422,0
202402,5,4,2,Empty,1202,0,1202,0
202402,9,4,2,Empty,290,0,290,0
202402,6,4,2,Loaded,1566,1566,0,14192
202402,3,4,2,Loaded,306,306,0,3002
202402,1,4,2,Loaded,80,80,0,542
202402,4,4,2,Loaded,430,430,0,2960
202402,2,4,2,Loaded,570,570,0,4006
202402,8,4,2,Loaded,2,2,0,20
202402,5,4,2,Loaded,10,10,0,95
202402,7,1,1,Empty,2500,0,2500,0
202402,7,1,1,Loaded,1613,1613,0,27177
202402,7,2,1,Empty,23,0,23,0
202402,7,2,1,Loaded,142,142,0,1527
202402,7,3,1,Empty,6356,0,6356,0
202402,7,3,1,Loaded,3590,3590,0,33616
202402,7,4,1,Empty,100,0,100,0
202402,7,4,1,Loaded,1116,1116,0,13225
202402,7,1,2,Empty,597,0,597,0
202402,7,1,2,Loaded,9204,9204,0,128101
202402,7,2,2,Empty,224,0,224,0
202402,7,2,2,Loaded,441,441,0,3257
202402,7,3,2,Empty,224,0,224,0
202402,7,3,2,Loaded,21188,21188,0,137260
202402,7,4,2,Empty,1300,0,1300,0
202402,7,4,2,Loaded,2664,2664,0,19681
202401,6,1,1,Empty,1659,0,1659,0
202401,3,1,1,Empty,183,0,183,0
202401,1,1,1,Empty,280,0,280,0
202401,4,1,1,Empty,6,0,6,0
202401,2,1,1,Empty,1094,0,1094,0
202401,5,1,1,Empty,133,0,133,0
202401,9,1,1,Empty,1,0,1,0
202401,6,1,1,Loaded,4270,4270,0,78754
202401,3,1,1,Loaded,539,539,0,9724
202401,1,1,1,Loaded,379,379,0,7355
202401,4,1,1,Loaded,187,187,0,3780
202401,2,1,1,Loaded,1275,1275,0,22101
202401,8,1,1,Loaded,26,26,0,468
202401,5,1,1,Loaded,1071,1071,0,19064
202401,9,1,1,Loaded,451,451,0,10126
202401,6,2,1,Empty,32,0,32,0
202401,3,2,1,Empty,5,0,5,0
202401,2,2,1,Empty,5,0,5,0
202401,6,2,1,Loaded,1865,1865,0,29090
202401,3,2,1,Loaded,274,274,0,3928
202401,1,2,1,Loaded,35,35,0,478
202401,4,2,1,Loaded,52,52,0,779
202401,2,2,1,Loaded,191,191,0,2773
202401,8,2,1,Loaded,1,1,0,9
202401,5,2,1,Loaded,353,353,0,5352
202401,9,2,1,Loaded,9,9,0,118
202401,6,3,1,Empty,3584,0,3584,0
202401,3,3,1,Empty,202,0,202,0
202401,1,3,1,Empty,316,0,316,0
202401,4,3,1,Empty,18,0,18,0
202401,2,3,1,Empty,1444,0,1444,0
202401,5,3,1,Empty,48,0,48,0
202401,9,3,1,Empty,8,0,8,0
202401,6,3,1,Loaded,15554,15554,0,183973
202401,3,3,1,Loaded,1732,1732,0,21319
202401,1,3,1,Loaded,804,804,0,10151
202401,4,3,1,Loaded,338,338,0,4073
202401,2,3,1,Loaded,4884,4884,0,60265
202401,8,3,1,Loaded,46,46,0,482
202401,5,3,1,Loaded,4970,4970,0,62815
202401,9,3,1,Loaded,1560,1560,0,20957
202401,6,4,1,Empty,108,0,108,0
202401,3,4,1,Empty,32,0,32,0
202401,1,4,1,Empty,6,0,6,0
202401,2,4,1,Empty,6,0,6,0
202401,6,4,1,Loaded,6494,6494,0,75161
202401,3,4,1,Loaded,1410,1410,0,16869
202401,1,4,1,Loaded,366,366,0,3680
202401,4,4,1,Loaded,110,110,0,1168
202401,2,4,1,Loaded,1464,1464,0,17890
202401,8,4,1,Loaded,48,48,0,503
202401,5,4,1,Loaded,2806,2806,0,33609
202401,9,4,1,Loaded,242,242,0,2788
202401,6,1,2,Empty,1258,0,1258,0
202401,3,1,2,Empty,114,0,114,0
202401,1,1,2,Empty,3,0,3,0
202401,4,1,2,Empty,137,0,137,0
202401,2,1,2,Empty,12,0,12,0
202401,5,1,2,Empty,97,0,97,0
202401,9,1,2,Empty,638,0,638,0
202401,6,1,2,Loaded,3241,3241,0,51452
202401,3,1,2,Loaded,474,474,0,8095
202401,1,1,2,Loaded,673,673,0,9966
202401,4,1,2,Loaded,127,127,0,1995
202401,2,1,2,Loaded,1860,1860,0,26052
202401,8,1,2,Loaded,63,63,0,1255
202401,5,1,2,Loaded,331,331,0,6641
202401,9,1,2,Loaded,212,212,0,4190
202401,6,2,2,Empty,1248,0,1248,0
202401,3,2,2,Empty,258,0,258,0
202401,1,2,2,Empty,165,0,165,0
202401,4,2,2,Empty,88,0,88,0
202401,2,2,2,Empty,283,0,283,0
202401,5,2,2,Empty,446,0,446,0
202401,9,2,2,Empty,20,0,20,0
202401,6,2,2,Loaded,131,131,0,1258
202401,3,2,2,Loaded,8,8,0,75
202401,1,2,2,Loaded,8,8,0,52
202401,4,2,2,Loaded,4,4,0,58
202401,2,2,2,Loaded,59,59,0,441
202401,8,2,2,Loaded,2,2,0,35
202401,5,2,2,Loaded,1,1,0,3
202401,6,3,2,Empty,5318,0,5318,0
202401,3,3,2,Empty,360,0,360,0
202401,1,3,2,Empty,640,0,640,0
202401,2,3,2,Empty,280,0,280,0
202401,8,3,2,Empty,2236,0,2236,0
202401,5,3,2,Empty,552,0,552,0
202401,9,3,2,Empty,1756,0,1756,0
202401,6,3,2,Loaded,8744,8744,0,72551
202401,3,3,2,Loaded,852,852,0,5948
202401,1,3,2,Loaded,1232,1232,0,7339
202401,4,3,2,Loaded,204,204,0,1214
202401,2,3,2,Loaded,4270,4270,0,32237
202401,8,3,2,Loaded,84,84,0,957
202401,5,3,2,Loaded,604,604,0,4546
202401,9,3,2,Loaded,126,126,0,915
202401,6,4,2,Empty,4454,0,4454,0
202401,3,4,2,Empty,2346,0,2346,0
202401,1,4,2,Empty,86,0,86,0
202401,4,4,2,Empty,508,0,508,0
202401,2,4,2,Empty,1092,0,1092,0
202401,8,4,2,Empty,618,0,618,0
202401,5,4,2,Empty,1896,0,1896,0
202401,9,4,2,Empty,392,0,392,0
202401,6,4,2,Loaded,1608,1608,0,14237
202401,3,4,2,Loaded,250,250,0,2199
202401,1,4,2,Loaded,108,108,0,708
202401,4,4,2,Loaded,84,84,0,639
202401,2,4,2,Loaded,432,432,0,3175
202401,8,4,2,Loaded,8,8,0,96
202401,5,4,2,Loaded,14,14,0,129
202401,7,1,1,Empty,2493,0,2493,0
202401,7,1,1,Loaded,908,908,0,15303
202401,7,2,1,Empty,15,0,15,0
202401,7,2,1,Loaded,72,72,0,769
202401,7,3,1,Empty,5738,0,5738,0
202401,7,3,1,Loaded,1642,1642,0,15352
202401,7,4,1,Empty,48,0,48,0
202401,7,4,1,Loaded,414,414,0,4523
202401,7,1,2,Empty,208,0,208,0
202401,7,1,2,Loaded,8129,8129,0,110077
202401,7,2,2,Empty,95,0,95,0
202401,7,2,2,Loaded,392,392,0,2834
202401,7,3,2,Empty,168,0,168,0
202401,7,3,2,Loaded,19564,19564,0,127172
202401,7,4,2,Empty,270,0,270,0
202401,7,4,2,Loaded,2380,2380,0,16651
202312,6,1,1,Empty,2263,0,2263,0
202312,3,1,1,Empty,184,0,184,0
202312,1,1,1,Empty,377,0,377,0
202312,4,1,1,Empty,7,0,7,0
202312,2,1,1,Empty,729,0,729,0
202312,5,1,1,Empty,32,0,32,0
202312,6,1,1,Loaded,5807,5807,0,105553
202312,3,1,1,Loaded,552,552,0,10119
202312,1,1,1,Loaded,431,431,0,7920
202312,4,1,1,Loaded,273,273,0,5740
202312,2,1,1,Loaded,1771,1771,0,31739
202312,8,1,1,Loaded,114,114,0,2093
202312,5,1,1,Loaded,1088,1088,0,20038
202312,9,1,1,Loaded,545,545,0,11840
202312,6,2,1,Empty,59,0,59,0
202312,1,2,1,Empty,10,0,10,0
202312,2,2,1,Empty,11,0,11,0
202312,6,2,1,Loaded,2474,2474,0,38460
202312,3,2,1,Loaded,356,356,0,4878
202312,1,2,1,Loaded,61,61,0,837
202312,4,2,1,Loaded,25,25,0,304
202312,2,2,1,Loaded,429,429,0,6011
202312,8,2,1,Loaded,1,1,0,16
202312,5,2,1,Loaded,422,422,0,6135
202312,9,2,1,Loaded,19,19,0,251
202312,6,3,1,Empty,3118,0,3118,0
202312,3,3,1,Empty,442,0,442,0
202312,1,3,1,Empty,554,0,554,0
202312,4,3,1,Empty,8,0,8,0
202312,2,3,1,Empty,1996,0,1996,0
202312,8,3,1,Empty,94,0,94,0
202312,5,3,1,Empty,48,0,48,0
202312,9,3,1,Empty,2,0,2,0
202312,6,3,1,Loaded,18914,18914,0,212311
202312,3,3,1,Loaded,2364,2364,0,28547
202312,1,3,1,Loaded,806,806,0,9724
202312,4,3,1,Loaded,468,468,0,5545
202312,2,3,1,Loaded,6538,6538,0,79178
202312,8,3,1,Loaded,30,30,0,355
202312,5,3,1,Loaded,5224,5224,0,65456
202312,9,3,1,Loaded,1044,1044,0,13929
202312,6,4,1,Empty,264,0,264,0
202312,3,4,1,Empty,6,0,6,0
202312,2,4,1,Empty,66,0,66,0
202312,5,4,1,Empty,58,0,58,0
202312,6,4,1,Loaded,7038,7038,0,80739
202312,3,4,1,Loaded,1416,1416,0,16276
202312,1,4,1,Loaded,450,450,0,4633
202312,4,4,1,Loaded,108,108,0,1296
202312,2,4,1,Loaded,2186,2186,0,26002
202312,8,4,1,Loaded,46,46,0,478
202312,5,4,1,Loaded,2712,2712,0,32271
202312,9,4,1,Loaded,202,202,0,2211
202312,6,1,2,Empty,898,0,898,0
202312,3,1,2,Empty,146,0,146,0
202312,2,1,2,Empty,3,0,3,0
202312,9,1,2,Empty,110,0,110,0
202312,6,1,2,Loaded,3550,3550,0,56800
202312,3,1,2,Loaded,490,490,0,9439
202312,1,1,2,Loaded,561,561,0,7670
202312,4,1,2,Loaded,48,48,0,549
202312,2,1,2,Loaded,1977,1977,0,27154
202312,8,1,2,Loaded,63,63,0,1154
202312,5,1,2,Loaded,178,178,0,3127
202312,9,1,2,Loaded,285,285,0,5617
202312,6,2,2,Empty,673,0,673,0
202312,3,2,2,Empty,419,0,419,0
202312,1,2,2,Empty,120,0,120,0
202312,4,2,2,Empty,10,0,10,0
202312,2,2,2,Empty,293,0,293,0
202312,8,2,2,Empty,33,0,33,0
202312,5,2,2,Empty,570,0,570,0
202312,9,2,2,Empty,15,0,15,0
202312,6,2,2,Loaded,131,131,0,1272
202312,3,2,2,Loaded,10,10,0,59
202312,1,2,2,Loaded,5,5,0,32
202312,2,2,2,Loaded,92,92,0,565
202312,6,3,2,Empty,9336,0,9336,0
202312,3,3,2,Empty,184,0,184,0
202312,1,3,2,Empty,20,0,20,0
202312,4,3,2,Empty,382,0,382,0
202312,2,3,2,Empty,176,0,176,0
202312,8,3,2,Empty,1716,0,1716,0
202312,5,3,2,Empty,16,0,16,0
202312,9,3,2,Empty,1270,0,1270,0
202312,6,3,2,Loaded,10616,10616,0,83274
202312,3,3,2,Loaded,810,810,0,6388
202312,1,3,2,Loaded,1106,1106,0,6760
202312,4,3,2,Loaded,106,106,0,599
202312,2,3,2,Loaded,5098,5098,0,36485
202312,8,3,2,Loaded,194,194,0,1473
202312,5,3,2,Loaded,350,350,0,2802
202312,9,3,2,Loaded,62,62,0,537
202312,6,4,2,Empty,6920,0,6920,0
202312,3,4,2,Empty,2812,0,2812,0
202312,1,4,2,Empty,446,0,446,0
202312,4,4,2,Empty,316,0,316,0
202312,2,4,2,Empty,1544,0,1544,0
202312,8,4,2,Empty,444,0,444,0
202312,5,4,2,Empty,1590,0,1590,0
202312,9,4,2,Empty,170,0,170,0
202312,6,4,2,Loaded,1880,1880,0,17210
202312,3,4,2,Loaded,224,224,0,2171
202312,1,4,2,Loaded,128,128,0,836
202312,4,4,2,Loaded,278,278,0,1837
202312,2,4,2,Loaded,544,544,0,4130
202312,5,4,2,Loaded,18,18,0,168
202312,7,1,1,Empty,2512,0,2512,0
202312,7,1,1,Loaded,2007,2007,0,33719
202312,7,2,1,Empty,4,0,4,0
202312,7,2,1,Loaded,159,159,0,1762
202312,7,3,1,Empty,4560,0,4560,0
202312,7,3,1,Loaded,3806,3806,0,34712
202312,7,4,1,Empty,138,0,138,0
202312,7,4,1,Loaded,520,520,0,5096
202312,7,1,2,Empty,202,0,202,0
202312,7,1,2,Loaded,8692,8692,0,115115
202312,7,2,2,Empty,165,0,165,0
202312,7,2,2,Loaded,456,456,0,3571
202312,7,3,2,Empty,408,0,408,0
202312,7,3,2,Loaded,20136,20136,0,126609
202312,7,4,2,Empty,648,0,648,0
202312,7,4,2,Loaded,2548,2548,0,18883
202311,6,1,1,Empty,3116,0,3116,0
202311,3,1,1,Empty,117,0,117,0
202311,1,1,1,Empty,388,0,388,0
202311,4,1,1,Empty,2,0,2,0
202311,2,1,1,Empty,1151,0,1151,0
202311,5,1,1,Empty,74,0,74,0
202311,9,1,1,Empty,2,0,2,0
202311,6,1,1,Loaded,5539,5539,0,99393
202311,3,1,1,Loaded,645,645,0,11496
202311,1,1,1,Loaded,408,408,0,7791
202311,4,1,1,Loaded,259,259,0,5351
202311,2,1,1,Loaded,1655,1655,0,29942
202311,8,1,1,Loaded,90,90,0,1637
202311,5,1,1,Loaded,1192,1192,0,22332
202311,9,1,1,Loaded,709,709,0,15327
202311,6,2,1,Empty,110,0,110,0
202311,3,2,1,Empty,2,0,2,0
202311,1,2,1,Empty,1,0,1,0
202311,2,2,1,Empty,10,0,10,0
202311,5,2,1,Empty,10,0,10,0
202311,6,2,1,Loaded,1957,1957,0,29717
202311,3,2,1,Loaded,294,294,0,4093
202311,1,2,1,Loaded,33,33,0,427
202311,4,2,1,Loaded,25,25,0,354
202311,2,2,1,Loaded,349,349,0,5073
202311,8,2,1,Loaded,10,10,0,148
202311,5,2,1,Loaded,388,388,0,5828
202311,9,2,1,Loaded,17,17,0,263
202311,6,3,1,Empty,3026,0,3026,0
202311,3,3,1,Empty,266,0,266,0
202311,1,3,1,Empty,546,0,546,0
202311,4,3,1,Empty,8,0,8,0
202311,2,3,1,Empty,2760,0,2760,0
202311,8,3,1,Empty,6,0,6,0
202311,5,3,1,Empty,68,0,68,0
202311,9,3,1,Empty,6,0,6,0
202311,6,3,1,Loaded,20368,20368,0,234112
202311,3,3,1,Loaded,2416,2416,0,29205
202311,1,3,1,Loaded,1168,1168,0,14915
202311,4,3,1,Loaded,452,452,0,5351
202311,2,3,1,Loaded,6418,6418,0,79067
202311,8,3,1,Loaded,470,470,0,6094
202311,5,3,1,Loaded,5284,5284,0,64651
202311,9,3,1,Loaded,1076,1076,0,13766
202311,6,4,1,Empty,756,0,756,0
202311,3,4,1,Empty,18,0,18,0
202311,1,4,1,Empty,6,0,6,0
202311,4,4,1,Empty,8,0,8,0
202311,2,4,1,Empty,158,0,158,0
202311,5,4,1,Empty,64,0,64,0
202311,6,4,1,Loaded,6530,6530,0,75606
202311,3,4,1,Loaded,972,972,0,11662
202311,1,4,1,Loaded,402,402,0,4231
202311,4,4,1,Loaded,104,104,0,1294
202311,2,4,1,Loaded,1698,1698,0,20558
202311,8,4,1,Loaded,188,188,0,2013
202311,5,4,1,Loaded,2544,2544,0,30494
202311,9,4,1,Loaded,280,280,0,3370
202311,6,1,2,Empty,542,0,542,0
202311,3,1,2,Empty,162,0,162,0
202311,1,1,2,Empty,68,0,68,0
202311,4,1,2,Empty,120,0,120,0
202311,8,1,2,Empty,50,0,50,0
202311,5,1,2,Empty,152,0,152,0
202311,9,1,2,Empty,529,0,529,0
202311,6,1,2,Loaded,3382,3382,0,54298
202311,3,1,2,Loaded,630,630,0,11161
202311,1,1,2,Loaded,700,700,0,11018
202311,4,1,2,Loaded,110,110,0,1747
202311,2,1,2,Loaded,2204,2204,0,32798
202311,8,1,2,Loaded,141,141,0,2895
202311,5,1,2,Loaded,211,211,0,4158
202311,9,1,2,Loaded,263,263,0,5499
202311,6,2,2,Empty,1134,0,1134,0
202311,3,2,2,Empty,370,0,370,0
202311,1,2,2,Empty,19,0,19,0
202311,2,2,2,Empty,422,0,422,0
202311,8,2,2,Empty,142,0,142,0
202311,5,2,2,Empty,522,0,522,0
202311,9,2,2,Empty,20,0,20,0
202311,6,2,2,Loaded,122,122,0,1028
202311,3,2,2,Loaded,8,8,0,79
202311,1,2,2,Loaded,14,14,0,72
202311,4,2,2,Loaded,3,3,0,60
202311,2,2,2,Loaded,90,90,0,566
202311,8,2,2,Loaded,3,3,0,34
202311,5,2,2,Loaded,2,2,0,30
202311,6,3,2,Empty,8188,0,8188,0
202311,3,3,2,Empty,1146,0,1146,0
202311,1,3,2,Empty,2,0,2,0
202311,4,3,2,Empty,572,0,572,0
202311,8,3,2,Empty,1768,0,1768,0
202311,5,3,2,Empty,1488,0,1488,0
202311,9,3,2,Empty,1090,0,1090,0
202311,6,3,2,Loaded,9650,9650,0,78371
202311,3,3,2,Loaded,818,818,0,6051
202311,1,3,2,Loaded,1490,1490,0,9311
202311,4,3,2,Loaded,170,170,0,1213
202311,2,3,2,Loaded,4788,4788,0,33413
202311,8,3,2,Loaded,90,90,0,679
202311,5,3,2,Loaded,446,446,0,3608
202311,9,3,2,Loaded,72,72,0,447
202311,6,4,2,Empty,6190,0,6190,0
202311,3,4,2,Empty,1788,0,1788,0
202311,1,4,2,Empty,182,0,182,0
202311,4,4,2,Empty,80,0,80,0
202311,2,4,2,Empty,1510,0,1510,0
202311,8,4,2,Empty,678,0,678,0
202311,5,4,2,Empty,1282,0,1282,0
202311,9,4,2,Empty,380,0,380,0
202311,6,4,2,Loaded,1752,1752,0,15559
202311,3,4,2,Loaded,364,364,0,3849
202311,1,4,2,Loaded,182,182,0,1300
202311,4,4,2,Loaded,308,308,0,2099
202311,2,4,2,Loaded,498,498,0,3679
202311,8,4,2,Loaded,2,2,0,19
202311,5,4,2,Loaded,18,18,0,137
202311,7,1,1,Empty,2671,0,2671,0
202311,7,1,1,Loaded,1847,1847,0,31273
202311,7,2,1,Empty,1,0,1,0
202311,7,2,1,Loaded,137,137,0,1495
202311,7,3,1,Empty,4876,0,4876,0
202311,7,3,1,Loaded,3800,3800,0,33721
202311,7,4,1,Empty,64,0,64,0
202311,7,4,1,Loaded,650,650,0,6907
202311,7,1,2,Empty,28,0,28,0
202311,7,1,2,Loaded,9071,9071,0,124338
202311,7,2,2,Empty,145,0,145,0
202311,7,2,2,Loaded,462,462,0,3707
202311,7,3,2,Empty,644,0,644,0
202311,7,3,2,Loaded,19698,19698,0,125497
202311,7,4,2,Empty,896,0,896,0
202311,7,4,2,Loaded,3086,3086,0,23668
202310,6,1,1,Empty,2757,0,2757,0
202310,3,1,1,Empty,221,0,221,0
202310,1,1,1,Empty,538,0,538,0
202310,4,1,1,Empty,6,0,6,0
202310,2,1,1,Empty,812,0,812,0
202310,5,1,1,Empty,196,0,196,0
202310,9,1,1,Empty,2,0,2,0
202310,6,1,1,Loaded,5349,5349,0,98331
202310,3,1,1,Loaded,643,643,0,10889
202310,1,1,1,Loaded,316,316,0,6098
202310,4,1,1,Loaded,284,284,0,5780
202310,2,1,1,Loaded,2029,2029,0,37679
202310,8,1,1,Loaded,93,93,0,1752
202310,5,1,1,Loaded,1193,1193,0,22323
202310,9,1,1,Loaded,479,479,0,10298
202310,6,2,1,Empty,125,0,125,0
202310,3,2,1,Empty,2,0,2,0
202310,1,2,1,Empty,6,0,6,0
202310,2,2,1,Empty,37,0,37,0
202310,5,2,1,Empty,4,0,4,0
202310,6,2,1,Loaded,1693,1693,0,24472
202310,3,2,1,Loaded,258,258,0,3396
202310,1,2,1,Loaded,33,33,0,420
202310,4,2,1,Loaded,21,21,0,342
202310,2,2,1,Loaded,428,428,0,6133
202310,8,2,1,Loaded,20,20,0,244
202310,5,2,1,Loaded,398,398,0,5879
202310,9,2,1,Loaded,8,8,0,114
202310,6,3,1,Empty,4342,0,4342,0
202310,3,3,1,Empty,86,0,86,0
202310,1,3,1,Empty,228,0,228,0
202310,4,3,1,Empty,18,0,18,0
202310,2,3,1,Empty,1398,0,1398,0
202310,8,3,1,Empty,2,0,2,0
202310,5,3,1,Empty,174,0,174,0
202310,6,3,1,Loaded,19138,19138,0,218249
202310,3,3,1,Loaded,2528,2528,0,30835
202310,1,3,1,Loaded,1008,1008,0,12862
202310,4,3,1,Loaded,710,710,0,8311
202310,2,3,1,Loaded,6088,6088,0,73178
202310,8,3,1,Loaded,192,192,0,1990
202310,5,3,1,Loaded,4490,4490,0,55063
202310,9,3,1,Loaded,1244,1244,0,16052
202310,6,4,1,Empty,414,0,414,0
202310,3,4,1,Empty,24,0,24,0
202310,1,4,1,Empty,10,0,10,0
202310,2,4,1,Empty,18,0,18,0
202310,5,4,1,Empty,30,0,30,0
202310,6,4,1,Loaded,6252,6252,0,72166
202310,3,4,1,Loaded,1160,1160,0,13766
202310,1,4,1,Loaded,204,204,0,2183
202310,4,4,1,Loaded,142,142,0,1700
202310,2,4,1,Loaded,2228,2228,0,27386
202310,8,4,1,Loaded,332,332,0,3643
202310,5,4,1,Loaded,1898,1898,0,22770
202310,9,4,1,Loaded,180,180,0,2114
202310,6,1,2,Empty,933,0,933,0
202310,3,1,2,Empty,31,0,31,0
202310,2,1,2,Empty,22,0,22,0
202310,8,1,2,Empty,50,0,50,0
202310,5,1,2,Empty,207,0,207,0
202310,9,1,2,Empty,86,0,86,0
202310,6,1,2,Loaded,4354,4354,0,69178
202310,3,1,2,Loaded,614,614,0,10750
202310,1,1,2,Loaded,651,651,0,9526
202310,4,1,2,Loaded,117,117,0,2091
202310,2,1,2,Loaded,2303,2303,0,31909
202310,8,1,2,Loaded,112,112,0,2211
202310,5,1,2,Loaded,225,225,0,4291
202310,9,1,2,Loaded,357,357,0,7634
202310,6,2,2,Empty,948,0,948,0
202310,3,2,2,Empty,283,0,283,0
202310,1,2,2,Empty,118,0,118,0
202310,4,2,2,Empty,43,0,43,0
202310,2,2,2,Empty,726,0,726,0
202310,8,2,2,Empty,36,0,36,0
202310,5,2,2,Empty,290,0,290,0
202310,6,2,2,Loaded,141,141,0,1125
202310,3,2,2,Loaded,11,11,0,82
202310,1,2,2,Loaded,30,30,0,290
202310,2,2,2,Loaded,112,112,0,666
202310,8,2,2,Loaded,1,1,0,9
202310,5,2,2,Loaded,2,2,0,16
202310,9,2,2,Loaded,1,1,0,18
202310,6,3,2,Empty,6006,0,6006,0
202310,3,3,2,Empty,732,0,732,0
202310,4,3,2,Empty,16,0,16,0
202310,2,3,2,Empty,68,0,68,0
202310,8,3,2,Empty,366,0,366,0
202310,5,3,2,Empty,2048,0,2048,0
202310,9,3,2,Empty,1050,0,1050,0
202310,6,3,2,Loaded,11896,11896,0,90924
202310,3,3,2,Loaded,1208,1208,0,8885
202310,1,3,2,Loaded,1350,1350,0,8183
202310,4,3,2,Loaded,318,318,0,2493
202310,2,3,2,Loaded,5726,5726,0,39327
202310,8,3,2,Loaded,78,78,0,738
202310,5,3,2,Loaded,618,618,0,5071
202310,9,3,2,Loaded,114,114,0,758
202310,6,4,2,Empty,3876,0,3876,0
202310,3,4,2,Empty,458,0,458,0
202310,1,4,2,Empty,78,0,78,0
202310,4,4,2,Empty,60,0,60,0
202310,2,4,2,Empty,1500,0,1500,0
202310,8,4,2,Empty,60,0,60,0
202310,5,4,2,Empty,1160,0,1160,0
202310,9,4,2,Empty,38,0,38,0
202310,6,4,2,Loaded,1818,1818,0,15533
202310,3,4,2,Loaded,438,438,0,4801
202310,1,4,2,Loaded,124,124,0,1005
202310,4,4,2,Loaded,240,240,0,1632
202310,2,4,2,Loaded,582,582,0,4475
202310,5,4,2,Loaded,20,20,0,188
202310,9,4,2,Loaded,2,2,0,24
202310,7,1,1,Empty,1611,0,1611,0
202310,7,1,1,Loaded,1729,1729,0,27373
202310,7,2,1,Empty,27,0,27,0
202310,7,2,1,Loaded,102,102,0,1013
202310,7,3,1,Empty,4512,0,4512,0
202310,7,3,1,Loaded,3262,3262,0,28524
202310,7,4,1,Empty,200,0,200,0
202310,7,4,1,Loaded,340,340,0,3062
202310,7,1,2,Empty,18,0,18,0
202310,7,1,2,Loaded,8824,8824,0,118859
202310,7,2,2,Empty,81,0,81,0
202310,7,2,2,Loaded,433,433,0,3437
202310,7,3,2,Empty,30,0,30,0
202310,7,3,2,Loaded,20592,20592,0,126569
202310,7,4,2,Empty,68,0,68,0
202310,7,4,2,Loaded,2718,2718,0,20138
202309,6,1,1,Empty,1867,0,1867,0
202309,3,1,1,Empty,462,0,462,0
202309,1,1,1,Empty,333,0,333,0
202309,4,1,1,Empty,4,0,4,0
202309,2,1,1,Empty,748,0,748,0
202309,5,1,1,Empty,119,0,119,0
202309,9,1,1,Empty,3,0,3,0
202309,6,1,1,Loaded,4250,4250,0,75711
202309,3,1,1,Loaded,686,686,0,12025
202309,1,1,1,Loaded,448,448,0,8679
202309,4,1,1,Loaded,328,328,0,6794
202309,2,1,1,Loaded,1373,1373,0,24949
202309,8,1,1,Loaded,72,72,0,1326
202309,5,1,1,Loaded,634,634,0,11817
202309,9,1,1,Loaded,512,512,0,11672
202309,6,2,1,Empty,102,0,102,0
202309,1,2,1,Empty,2,0,2,0
202309,2,2,1,Empty,28,0,28,0
202309,5,2,1,Empty,3,0,3,0
202309,6,2,1,Loaded,1284,1284,0,18264
202309,3,2,1,Loaded,207,207,0,2957
202309,1,2,1,Loaded,32,32,0,355
202309,4,2,1,Loaded,40,40,0,622
202309,2,2,1,Loaded,331,331,0,4658
202309,8,2,1,Loaded,51,51,0,763
202309,5,2,1,Loaded,431,431,0,6473
202309,9,2,1,Loaded,13,13,0,175
202309,6,3,1,Empty,1826,0,1826,0
202309,3,3,1,Empty,172,0,172,0
202309,1,3,1,Empty,376,0,376,0
202309,4,3,1,Empty,16,0,16,0
202309,2,3,1,Empty,3050,0,3050,0
202309,5,3,1,Empty,40,0,40,0
202309,9,3,1,Empty,14,0,14,0
202309,6,3,1,Loaded,13348,13348,0,144006
202309,3,3,1,Loaded,2172,2172,0,26151
202309,1,3,1,Loaded,680,680,0,8139
202309,4,3,1,Loaded,774,774,0,9491
202309,2,3,1,Loaded,4792,4792,0,57303
202309,8,3,1,Loaded,278,278,0,3333
202309,5,3,1,Loaded,2418,2418,0,28705
202309,9,3,1,Loaded,518,518,0,6056
202309,6,4,1,Empty,468,0,468,0
202309,1,4,1,Empty,6,0,6,0
202309,4,4,1,Empty,2,0,2,0
202309,2,4,1,Empty,76,0,76,0
202309,5,4,1,Empty,70,0,70,0
202309,6,4,1,Loaded,5898,5898,0,66356
202309,3,4,1,Loaded,1402,1402,0,16349
202309,1,4,1,Loaded,260,260,0,2933
202309,4,4,1,Loaded,352,352,0,4308
202309,2,4,1,Loaded,1942,1942,0,23861
202309,8,4,1,Loaded,584,584,0,6711
202309,5,4,1,Loaded,1140,1140,0,13579
202309,9,4,1,Loaded,166,166,0,1954
202309,6,1,2,Empty,970,0,970,0
202309,3,1,2,Empty,109,0,109,0
202309,1,1,2,Empty,1,0,1,0
202309,2,1,2,Empty,26,0,26,0
202309,8,1,2,Empty,150,0,150,0
202309,5,1,2,Empty,336,0,336,0
202309,9,1,2,Empty,285,0,285,0
202309,6,1,2,Loaded,3655,3655,0,57529
202309,3,1,2,Loaded,631,631,0,11005
202309,1,1,2,Loaded,806,806,0,12282
202309,4,1,2,Loaded,117,117,0,1830
202309,2,1,2,Loaded,2025,2025,0,29490
202309,8,1,2,Loaded,195,195,0,4210
202309,5,1,2,Loaded,342,342,0,7059
202309,9,1,2,Loaded,229,229,0,5191
202309,6,2,2,Empty,527,0,527,0
202309,3,2,2,Empty,146,0,146,0
202309,1,2,2,Empty,179,0,179,0
202309,4,2,2,Empty,25,0,25,0
202309,2,2,2,Empty,194,0,194,0
202309,8,2,2,Empty,70,0,70,0
202309,5,2,2,Empty,149,0,149,0
202309,6,2,2,Loaded,121,121,0,894
202309,3,2,2,Loaded,7,7,0,61
202309,1,2,2,Loaded,9,9,0,48
202309,2,2,2,Loaded,111,111,0,925
202309,5,2,2,Loaded,2,2,0,29
202309,6,3,2,Empty,2924,0,2924,0
202309,3,3,2,Empty,854,0,854,0
202309,4,3,2,Empty,8,0,8,0
202309,8,3,2,Empty,278,0,278,0
202309,5,3,2,Empty,1044,0,1044,0
202309,9,3,2,Empty,1032,0,1032,0
202309,6,3,2,Loaded,9080,9080,0,69350
202309,3,3,2,Loaded,1044,1044,0,6956
202309,1,3,2,Loaded,1578,1578,0,10943
202309,4,3,2,Loaded,174,174,0,1028
202309,2,3,2,Loaded,4688,4688,0,31456
202309,8,3,2,Loaded,64,64,0,498
202309,5,3,2,Loaded,502,502,0,4786
202309,9,3,2,Loaded,44,44,0,313
202309,6,4,2,Empty,1430,0,1430,0
202309,3,4,2,Empty,692,0,692,0
202309,1,4,2,Empty,156,0,156,0
202309,4,4,2,Empty,224,0,224,0
202309,2,4,2,Empty,182,0,182,0
202309,8,4,2,Empty,320,0,320,0
202309,5,4,2,Empty,530,0,530,0
202309,9,4,2,Empty,216,0,216,0
202309,6,4,2,Loaded,1778,1778,0,16133
202309,3,4,2,Loaded,382,382,0,3796
202309,1,4,2,Loaded,194,194,0,1515
202309,4,4,2,Loaded,338,338,0,2479
202309,2,4,2,Loaded,496,496,0,4240
202309,5,4,2,Loaded,16,16,0,209
202309,9,4,2,Loaded,2,2,0,9
202309,7,1,1,Empty,1212,0,1212,0
202309,7,1,1,Loaded,1585,1585,0,26047
202309,7,2,1,Empty,2,0,2,0
202309,7,2,1,Loaded,132,132,0,1358
202309,7,3,1,Empty,4196,0,4196,0
202309,7,3,1,Loaded,2776,2776,0,25391
202309,7,4,1,Empty,458,0,458,0
202309,7,4,1,Loaded,350,350,0,3625
202309,7,1,2,Empty,55,0,55,0
202309,7,1,2,Loaded,8719,8719,0,119002
202309,7,2,2,Empty,70,0,70,0
202309,7,2,2,Loaded,440,440,0,3370
202309,7,3,2,Empty,2,0,2,0
202309,7,3,2,Loaded,20586,20586,0,127446
202309,7,4,2,Empty,4,0,4,0
202309,7,4,2,Loaded,2628,2628,0,19615
202308,6,1,1,Empty,2528,0,2528,0
202308,3,1,1,Empty,427,0,427,0
202308,1,1,1,Empty,365,0,365,0
202308,4,1,1,Empty,3,0,3,0
202308,2,1,1,Empty,1167,0,1167,0
202308,5,1,1,Empty,30,0,30,0
202308,9,1,1,Empty,2,0,2,0
202308,6,1,1,Loaded,4729,4729,0,85536
202308,3,1,1,Loaded,770,770,0,13694
202308,1,1,1,Loaded,475,475,0,9117
202308,4,1,1,Loaded,250,250,0,5161
202308,2,1,1,Loaded,1414,1414,0,25809
202308,8,1,1,Loaded,97,97,0,1724
202308,5,1,1,Loaded,562,562,0,10217
202308,9,1,1,Loaded,743,743,0,16329
202308,6,2,1,Empty,125,0,125,0
202308,3,2,1,Empty,3,0,3,0
202308,1,2,1,Empty,5,0,5,0
202308,2,2,1,Empty,6,0,6,0
202308,5,2,1,Empty,12,0,12,0
202308,6,2,1,Loaded,1815,1815,0,26430
202308,3,2,1,Loaded,282,282,0,3884
202308,1,2,1,Loaded,47,47,0,587
202308,4,2,1,Loaded,25,25,0,351
202308,2,2,1,Loaded,388,388,0,5593
202308,8,2,1,Loaded,22,22,0,333
202308,5,2,1,Loaded,412,412,0,6404
202308,9,2,1,Loaded,10,10,0,147
202308,6,3,1,Empty,3874,0,3874,0
202308,3,3,1,Empty,184,0,184,0
202308,1,3,1,Empty,728,0,728,0
202308,4,3,1,Empty,8,0,8,0
202308,2,3,1,Empty,4576,0,4576,0
202308,8,3,1,Empty,4,0,4,0
202308,5,3,1,Empty,348,0,348,0
202308,6,3,1,Loaded,14262,14262,0,151866
202308,3,3,1,Loaded,2226,2226,0,26540
202308,1,3,1,Loaded,568,568,0,6335
202308,4,3,1,Loaded,542,542,0,6541
202308,2,3,1,Loaded,3482,3482,0,40340
202308,8,3,1,Loaded,36,36,0,392
202308,5,3,1,Loaded,2850,2850,0,34038
202308,9,3,1,Loaded,732,732,0,8235
202308,6,4,1,Empty,244,0,244,0
202308,3,4,1,Empty,28,0,28,0
202308,4,4,1,Empty,68,0,68,0
202308,2,4,1,Empty,20,0,20,0
202308,5,4,1,Empty,176,0,176,0
202308,6,4,1,Loaded,10644,10644,0,120301
202308,3,4,1,Loaded,2262,2262,0,26084
202308,1,4,1,Loaded,326,326,0,3555
202308,4,4,1,Loaded,398,398,0,4689
202308,2,4,1,Loaded,1578,1578,0,19324
202308,8,4,1,Loaded,402,402,0,4800
202308,5,4,1,Loaded,1470,1470,0,16806
202308,9,4,1,Loaded,102,102,0,1129
202308,6,1,2,Empty,905,0,905,0
202308,3,1,2,Empty,31,0,31,0
202308,1,1,2,Empty,6,0,6,0
202308,4,1,2,Empty,102,0,102,0
202308,2,1,2,Empty,9,0,9,0
202308,8,1,2,Empty,173,0,173,0
202308,5,1,2,Empty,112,0,112,0
202308,9,1,2,Empty,570,0,570,0
202308,6,1,2,Loaded,3446,3446,0,56384
202308,3,1,2,Loaded,706,706,0,13195
202308,1,1,2,Loaded,678,678,0,9305
202308,4,1,2,Loaded,73,73,0,1297
202308,2,1,2,Loaded,2481,2481,0,36069
202308,8,1,2,Loaded,268,268,0,5887
202308,5,1,2,Loaded,280,280,0,5503
202308,9,1,2,Loaded,352,352,0,7673
202308,6,2,2,Empty,761,0,761,0
202308,3,2,2,Empty,156,0,156,0
202308,1,2,2,Empty,38,0,38,0
202308,4,2,2,Empty,9,0,9,0
202308,2,2,2,Empty,194,0,194,0
202308,8,2,2,Empty,40,0,40,0
202308,5,2,2,Empty,81,0,81,0
202308,6,2,2,Loaded,104,104,0,765
202308,3,2,2,Loaded,7,7,0,53
202308,1,2,2,Loaded,16,16,0,163
202308,4,2,2,Loaded,2,2,0,21
202308,2,2,2,Loaded,146,146,0,1284
202308,5,2,2,Loaded,2,2,0,29
202308,6,3,2,Empty,2204,0,2204,0
202308,3,3,2,Empty,896,0,896,0
202308,1,3,2,Empty,2,0,2,0
202308,4,3,2,Empty,8,0,8,0
202308,2,3,2,Empty,16,0,16,0
202308,8,3,2,Empty,62,0,62,0
202308,5,3,2,Empty,952,0,952,0
202308,9,3,2,Empty,660,0,660,0
202308,6,3,2,Loaded,9424,9424,0,74795
202308,3,3,2,Loaded,948,948,0,5905
202308,1,3,2,Loaded,1360,1360,0,8432
202308,4,3,2,Loaded,102,102,0,581
202308,2,3,2,Loaded,5158,5158,0,32963
202308,8,3,2,Loaded,44,44,0,318
202308,5,3,2,Loaded,436,436,0,3400
202308,9,3,2,Loaded,90,90,0,482
202308,6,4,2,Empty,4048,0,4048,0
202308,3,4,2,Empty,1286,0,1286,0
202308,1,4,2,Empty,332,0,332,0
202308,4,4,2,Empty,148,0,148,0
202308,2,4,2,Empty,810,0,810,0
202308,8,4,2,Empty,106,0,106,0
202308,5,4,2,Empty,152,0,152,0
202308,9,4,2,Empty,46,0,46,0
202308,6,4,2,Loaded,1592,1592,0,13987
202308,3,4,2,Loaded,398,398,0,4185
202308,1,4,2,Loaded,196,196,0,1426
202308,4,4,2,Loaded,138,138,0,949
202308,2,4,2,Loaded,580,580,0,4288
202308,8,4,2,Loaded,4,4,0,40
202308,5,4,2,Loaded,38,38,0,340
202308,9,4,2,Loaded,2,2,0,24
202308,7,1,1,Empty,2916,0,2916,0
202308,7,1,1,Loaded,1949,1949,0,30899
202308,7,2,1,Empty,36,0,36,0
202308,7,2,1,Loaded,124,124,0,1281
202308,7,3,1,Empty,7120,0,7120,0
202308,7,3,1,Loaded,3244,3244,0,28087
202308,7,4,1,Empty,716,0,716,0
202308,7,4,1,Loaded,444,444,0,4836
202308,7,1,2,Empty,74,0,74,0
202308,7,1,2,Loaded,9306,9306,0,126383
202308,7,2,2,Empty,94,0,94,0
202308,7,2,2,Loaded,458,458,0,3457
202308,7,3,2,Empty,38,0,38,0
202308,7,3,2,Loaded,20224,20224,0,126380
202308,7,4,2,Empty,110,0,110,0
202308,7,4,2,Loaded,2694,2694,0,19381
202307,6,1,1,Empty,1653,0,1653,0
202307,3,1,1,Empty,108,0,108,0
202307,1,1,1,Empty,313,0,313,0
202307,4,1,1,Empty,12,0,12,0
202307,2,1,1,Empty,589,0,589,0
202307,8,1,1,Empty,2,0,2,0
202307,5,1,1,Empty,6,0,6,0
202307,9,1,1,Empty,2,0,2,0
202307,6,1,1,Loaded,4851,4851,0,87354
202307,3,1,1,Loaded,791,791,0,13880
202307,1,1,1,Loaded,459,459,0,8928
202307,4,1,1,Loaded,293,293,0,6194
202307,2,1,1,Loaded,2012,2012,0,37100
202307,8,1,1,Loaded,144,144,0,2583
202307,5,1,1,Loaded,939,939,0,17123
202307,9,1,1,Loaded,338,338,0,7356
202307,6,2,1,Empty,93,0,93,0
202307,1,2,1,Empty,4,0,4,0
202307,2,2,1,Empty,15,0,15,0
202307,5,2,1,Empty,12,0,12,0
202307,6,2,1,Loaded,2213,2213,0,33567
202307,3,2,1,Loaded,330,330,0,4806
202307,1,2,1,Loaded,65,65,0,861
202307,4,2,1,Loaded,32,32,0,474
202307,2,2,1,Loaded,300,300,0,4166
202307,8,2,1,Loaded,21,21,0,313
202307,5,2,1,Loaded,499,499,0,7698
202307,9,2,1,Loaded,8,8,0,123
202307,6,3,1,Empty,2870,0,2870,0
202307,3,3,1,Empty,318,0,318,0
202307,1,3,1,Empty,374,0,374,0
202307,4,3,1,Empty,374,0,374,0
202307,2,3,1,Empty,2446,0,2446,0
202307,5,3,1,Empty,128,0,128,0
202307,9,3,1,Empty,4,0,4,0
202307,6,3,1,Loaded,17282,17282,0,191498
202307,3,3,1,Loaded,2792,2792,0,33418
202307,1,3,1,Loaded,526,526,0,6010
202307,4,3,1,Loaded,576,576,0,6803
202307,2,3,1,Loaded,5486,5486,0,67873
202307,8,3,1,Loaded,336,336,0,3825
202307,5,3,1,Loaded,4088,4088,0,48989
202307,9,3,1,Loaded,674,674,0,8705
202307,6,4,1,Empty,630,0,630,0
202307,3,4,1,Empty,30,0,30,0
202307,1,4,1,Empty,4,0,4,0
202307,4,4,1,Empty,18,0,18,0
202307,2,4,1,Empty,224,0,224,0
202307,5,4,1,Empty,88,0,88,0
202307,6,4,1,Loaded,11616,11616,0,131627
202307,3,4,1,Loaded,3348,3348,0,38206
202307,1,4,1,Loaded,344,344,0,3793
202307,4,4,1,Loaded,676,676,0,7672
202307,2,4,1,Loaded,1468,1468,0,17970
202307,8,4,1,Loaded,464,464,0,5720
202307,5,4,1,Loaded,2804,2804,0,32407
202307,9,4,1,Loaded,86,86,0,1007
202307,6,1,2,Empty,1411,0,1411,0
202307,3,1,2,Empty,257,0,257,0
202307,1,1,2,Empty,1,0,1,0
202307,2,1,2,Empty,102,0,102,0
202307,8,1,2,Empty,140,0,140,0
202307,5,1,2,Empty,142,0,142,0
202307,9,1,2,Empty,257,0,257,0
202307,6,1,2,Loaded,3712,3712,0,59830
202307,3,1,2,Loaded,693,693,0,13227
202307,1,1,2,Loaded,838,838,0,12982
202307,4,1,2,Loaded,181,181,0,3568
202307,2,1,2,Loaded,2281,2281,0,34540
202307,8,1,2,Loaded,190,190,0,4093
202307,5,1,2,Loaded,126,126,0,2057
202307,9,1,2,Loaded,145,145,0,3203
202307,6,2,2,Empty,1099,0,1099,0
202307,3,2,2,Empty,164,0,164,0
202307,1,2,2,Empty,62,0,62,0
202307,4,2,2,Empty,106,0,106,0
202307,2,2,2,Empty,426,0,426,0
202307,8,2,2,Empty,100,0,100,0
202307,5,2,2,Empty,323,0,323,0
202307,6,2,2,Loaded,104,104,0,817
202307,3,2,2,Loaded,9,9,0,71
202307,1,2,2,Loaded,26,26,0,329
202307,4,2,2,Loaded,2,2,0,6
202307,2,2,2,Loaded,165,165,0,1755
202307,8,2,2,Loaded,1,1,0,14
202307,5,2,2,Loaded,8,8,0,128
202307,6,3,2,Empty,3732,0,3732,0
202307,3,3,2,Empty,718,0,718,0
202307,1,3,2,Empty,4,0,4,0
202307,4,3,2,Empty,10,0,10,0
202307,8,3,2,Empty,384,0,384,0
202307,5,3,2,Empty,970,0,970,0
202307,9,3,2,Empty,240,0,240,0
202307,6,3,2,Loaded,10854,10854,0,88812
202307,3,3,2,Loaded,928,928,0,5880
202307,1,3,2,Loaded,1446,1446,0,9392
202307,4,3,2,Loaded,518,518,0,3542
202307,2,3,2,Loaded,4696,4696,0,32200
202307,8,3,2,Loaded,44,44,0,345
202307,5,3,2,Loaded,332,332,0,2583
202307,9,3,2,Loaded,44,44,0,264
202307,6,4,2,Empty,8844,0,8844,0
202307,3,4,2,Empty,2292,0,2292,0
202307,1,4,2,Empty,628,0,628,0
202307,4,4,2,Empty,934,0,934,0
202307,2,4,2,Empty,1620,0,1620,0
202307,8,4,2,Empty,280,0,280,0
202307,5,4,2,Empty,956,0,956,0
202307,9,4,2,Empty,90,0,90,0
202307,6,4,2,Loaded,1926,1926,0,17020
202307,3,4,2,Loaded,284,284,0,3228
202307,1,4,2,Loaded,178,178,0,1267
202307,4,4,2,Loaded,582,582,0,3837
202307,2,4,2,Loaded,542,542,0,4781
202307,8,4,2,Loaded,4,4,0,45
202307,5,4,2,Loaded,28,28,0,273
202307,9,4,2,Loaded,2,2,0,25
202307,7,1,1,Empty,2657,0,2657,0
202307,7,1,1,Loaded,1693,1693,0,26846
202307,7,2,1,Empty,14,0,14,0
202307,7,2,1,Loaded,89,89,0,977
202307,7,3,1,Empty,8846,0,8846,0
202307,7,3,1,Loaded,3996,3996,0,34542
202307,7,4,1,Empty,418,0,418,0
202307,7,4,1,Loaded,436,436,0,4663
202307,7,1,2,Empty,315,0,315,0
202307,7,1,2,Loaded,8206,8206,0,110119
202307,7,2,2,Empty,200,0,200,0
202307,7,2,2,Loaded,500,500,0,3862
202307,7,3,2,Empty,160,0,160,0
202307,7,3,2,Loaded,17144,17144,0,106799
202307,7,4,2,Empty,610,0,610,0
202307,7,4,2,Loaded,2074,2074,0,15452
202306,6,1,1,Empty,1270,0,1270,0
202306,3,1,1,Empty,146,0,146,0
202306,1,1,1,Empty,236,0,236,0
202306,4,1,1,Empty,1,0,1,0
202306,2,1,1,Empty,475,0,475,0
202306,5,1,1,Empty,51,0,51,0
202306,9,1,1,Empty,4,0,4,0
202306,6,1,1,Loaded,4741,4741,0,84191
202306,3,1,1,Loaded,425,425,0,6872
202306,1,1,1,Loaded,384,384,0,7441
202306,4,1,1,Loaded,321,321,0,6557
202306,2,1,1,Loaded,1583,1583,0,29289
202306,8,1,1,Loaded,489,489,0,8903
202306,5,1,1,Loaded,964,964,0,17917
202306,9,1,1,Loaded,525,525,0,11158
202306,6,2,1,Empty,93,0,93,0
202306,3,2,1,Empty,17,0,17,0
202306,2,2,1,Empty,22,0,22,0
202306,5,2,1,Empty,9,0,9,0
202306,9,2,1,Empty,1,0,1,0
202306,6,2,1,Loaded,2454,2454,0,38015
202306,3,2,1,Loaded,182,182,0,2471
202306,1,2,1,Loaded,43,43,0,589
202306,4,2,1,Loaded,20,20,0,286
202306,2,2,1,Loaded,522,522,0,7782
202306,8,2,1,Loaded,74,74,0,1113
202306,5,2,1,Loaded,476,476,0,7270
202306,9,2,1,Loaded,34,34,0,518
202306,6,3,1,Empty,1466,0,1466,0
202306,3,3,1,Empty,574,0,574,0
202306,1,3,1,Empty,458,0,458,0
202306,4,3,1,Empty,148,0,148,0
202306,2,3,1,Empty,2256,0,2256,0
202306,8,3,1,Empty,2,0,2,0
202306,5,3,1,Empty,128,0,128,0
202306,9,3,1,Empty,6,0,6,0
202306,6,3,1,Loaded,17798,17798,0,198868
202306,3,3,1,Loaded,1940,1940,0,21626
202306,1,3,1,Loaded,584,584,0,7278
202306,4,3,1,Loaded,918,918,0,11240
202306,2,3,1,Loaded,4714,4714,0,58156
202306,8,3,1,Loaded,1640,1640,0,21361
202306,5,3,1,Loaded,3568,3568,0,44742
202306,9,3,1,Loaded,634,634,0,8233
202306,6,4,1,Empty,196,0,196,0
202306,3,4,1,Empty,22,0,22,0
202306,1,4,1,Empty,8,0,8,0
202306,4,4,1,Empty,2,0,2,0
202306,2,4,1,Empty,24,0,24,0
202306,5,4,1,Empty,76,0,76,0
202306,9,4,1,Empty,2,0,2,0
202306,6,4,1,Loaded,12320,12320,0,140306
202306,3,4,1,Loaded,2650,2650,0,30415
202306,1,4,1,Loaded,368,368,0,4263
202306,4,4,1,Loaded,1128,1128,0,12859
202306,2,4,1,Loaded,1986,1986,0,24450
202306,8,4,1,Loaded,820,820,0,10052
202306,5,4,1,Loaded,2802,2802,0,32402
202306,9,4,1,Loaded,206,206,0,2538
202306,6,1,2,Empty,675,0,675,0
202306,3,1,2,Empty,1,0,1,0
202306,1,1,2,Empty,2,0,2,0
202306,4,1,2,Empty,240,0,240,0
202306,2,1,2,Empty,17,0,17,0
202306,8,1,2,Empty,100,0,100,0
202306,5,1,2,Empty,234,0,234,0
202306,9,1,2,Empty,329,0,329,0
202306,6,1,2,Loaded,3306,3306,0,53627
202306,3,1,2,Loaded,257,257,0,4378
202306,1,1,2,Loaded,601,601,0,9383
202306,4,1,2,Loaded,74,74,0,1060
202306,2,1,2,Loaded,1712,1712,0,25685
202306,8,1,2,Loaded,101,101,0,2136
202306,5,1,2,Loaded,174,174,0,2948
202306,9,1,2,Loaded,199,199,0,4175
202306,6,2,2,Empty,1506,0,1506,0
202306,3,2,2,Empty,282,0,282,0
202306,1,2,2,Empty,234,0,234,0
202306,4,2,2,Empty,108,0,108,0
202306,2,2,2,Empty,317,0,317,0
202306,8,2,2,Empty,212,0,212,0
202306,5,2,2,Empty,320,0,320,0
202306,6,2,2,Loaded,119,119,0,915
202306,3,2,2,Loaded,8,8,0,54
202306,1,2,2,Loaded,16,16,0,180
202306,4,2,2,Loaded,1,1,0,19
202306,2,2,2,Loaded,127,127,0,1206
202306,5,2,2,Loaded,8,8,0,125
202306,6,3,2,Empty,4300,0,4300,0
202306,3,3,2,Empty,1128,0,1128,0
202306,4,3,2,Empty,40,0,40,0
202306,2,3,2,Empty,30,0,30,0
202306,8,3,2,Empty,970,0,970,0
202306,5,3,2,Empty,1050,0,1050,0
202306,9,3,2,Empty,452,0,452,0
202306,6,3,2,Loaded,9898,9898,0,80724
202306,3,3,2,Loaded,572,572,0,4012
202306,1,3,2,Loaded,1144,1144,0,7609
202306,4,3,2,Loaded,286,286,0,1805
202306,2,3,2,Loaded,3668,3668,0,24058
202306,8,3,2,Loaded,14,14,0,153
202306,5,3,2,Loaded,610,610,0,4835
202306,9,3,2,Loaded,66,66,0,419
202306,6,4,2,Empty,10004,0,10004,0
202306,3,4,2,Empty,2560,0,2560,0
202306,1,4,2,Empty,614,0,614,0
202306,4,4,2,Empty,1368,0,1368,0
202306,2,4,2,Empty,1146,0,1146,0
202306,8,4,2,Empty,680,0,680,0
202306,5,4,2,Empty,1074,0,1074,0
202306,9,4,2,Empty,358,0,358,0
202306,6,4,2,Loaded,2036,2036,0,19135
202306,3,4,2,Loaded,258,258,0,2861
202306,1,4,2,Loaded,146,146,0,1114
202306,4,4,2,Loaded,338,338,0,2341
202306,2,4,2,Loaded,454,454,0,4080
202306,8,4,2,Loaded,12,12,0,151
202306,5,4,2,Loaded,28,28,0,270
202306,9,4,2,Loaded,2,2,0,16
202306,7,1,1,Empty,2093,0,2093,0
202306,7,1,1,Loaded,1932,1932,0,32786
202306,7,2,1,Empty,8,0,8,0
202306,7,2,1,Loaded,113,113,0,1265
202306,7,3,1,Empty,3028,0,3028,0
202306,7,3,1,Loaded,3112,3112,0,25334
202306,7,4,1,Empty,174,0,174,0
202306,7,4,1,Loaded,322,322,0,3481
202306,7,1,2,Empty,260,0,260,0
202306,7,1,2,Loaded,8083,8083,0,112653
202306,7,2,2,Empty,221,0,221,0
202306,7,2,2,Loaded,449,449,0,3903
202306,7,3,2,Empty,1208,0,1208,0
202306,7,3,2,Loaded,17250,17250,0,109896
202306,7,4,2,Empty,1314,0,1314,0
202306,7,4,2,Loaded,2252,2252,0,17150
202305,6,1,1,Empty,1378,0,1378,0
202305,3,1,1,Empty,211,0,211,0
202305,1,1,1,Empty,238,0,238,0
202305,4,1,1,Empty,155,0,155,0
202305,2,1,1,Empty,605,0,605,0
202305,5,1,1,Empty,11,0,11,0
202305,9,1,1,Empty,1,0,1,0
202305,6,1,1,Loaded,5343,5343,0,94044
202305,3,1,1,Loaded,761,761,0,13560
202305,1,1,1,Loaded,330,330,0,6317
202305,4,1,1,Loaded,167,167,0,3175
202305,2,1,1,Loaded,2103,2103,0,37565
202305,8,1,1,Loaded,474,474,0,8155
202305,5,1,1,Loaded,817,817,0,14968
202305,9,1,1,Loaded,770,770,0,15861
202305,6,2,1,Empty,40,0,40,0
202305,3,2,1,Empty,4,0,4,0
202305,2,2,1,Empty,8,0,8,0
202305,5,2,1,Empty,4,0,4,0
202305,6,2,1,Loaded,2294,2294,0,35218
202305,3,2,1,Loaded,318,318,0,4670
202305,1,2,1,Loaded,45,45,0,649
202305,4,2,1,Loaded,27,27,0,363
202305,2,2,1,Loaded,465,465,0,6678
202305,8,2,1,Loaded,28,28,0,394
202305,5,2,1,Loaded,518,518,0,7864
202305,9,2,1,Loaded,24,24,0,360
202305,6,3,1,Empty,1428,0,1428,0
202305,3,3,1,Empty,648,0,648,0
202305,1,3,1,Empty,796,0,796,0
202305,4,3,1,Empty,110,0,110,0
202305,2,3,1,Empty,1458,0,1458,0
202305,5,3,1,Empty,80,0,80,0
202305,9,3,1,Empty,4,0,4,0
202305,6,3,1,Loaded,19392,19392,0,221097
202305,3,3,1,Loaded,3036,3036,0,35297
202305,1,3,1,Loaded,592,592,0,7370
202305,4,3,1,Loaded,914,914,0,10925
202305,2,3,1,Loaded,4958,4958,0,60331
202305,8,3,1,Loaded,1978,1978,0,26189
202305,5,3,1,Loaded,3900,3900,0,48836
202305,9,3,1,Loaded,1060,1060,0,14031
202305,6,4,1,Empty,220,0,220,0
202305,3,4,1,Empty,40,0,40,0
202305,1,4,1,Empty,12,0,12,0
202305,4,4,1,Empty,32,0,32,0
202305,2,4,1,Empty,144,0,144,0
202305,5,4,1,Empty,274,0,274,0
202305,6,4,1,Loaded,14998,14998,0,167960
202305,3,4,1,Loaded,4280,4280,0,49358
202305,1,4,1,Loaded,596,596,0,6839
202305,4,4,1,Loaded,1304,1304,0,14747
202305,2,4,1,Loaded,2400,2400,0,29694
202305,8,4,1,Loaded,1050,1050,0,12984
202305,5,4,1,Loaded,3456,3456,0,40274
202305,9,4,1,Loaded,328,328,0,4001
202305,6,1,2,Empty,453,0,453,0
202305,3,1,2,Empty,19,0,19,0
202305,1,1,2,Empty,1,0,1,0
202305,4,1,2,Empty,3,0,3,0
202305,2,1,2,Empty,2,0,2,0
202305,8,1,2,Empty,208,0,208,0
202305,5,1,2,Empty,299,0,299,0
202305,9,1,2,Empty,632,0,632,0
202305,6,1,2,Loaded,3392,3392,0,53520
202305,3,1,2,Loaded,412,412,0,7347
202305,1,1,2,Loaded,884,884,0,14318
202305,4,1,2,Loaded,74,74,0,1147
202305,2,1,2,Loaded,2179,2179,0,34070
202305,8,1,2,Loaded,115,115,0,2520
202305,5,1,2,Loaded,141,141,0,2610
202305,9,1,2,Loaded,158,158,0,3554
202305,6,2,2,Empty,980,0,980,0
202305,3,2,2,Empty,310,0,310,0
202305,1,2,2,Empty,276,0,276,0
202305,4,2,2,Empty,98,0,98,0
202305,2,2,2,Empty,416,0,416,0
202305,8,2,2,Empty,150,0,150,0
202305,5,2,2,Empty,409,0,409,0
202305,9,2,2,Empty,20,0,20,0
202305,6,2,2,Loaded,141,141,0,1083
202305,3,2,2,Loaded,11,11,0,74
202305,1,2,2,Loaded,32,32,0,302
202305,4,2,2,Loaded,2,2,0,32
202305,2,2,2,Loaded,107,107,0,944
202305,8,2,2,Loaded,2,2,0,31
202305,5,2,2,Loaded,3,3,0,32
202305,6,3,2,Empty,5394,0,5394,0
202305,3,3,2,Empty,1414,0,1414,0
202305,1,3,2,Empty,2,0,2,0
202305,2,3,2,Empty,198,0,198,0
202305,8,3,2,Empty,1218,0,1218,0
202305,5,3,2,Empty,1362,0,1362,0
202305,9,3,2,Empty,1052,0,1052,0
202305,6,3,2,Loaded,11292,11292,0,89320
202305,3,3,2,Loaded,746,746,0,5221
202305,1,3,2,Loaded,1322,1322,0,7821
202305,4,3,2,Loaded,276,276,0,1753
202305,2,3,2,Loaded,4708,4708,0,30445
202305,8,3,2,Loaded,28,28,0,307
202305,5,3,2,Loaded,606,606,0,4997
202305,9,3,2,Loaded,50,50,0,264
202305,6,4,2,Empty,8572,0,8572,0
202305,3,4,2,Empty,3060,0,3060,0
202305,1,4,2,Empty,730,0,730,0
202305,4,4,2,Empty,1540,0,1540,0
202305,2,4,2,Empty,1146,0,1146,0
202305,8,4,2,Empty,1000,0,1000,0
202305,5,4,2,Empty,1904,0,1904,0
202305,9,4,2,Empty,262,0,262,0
202305,6,4,2,Loaded,1750,1750,0,16544
202305,3,4,2,Loaded,342,342,0,3440
202305,1,4,2,Loaded,158,158,0,1036
202305,4,4,2,Loaded,180,180,0,1228
202305,2,4,2,Loaded,446,446,0,3414
202305,5,4,2,Loaded,24,24,0,265
202305,7,1,1,Empty,3071,0,3071,0
202305,7,1,1,Loaded,2086,2086,0,34481
202305,7,2,1,Empty,42,0,42,0
202305,7,2,1,Loaded,123,123,0,1303
202305,7,3,1,Empty,4304,0,4304,0
202305,7,3,1,Loaded,3808,3808,0,32513
202305,7,4,1,Empty,150,0,150,0
202305,7,4,1,Loaded,666,666,0,6979
202305,7,1,2,Empty,148,0,148,0
202305,7,1,2,Loaded,8111,8111,0,115405
202305,7,2,2,Empty,252,0,252,0
202305,7,2,2,Loaded,442,442,0,3421
202305,7,3,2,Empty,402,0,402,0
202305,7,3,2,Loaded,16844,16844,0,109156
202305,7,4,2,Empty,748,0,748,0
202305,7,4,2,Loaded,2352,2352,0,17493
202304,6,1,1,Empty,1095,0,1095,0
202304,3,1,1,Empty,106,0,106,0
202304,1,1,1,Empty,261,0,261,0
202304,4,1,1,Empty,97,0,97,0
202304,2,1,1,Empty,622,0,622,0
202304,8,1,1,Empty,3,0,3,0
202304,5,1,1,Empty,41,0,41,0
202304,9,1,1,Empty,5,0,5,0
202304,6,1,1,Loaded,4497,4497,0,76719
202304,3,1,1,Loaded,480,480,0,8116
202304,1,1,1,Loaded,436,436,0,8461
202304,4,1,1,Loaded,200,200,0,4075
202304,2,1,1,Loaded,1833,1833,0,32737
202304,8,1,1,Loaded,273,273,0,5151
202304,5,1,1,Loaded,918,918,0,16637
202304,9,1,1,Loaded,613,613,0,12813
202304,6,2,1,Empty,73,0,73,0
202304,1,2,1,Empty,1,0,1,0
202304,2,2,1,Empty,3,0,3,0
202304,5,2,1,Empty,19,0,19,0
202304,6,2,1,Loaded,1924,1924,0,29940
202304,3,2,1,Loaded,220,220,0,3005
202304,1,2,1,Loaded,65,65,0,912
202304,4,2,1,Loaded,42,42,0,639
202304,2,2,1,Loaded,492,492,0,7197
202304,8,2,1,Loaded,46,46,0,647
202304,5,2,1,Loaded,585,585,0,8988
202304,9,2,1,Loaded,17,17,0,251
202304,6,3,1,Empty,1070,0,1070,0
202304,3,3,1,Empty,52,0,52,0
202304,1,3,1,Empty,134,0,134,0
202304,4,3,1,Empty,608,0,608,0
202304,2,3,1,Empty,708,0,708,0
202304,8,3,1,Empty,60,0,60,0
202304,5,3,1,Empty,132,0,132,0
202304,9,3,1,Empty,10,0,10,0
202304,6,3,1,Loaded,16842,16842,0,190589
202304,3,3,1,Loaded,2746,2746,0,32277
202304,1,3,1,Loaded,570,570,0,6784
202304,4,3,1,Loaded,526,526,0,6268
202304,2,3,1,Loaded,6564,6564,0,80912
202304,8,3,1,Loaded,1446,1446,0,19327
202304,5,3,1,Loaded,3574,3574,0,44364
202304,9,3,1,Loaded,1110,1110,0,14836
202304,6,4,1,Empty,282,0,282,0
202304,1,4,1,Empty,200,0,200,0
202304,2,4,1,Empty,10,0,10,0
202304,5,4,1,Empty,72,0,72,0
202304,6,4,1,Loaded,12550,12550,0,139628
202304,3,4,1,Loaded,4192,4192,0,48494
202304,1,4,1,Loaded,546,546,0,6269
202304,4,4,1,Loaded,1054,1054,0,12108
202304,2,4,1,Loaded,3056,3056,0,38383
202304,8,4,1,Loaded,1122,1122,0,14139
202304,5,4,1,Loaded,2844,2844,0,33526
202304,9,4,1,Loaded,570,570,0,6998
202304,6,1,2,Empty,510,0,510,0
202304,3,1,2,Empty,34,0,34,0
202304,5,1,2,Empty,141,0,141,0
202304,9,1,2,Empty,677,0,677,0
202304,6,1,2,Loaded,3046,3046,0,51960
202304,3,1,2,Loaded,560,560,0,10385
202304,1,1,2,Loaded,593,593,0,9365
202304,4,1,2,Loaded,37,37,0,544
202304,2,1,2,Loaded,1986,1986,0,29923
202304,8,1,2,Loaded,94,94,0,2075
202304,5,1,2,Loaded,268,268,0,4837
202304,9,1,2,Loaded,196,196,0,4029
202304,6,2,2,Empty,652,0,652,0
202304,3,2,2,Empty,80,0,80,0
202304,1,2,2,Empty,163,0,163,0
202304,4,2,2,Empty,20,0,20,0
202304,2,2,2,Empty,312,0,312,0
202304,5,2,2,Empty,327,0,327,0
202304,9,2,2,Empty,12,0,12,0
202304,6,2,2,Loaded,155,155,0,1335
202304,3,2,2,Loaded,13,13,0,94
202304,1,2,2,Loaded,20,20,0,159
202304,2,2,2,Loaded,130,130,0,1205
202304,5,2,2,Loaded,7,7,0,96
202304,6,3,2,Empty,1952,0,1952,0
202304,3,3,2,Empty,764,0,764,0
202304,4,3,2,Empty,4,0,4,0
202304,2,3,2,Empty,28,0,28,0
202304,8,3,2,Empty,468,0,468,0
202304,5,3,2,Empty,840,0,840,0
202304,9,3,2,Empty,726,0,726,0
202304,6,3,2,Loaded,8000,8000,0,59167
202304,3,3,2,Loaded,874,874,0,5880
202304,1,3,2,Loaded,1198,1198,0,7530
202304,4,3,2,Loaded,118,118,0,798
202304,2,3,2,Loaded,4118,4118,0,26410
202304,8,3,2,Loaded,50,50,0,460
202304,5,3,2,Loaded,762,762,0,6195
202304,9,3,2,Loaded,106,106,0,604
202304,6,4,2,Empty,4834,0,4834,0
202304,3,4,2,Empty,1316,0,1316,0
202304,1,4,2,Empty,148,0,148,0
202304,4,4,2,Empty,1254,0,1254,0
202304,2,4,2,Empty,1070,0,1070,0
202304,8,4,2,Empty,742,0,742,0
202304,5,4,2,Empty,2066,0,2066,0
202304,9,4,2,Empty,180,0,180,0
202304,6,4,2,Loaded,1708,1708,0,15599
202304,3,4,2,Loaded,330,330,0,3511
202304,1,4,2,Loaded,124,124,0,1056
202304,4,4,2,Loaded,10,10,0,117
202304,2,4,2,Loaded,658,658,0,5418
202304,5,4,2,Loaded,28,28,0,221
202304,7,1,1,Empty,2457,0,2457,0
202304,7,1,1,Loaded,1674,1674,0,27875
202304,7,2,1,Empty,60,0,60,0
202304,7,2,1,Loaded,81,81,0,923
202304,7,3,1,Empty,5946,0,5946,0
202304,7,3,1,Loaded,2928,2928,0,24930
202304,7,4,1,Empty,184,0,184,0
202304,7,4,1,Loaded,562,562,0,6758
202304,7,1,2,Empty,30,0,30,0
202304,7,1,2,Loaded,8343,8343,0,116778
202304,7,2,2,Empty,12,0,12,0
202304,7,2,2,Loaded,538,538,0,4473
202304,7,3,2,Empty,18,0,18,0
202304,7,3,2,Loaded,19052,19052,0,119294
202304,7,4,2,Empty,630,0,630,0
202304,7,4,2,Loaded,2912,2912,0,21856
202303,6,1,1,Empty,1129,0,1129,0
202303,3,1,1,Empty,267,0,267,0
202303,1,1,1,Empty,279,0,279,0
202303,4,1,1,Empty,41,0,41,0
202303,2,1,1,Empty,346,0,346,0
202303,5,1,1,Empty,113,0,113,0
202303,9,1,1,Empty,4,0,4,0
202303,6,1,1,Loaded,6796,6796,0,121535
202303,3,1,1,Loaded,968,968,0,17466
202303,1,1,1,Loaded,402,402,0,7957
202303,4,1,1,Loaded,368,368,0,8153
202303,2,1,1,Loaded,2083,2083,0,37834
202303,8,1,1,Loaded,143,143,0,2650
202303,5,1,1,Loaded,878,878,0,15517
202303,9,1,1,Loaded,492,492,0,10211
202303,6,2,1,Empty,27,0,27,0
202303,4,2,1,Empty,3,0,3,0
202303,8,2,1,Empty,2,0,2,0
202303,5,2,1,Empty,26,0,26,0
202303,6,2,1,Loaded,2482,2482,0,38292
202303,3,2,1,Loaded,189,189,0,2675
202303,1,2,1,Loaded,78,78,0,1104
202303,4,2,1,Loaded,60,60,0,950
202303,2,2,1,Loaded,516,516,0,7874
202303,5,2,1,Loaded,560,560,0,8492
202303,9,2,1,Loaded,15,15,0,244
202303,6,3,1,Empty,682,0,682,0
202303,3,3,1,Empty,326,0,326,0
202303,1,3,1,Empty,702,0,702,0
202303,4,3,1,Empty,14,0,14,0
202303,2,3,1,Empty,706,0,706,0
202303,5,3,1,Empty,126,0,126,0
202303,9,3,1,Empty,4,0,4,0
202303,6,3,1,Loaded,19692,19692,0,216735
202303,3,3,1,Loaded,2908,2908,0,33683
202303,1,3,1,Loaded,708,708,0,9035
202303,4,3,1,Loaded,600,600,0,7349
202303,2,3,1,Loaded,6318,6318,0,74998
202303,8,3,1,Loaded,304,304,0,4021
202303,5,3,1,Loaded,3544,3544,0,43179
202303,9,3,1,Loaded,826,826,0,11141
202303,6,4,1,Empty,240,0,240,0
202303,3,4,1,Empty,18,0,18,0
202303,4,4,1,Empty,2,0,2,0
202303,2,4,1,Empty,12,0,12,0
202303,5,4,1,Empty,76,0,76,0
202303,6,4,1,Loaded,10132,10132,0,118710
202303,3,4,1,Loaded,4076,4076,0,50582
202303,1,4,1,Loaded,536,536,0,5899
202303,4,4,1,Loaded,900,900,0,10658
202303,2,4,1,Loaded,3356,3356,0,41965
202303,8,4,1,Loaded,64,64,0,739
202303,5,4,1,Loaded,2428,2428,0,28625
202303,9,4,1,Loaded,426,426,0,5062
202303,6,1,2,Empty,507,0,507,0
202303,3,1,2,Empty,21,0,21,0
202303,4,1,2,Empty,165,0,165,0
202303,8,1,2,Empty,264,0,264,0
202303,5,1,2,Empty,170,0,170,0
202303,9,1,2,Empty,150,0,150,0
202303,6,1,2,Loaded,3653,3653,0,59231
202303,3,1,2,Loaded,612,612,0,10198
202303,1,1,2,Loaded,644,644,0,10009
202303,4,1,2,Loaded,16,16,0,172
202303,2,1,2,Loaded,1492,1492,0,23510
202303,8,1,2,Loaded,19,19,0,397
202303,5,1,2,Loaded,275,275,0,5024
202303,9,1,2,Loaded,97,97,0,1990
202303,6,2,2,Empty,1146,0,1146,0
202303,3,2,2,Empty,179,0,179,0
202303,1,2,2,Empty,154,0,154,0
202303,4,2,2,Empty,12,0,12,0
202303,2,2,2,Empty,442,0,442,0
202303,5,2,2,Empty,331,0,331,0
202303,9,2,2,Empty,18,0,18,0
202303,6,2,2,Loaded,129,129,0,990
202303,3,2,2,Loaded,11,11,0,50
202303,1,2,2,Loaded,9,9,0,102
202303,4,2,2,Loaded,2,2,0,28
202303,2,2,2,Loaded,128,128,0,1041
202303,5,2,2,Loaded,14,14,0,193
202303,6,3,2,Empty,4084,0,4084,0
202303,3,3,2,Empty,700,0,700,0
202303,4,3,2,Empty,2,0,2,0
202303,2,3,2,Empty,2,0,2,0
202303,8,3,2,Empty,700,0,700,0
202303,5,3,2,Empty,2128,0,2128,0
202303,9,3,2,Empty,500,0,500,0
202303,6,3,2,Loaded,13060,13060,0,98107
202303,3,3,2,Loaded,858,858,0,6005
202303,1,3,2,Loaded,1072,1072,0,6316
202303,4,3,2,Loaded,58,58,0,259
202303,2,3,2,Loaded,3704,3704,0,24095
202303,8,3,2,Loaded,22,22,0,141
202303,5,3,2,Loaded,638,638,0,4824
202303,9,3,2,Loaded,38,38,0,250
202303,6,4,2,Empty,6740,0,6740,0
202303,3,4,2,Empty,3792,0,3792,0
202303,1,4,2,Empty,44,0,44,0
202303,4,4,2,Empty,258,0,258,0
202303,2,4,2,Empty,1308,0,1308,0
202303,8,4,2,Empty,422,0,422,0
202303,5,4,2,Empty,1712,0,1712,0
202303,9,4,2,Empty,40,0,40,0
202303,6,4,2,Loaded,2328,2328,0,20966
202303,3,4,2,Loaded,326,326,0,3255
202303,1,4,2,Loaded,52,52,0,467
202303,4,4,2,Loaded,4,4,0,49
202303,2,4,2,Loaded,660,660,0,5337
202303,5,4,2,Loaded,20,20,0,146
202303,7,1,1,Empty,3354,0,3354,0
202303,7,1,1,Loaded,1209,1209,0,19048
202303,7,2,1,Empty,90,0,90,0
202303,7,2,1,Loaded,66,66,0,642
202303,7,3,1,Empty,6358,0,6358,0
202303,7,3,1,Loaded,2902,2902,0,23517
202303,7,4,1,Empty,212,0,212,0
202303,7,4,1,Loaded,506,506,0,5665
202303,7,1,2,Empty,122,0,122,0
202303,7,1,2,Loaded,8125,8125,0,118176
202303,7,2,2,Empty,21,0,21,0
202303,7,2,2,Loaded,561,561,0,4903
202303,7,3,2,Empty,40,0,40,0
202303,7,3,2,Loaded,15520,15520,0,98712
202303,7,4,2,Empty,390,0,390,0
202303,7,4,2,Loaded,2870,2870,0,20397
202302,6,1,1,Empty,1695,0,1695,0
202302,3,1,1,Empty,6,0,6,0
202302,1,1,1,Empty,170,0,170,0
202302,2,1,1,Empty,884,0,884,0
202302,5,1,1,Empty,22,0,22,0
202302,9,1,1,Empty,3,0,3,0
202302,6,1,1,Loaded,5689,5689,0,102216
202302,3,1,1,Loaded,508,508,0,9186
202302,1,1,1,Loaded,345,345,0,6665
202302,4,1,1,Loaded,337,337,0,7411
202302,2,1,1,Loaded,1467,1467,0,25192
202302,8,1,1,Loaded,8,8,0,149
202302,5,1,1,Loaded,608,608,0,10477
202302,9,1,1,Loaded,420,420,0,9482
202302,6,2,1,Empty,56,0,56,0
202302,1,2,1,Empty,1,0,1,0
202302,2,2,1,Empty,21,0,21,0
202302,5,2,1,Empty,39,0,39,0
202302,6,2,1,Loaded,1918,1918,0,29527
202302,3,2,1,Loaded,162,162,0,2322
202302,1,2,1,Loaded,61,61,0,770
202302,4,2,1,Loaded,52,52,0,823
202302,2,2,1,Loaded,331,331,0,4891
202302,8,2,1,Loaded,1,1,0,16
202302,5,2,1,Loaded,369,369,0,5596
202302,9,2,1,Loaded,19,19,0,317
202302,6,3,1,Empty,2734,0,2734,0
202302,3,3,1,Empty,158,0,158,0
202302,1,3,1,Empty,478,0,478,0
202302,4,3,1,Empty,4,0,4,0
202302,2,3,1,Empty,1882,0,1882,0
202302,5,3,1,Empty,86,0,86,0
202302,9,3,1,Empty,6,0,6,0
202302,6,3,1,Loaded,16478,16478,0,183090
202302,3,3,1,Loaded,1878,1878,0,22276
202302,1,3,1,Loaded,498,498,0,5906
202302,4,3,1,Loaded,540,540,0,6664
202302,2,3,1,Loaded,4584,4584,0,56123
202302,5,3,1,Loaded,2962,2962,0,36204
202302,9,3,1,Loaded,906,906,0,12306
202302,6,4,1,Empty,396,0,396,0
202302,3,4,1,Empty,8,0,8,0
202302,1,4,1,Empty,4,0,4,0
202302,2,4,1,Empty,238,0,238,0
202302,5,4,1,Empty,36,0,36,0
202302,6,4,1,Loaded,7902,7902,0,92509
202302,3,4,1,Loaded,1688,1688,0,21414
202302,1,4,1,Loaded,498,498,0,5444
202302,4,4,1,Loaded,212,212,0,2397
202302,2,4,1,Loaded,1686,1686,0,20142
202302,8,4,1,Loaded,46,46,0,605
202302,5,4,1,Loaded,1636,1636,0,18697
202302,9,4,1,Loaded,406,406,0,4842
202302,6,1,2,Empty,757,0,757,0
202302,3,1,2,Empty,227,0,227,0
202302,4,1,2,Empty,400,0,400,0
202302,2,1,2,Empty,6,0,6,0
202302,8,1,2,Empty,166,0,166,0
202302,5,1,2,Empty,161,0,161,0
202302,9,1,2,Empty,451,0,451,0
202302,6,1,2,Loaded,4114,4114,0,68927
202302,3,1,2,Loaded,492,492,0,9225
202302,1,1,2,Loaded,422,422,0,6513
202302,4,1,2,Loaded,42,42,0,581
202302,2,1,2,Loaded,1544,1544,0,23156
202302,5,1,2,Loaded,164,164,0,2781
202302,9,1,2,Loaded,207,207,0,4324
202302,6,2,2,Empty,1131,0,1131,0
202302,3,2,2,Empty,161,0,161,0
202302,1,2,2,Empty,288,0,288,0
202302,4,2,2,Empty,42,0,42,0
202302,2,2,2,Empty,231,0,231,0
202302,5,2,2,Empty,110,0,110,0
202302,6,2,2,Loaded,155,155,0,1311
202302,3,2,2,Loaded,13,13,0,141
202302,1,2,2,Loaded,7,7,0,34
202302,4,2,2,Loaded,1,1,0,15
202302,2,2,2,Loaded,93,93,0,753
202302,5,2,2,Loaded,8,8,0,102
202302,6,3,2,Empty,3416,0,3416,0
202302,3,3,2,Empty,468,0,468,0
202302,4,3,2,Empty,204,0,204,0
202302,2,3,2,Empty,2,0,2,0
202302,8,3,2,Empty,142,0,142,0
202302,5,3,2,Empty,1462,0,1462,0
202302,9,3,2,Empty,1468,0,1468,0
202302,6,3,2,Loaded,10092,10092,0,76737
202302,3,3,2,Loaded,666,666,0,3751
202302,1,3,2,Loaded,942,942,0,5531
202302,4,3,2,Loaded,128,128,0,771
202302,2,3,2,Loaded,3296,3296,0,23713
202302,5,3,2,Loaded,332,332,0,2680
202302,9,3,2,Loaded,90,90,0,580
202302,6,4,2,Empty,4030,0,4030,0
202302,3,4,2,Empty,1202,0,1202,0
202302,1,4,2,Empty,514,0,514,0
202302,4,4,2,Empty,708,0,708,0
202302,2,4,2,Empty,1238,0,1238,0
202302,8,4,2,Empty,162,0,162,0
202302,5,4,2,Empty,1372,0,1372,0
202302,9,4,2,Empty,810,0,810,0
202302,6,4,2,Loaded,1838,1838,0,15571
202302,3,4,2,Loaded,226,226,0,1952
202302,1,4,2,Loaded,86,86,0,754
202302,4,4,2,Loaded,4,4,0,48
202302,2,4,2,Loaded,444,444,0,3507
202302,5,4,2,Loaded,16,16,0,123
202302,7,1,1,Empty,2254,0,2254,0
202302,7,1,1,Loaded,979,979,0,16086
202302,7,2,1,Empty,16,0,16,0
202302,7,2,1,Loaded,49,49,0,452
202302,7,3,1,Empty,6270,0,6270,0
202302,7,3,1,Loaded,1860,1860,0,15962
202302,7,4,1,Loaded,334,334,0,3790
202302,7,1,2,Empty,57,0,57,0
202302,7,1,2,Loaded,6869,6869,0,98005
202302,7,2,2,Empty,38,0,38,0
202302,7,2,2,Loaded,413,413,0,3921
202302,7,3,2,Loaded,14344,14344,0,88097
202302,7,4,2,Empty,110,0,110,0
202302,7,4,2,Loaded,2874,2874,0,20131
202301,6,1,1,Empty,2123,0,2123,0
202301,3,1,1,Empty,76,0,76,0
202301,1,1,1,Empty,258,0,258,0
202301,4,1,1,Empty,4,0,4,0
202301,2,1,1,Empty,623,0,623,0
202301,5,1,1,Empty,63,0,63,0
202301,9,1,1,Empty,13,0,13,0
202301,6,1,1,Loaded,5672,5672,0,103895
202301,3,1,1,Loaded,1422,1422,0,26600
202301,1,1,1,Loaded,323,323,0,6067
202301,4,1,1,Loaded,213,213,0,4434
202301,2,1,1,Loaded,1531,1531,0,26049
202301,8,1,1,Loaded,5,5,0,105
202301,5,1,1,Loaded,724,724,0,13673
202301,9,1,1,Loaded,372,372,0,8607
202301,6,2,1,Empty,210,0,210,0
202301,3,2,1,Empty,7,0,7,0
202301,1,2,1,Empty,1,0,1,0
202301,2,2,1,Empty,55,0,55,0
202301,5,2,1,Empty,26,0,26,0
202301,6,2,1,Loaded,1815,1815,0,27984
202301,3,2,1,Loaded,223,223,0,3186
202301,1,2,1,Loaded,67,67,0,965
202301,4,2,1,Loaded,19,19,0,311
202301,2,2,1,Loaded,385,385,0,5837
202301,8,2,1,Loaded,1,1,0,18
202301,5,2,1,Loaded,380,380,0,5694
202301,9,2,1,Loaded,14,14,0,216
202301,6,3,1,Empty,4422,0,4422,0
202301,3,3,1,Empty,432,0,432,0
202301,1,3,1,Empty,230,0,230,0
202301,4,3,1,Empty,8,0,8,0
202301,2,3,1,Empty,2068,0,2068,0
202301,5,3,1,Empty,60,0,60,0
202301,9,3,1,Empty,8,0,8,0
202301,6,3,1,Loaded,16118,16118,0,185205
202301,3,3,1,Loaded,3844,3844,0,45658
202301,1,3,1,Loaded,726,726,0,9673
202301,4,3,1,Loaded,478,478,0,5758
202301,2,3,1,Loaded,6098,6098,0,76355
202301,5,3,1,Loaded,3366,3366,0,41248
202301,9,3,1,Loaded,1024,1024,0,14081
202301,6,4,1,Empty,208,0,208,0
202301,3,4,1,Empty,6,0,6,0
202301,1,4,1,Empty,6,0,6,0
202301,2,4,1,Empty,2,0,2,0
202301,5,4,1,Empty,136,0,136,0
202301,6,4,1,Loaded,7322,7322,0,85530
202301,3,4,1,Loaded,1214,1214,0,13897
202301,1,4,1,Loaded,484,484,0,5172
202301,4,4,1,Loaded,60,60,0,724
202301,2,4,1,Loaded,2068,2068,0,25470
202301,8,4,1,Loaded,2,2,0,23
202301,5,4,1,Loaded,1776,1776,0,20987
202301,9,4,1,Loaded,330,330,0,4110
202301,6,1,2,Empty,606,0,606,0
202301,3,1,2,Empty,318,0,318,0
202301,1,1,2,Empty,8,0,8,0
202301,4,1,2,Empty,125,0,125,0
202301,2,1,2,Empty,3,0,3,0
202301,5,1,2,Empty,44,0,44,0
202301,9,1,2,Empty,400,0,400,0
202301,6,1,2,Loaded,4669,4669,0,79336
202301,3,1,2,Loaded,538,538,0,9438
202301,1,1,2,Loaded,612,612,0,9391
202301,4,1,2,Loaded,48,48,0,739
202301,2,1,2,Loaded,1978,1978,0,29728
202301,8,1,2,Loaded,14,14,0,270
202301,5,1,2,Loaded,252,252,0,4790
202301,9,1,2,Loaded,246,246,0,5262
202301,6,2,2,Empty,1258,0,1258,0
202301,3,2,2,Empty,202,0,202,0
202301,1,2,2,Empty,177,0,177,0
202301,4,2,2,Empty,109,0,109,0
202301,2,2,2,Empty,470,0,470,0
202301,5,2,2,Empty,384,0,384,0
202301,9,2,2,Empty,85,0,85,0
202301,6,2,2,Loaded,182,182,0,1686
202301,3,2,2,Loaded,11,11,0,68
202301,1,2,2,Loaded,13,13,0,122
202301,2,2,2,Loaded,136,136,0,1125
202301,5,2,2,Loaded,7,7,0,98
202301,6,3,2,Empty,3256,0,3256,0
202301,3,3,2,Empty,1698,0,1698,0
202301,5,3,2,Empty,1126,0,1126,0
202301,9,3,2,Empty,1000,0,1000,0
202301,6,3,2,Loaded,11386,11386,0,89940
202301,3,3,2,Loaded,1062,1062,0,7520
202301,1,3,2,Loaded,1294,1294,0,7609
202301,4,3,2,Loaded,100,100,0,539
202301,2,3,2,Loaded,4728,4728,0,31649
202301,8,3,2,Loaded,6,6,0,54
202301,5,3,2,Loaded,728,728,0,6072
202301,9,3,2,Loaded,60,60,0,451
202301,6,4,2,Empty,4114,0,4114,0
202301,3,4,2,Empty,2796,0,2796,0
202301,1,4,2,Empty,192,0,192,0
202301,4,4,2,Empty,560,0,560,0
202301,2,4,2,Empty,468,0,468,0
202301,5,4,2,Empty,1452,0,1452,0
202301,9,4,2,Empty,604,0,604,0
202301,6,4,2,Loaded,1942,1942,0,16068
202301,3,4,2,Loaded,314,314,0,2676
202301,1,4,2,Loaded,110,110,0,945
202301,4,4,2,Loaded,6,6,0,75
202301,2,4,2,Loaded,730,730,0,4968
202301,5,4,2,Loaded,22,22,0,147
202301,7,1,1,Empty,2605,0,2605,0
202301,7,1,1,Loaded,652,652,0,9869
202301,7,2,1,Empty,38,0,38,0
202301,7,2,1,Loaded,18,18,0,206
202301,7,3,1,Empty,8438,0,8438,0
202301,7,3,1,Loaded,1814,1814,0,15708
202301,7,4,1,Empty,28,0,28,0
202301,7,4,1,Loaded,174,174,0,1803
202301,7,1,2,Empty,79,0,79,0
202301,7,1,2,Loaded,7695,7695,0,107547
202301,7,2,2,Empty,36,0,36,0
202301,7,2,2,Loaded,597,597,0,5092
202301,7,3,2,Loaded,16752,16752,0,104144
202301,7,4,2,Empty,1246,0,1246,0
202301,7,4,2,Loaded,3408,3408,0,22603
202212,6,1,1,Empty,2352,0,2352,0
202212,3,1,1,Empty,148,0,148,0
202212,1,1,1,Empty,519,0,519,0
202212,4,1,1,Empty,5,0,5,0
202212,2,1,1,Empty,908,0,908,0
202212,5,1,1,Empty,20,0,20,0
202212,6,1,1,Loaded,6507,6507,0,115887
202212,3,1,1,Loaded,1323,1323,0,24556
202212,1,1,1,Loaded,537,537,0,10299
202212,4,1,1,Loaded,419,419,0,9144
202212,2,1,1,Loaded,1792,1792,0,31812
202212,8,1,1,Loaded,24,24,0,485
202212,5,1,1,Loaded,843,843,0,16418
202212,9,1,1,Loaded,480,480,0,11072
202212,6,2,1,Empty,129,0,129,0
202212,3,2,1,Empty,5,0,5,0
202212,2,2,1,Empty,25,0,25,0
202212,5,2,1,Empty,56,0,56,0
202212,6,2,1,Loaded,2363,2363,0,35969
202212,3,2,1,Loaded,262,262,0,3984
202212,1,2,1,Loaded,84,84,0,1147
202212,4,2,1,Loaded,39,39,0,579
202212,2,2,1,Loaded,495,495,0,7420
202212,5,2,1,Loaded,387,387,0,5719
202212,9,2,1,Loaded,12,12,0,186
202212,6,3,1,Empty,2100,0,2100,0
202212,3,3,1,Empty,438,0,438,0
202212,1,3,1,Empty,438,0,438,0
202212,4,3,1,Empty,2,0,2,0
202212,2,3,1,Empty,1620,0,1620,0
202212,5,3,1,Empty,106,0,106,0
202212,6,3,1,Loaded,21414,21414,0,241236
202212,3,3,1,Loaded,2506,2506,0,28962
202212,1,3,1,Loaded,1188,1188,0,14955
202212,4,3,1,Loaded,724,724,0,8945
202212,2,3,1,Loaded,7066,7066,0,86448
202212,8,3,1,Loaded,2,2,0,2
202212,5,3,1,Loaded,3554,3554,0,44229
202212,9,3,1,Loaded,1418,1418,0,19306
202212,6,4,1,Empty,376,0,376,0
202212,3,4,1,Empty,42,0,42,0
202212,2,4,1,Empty,98,0,98,0
202212,5,4,1,Empty,130,0,130,0
202212,6,4,1,Loaded,8952,8952,0,104783
202212,3,4,1,Loaded,1216,1216,0,13676
202212,1,4,1,Loaded,474,474,0,4869
202212,4,4,1,Loaded,180,180,0,2297
202212,2,4,1,Loaded,2156,2156,0,26233
202212,5,4,1,Loaded,1646,1646,0,19394
202212,9,4,1,Loaded,394,394,0,4752
202212,6,1,2,Empty,980,0,980,0
202212,3,1,2,Empty,1181,0,1181,0
202212,1,1,2,Empty,19,0,19,0
202212,4,1,2,Empty,431,0,431,0
202212,2,1,2,Empty,6,0,6,0
202212,5,1,2,Empty,286,0,286,0
202212,9,1,2,Empty,80,0,80,0
202212,6,1,2,Loaded,4704,4704,0,78129
202212,3,1,2,Loaded,852,852,0,14733
202212,1,1,2,Loaded,933,933,0,14420
202212,4,1,2,Loaded,53,53,0,865
202212,2,1,2,Loaded,2079,2079,0,31084
202212,8,1,2,Loaded,15,15,0,215
202212,5,1,2,Loaded,316,316,0,6786
202212,9,1,2,Loaded,228,228,0,4570
202212,6,2,2,Empty,1205,0,1205,0
202212,3,2,2,Empty,487,0,487,0
202212,1,2,2,Empty,36,0,36,0
202212,4,2,2,Empty,43,0,43,0
202212,2,2,2,Empty,256,0,256,0
202212,5,2,2,Empty,358,0,358,0
202212,9,2,2,Empty,35,0,35,0
202212,6,2,2,Loaded,237,237,0,2308
202212,3,2,2,Loaded,43,43,0,389
202212,1,2,2,Loaded,21,21,0,194
202212,4,2,2,Loaded,3,3,0,45
202212,2,2,2,Loaded,208,208,0,1865
202212,5,2,2,Loaded,6,6,0,108
202212,6,3,2,Empty,8286,0,8286,0
202212,3,3,2,Empty,2500,0,2500,0
202212,1,3,2,Empty,838,0,838,0
202212,4,3,2,Empty,1154,0,1154,0
202212,2,3,2,Empty,356,0,356,0
202212,5,3,2,Empty,1976,0,1976,0
202212,9,3,2,Empty,1040,0,1040,0
202212,6,3,2,Loaded,14382,14382,0,110516
202212,3,3,2,Loaded,1618,1618,0,11874
202212,1,3,2,Loaded,1886,1886,0,10936
202212,4,3,2,Loaded,82,82,0,489
202212,2,3,2,Loaded,4526,4526,0,31631
202212,8,3,2,Loaded,18,18,0,114
202212,5,3,2,Loaded,566,566,0,5045
202212,9,3,2,Loaded,54,54,0,266
202212,6,4,2,Empty,6530,0,6530,0
202212,3,4,2,Empty,680,0,680,0
202212,1,4,2,Empty,430,0,430,0
202212,4,4,2,Empty,122,0,122,0
202212,2,4,2,Empty,400,0,400,0
202212,5,4,2,Empty,1786,0,1786,0
202212,6,4,2,Loaded,2932,2932,0,23618
202212,3,4,2,Loaded,396,396,0,3675
202212,1,4,2,Loaded,96,96,0,775
202212,4,4,2,Loaded,6,6,0,50
202212,2,4,2,Loaded,708,708,0,4997
202212,5,4,2,Loaded,14,14,0,101
202212,7,1,1,Empty,2424,0,2424,0
202212,7,1,1,Loaded,1089,1089,0,17409
202212,7,2,1,Empty,31,0,31,0
202212,7,2,1,Loaded,54,54,0,519
202212,7,3,1,Empty,6150,0,6150,0
202212,7,3,1,Loaded,2726,2726,0,23030
202212,7,4,1,Empty,2,0,2,0
202212,7,4,1,Loaded,176,176,0,1566
202212,7,1,2,Empty,51,0,51,0
202212,7,1,2,Loaded,8742,8742,0,127732
202212,7,2,2,Empty,98,0,98,0
202212,7,2,2,Loaded,518,518,0,4372
202212,7,3,2,Loaded,18752,18752,0,117458
202212,7,4,2,Empty,284,0,284,0
202212,7,4,2,Loaded,3866,3866,0,27237
202211,6,1,1,Empty,1272,0,1272,0
202211,3,1,1,Empty,97,0,97,0
202211,1,1,1,Empty,308,0,308,0
202211,4,1,1,Empty,4,0,4,0
202211,2,1,1,Empty,305,0,305,0
202211,8,1,1,Empty,35,0,35,0
202211,5,1,1,Empty,1,0,1,0
202211,9,1,1,Empty,4,0,4,0
202211,6,1,1,Loaded,6290,6290,0,111361
202211,3,1,1,Loaded,1955,1955,0,36102
202211,1,1,1,Loaded,291,291,0,5603
202211,4,1,1,Loaded,219,219,0,4807
202211,2,1,1,Loaded,1937,1937,0,35516
202211,8,1,1,Loaded,8,8,0,128
202211,5,1,1,Loaded,677,677,0,12884
202211,9,1,1,Loaded,609,609,0,14356
202211,6,2,1,Empty,191,0,191,0
202211,3,2,1,Empty,3,0,3,0
202211,2,2,1,Empty,10,0,10,0
202211,5,2,1,Empty,15,0,15,0
202211,6,2,1,Loaded,1759,1759,0,26413
202211,3,2,1,Loaded,267,267,0,3845
202211,1,2,1,Loaded,45,45,0,531
202211,4,2,1,Loaded,19,19,0,296
202211,2,2,1,Loaded,580,580,0,8572
202211,5,2,1,Loaded,262,262,0,3940
202211,9,2,1,Loaded,30,30,0,443
202211,6,3,1,Empty,2134,0,2134,0
202211,3,3,1,Empty,142,0,142,0
202211,1,3,1,Empty,354,0,354,0
202211,4,3,1,Empty,12,0,12,0
202211,2,3,1,Empty,1326,0,1326,0
202211,5,3,1,Empty,12,0,12,0
202211,9,3,1,Empty,10,0,10,0
202211,6,3,1,Loaded,20596,20596,0,233046
202211,3,3,1,Loaded,5398,5398,0,64603
202211,1,3,1,Loaded,994,994,0,12717
202211,4,3,1,Loaded,668,668,0,8356
202211,2,3,1,Loaded,7216,7216,0,88047
202211,5,3,1,Loaded,3250,3250,0,39644
202211,9,3,1,Loaded,1524,1524,0,20595
202211,6,4,1,Empty,1032,0,1032,0
202211,3,4,1,Empty,10,0,10,0
202211,1,4,1,Empty,2,0,2,0
202211,2,4,1,Empty,18,0,18,0
202211,5,4,1,Empty,74,0,74,0
202211,9,4,1,Empty,2,0,2,0
202211,6,4,1,Loaded,8208,8208,0,95044
202211,3,4,1,Loaded,1460,1460,0,17199
202211,1,4,1,Loaded,330,330,0,3649
202211,4,4,1,Loaded,140,140,0,1690
202211,2,4,1,Loaded,2048,2048,0,24772
202211,8,4,1,Loaded,2,2,0,23
202211,5,4,1,Loaded,942,942,0,11171
202211,9,4,1,Loaded,266,266,0,3135
202211,6,1,2,Empty,992,0,992,0
202211,3,1,2,Empty,61,0,61,0
202211,1,1,2,Empty,70,0,70,0
202211,4,1,2,Empty,380,0,380,0
202211,5,1,2,Empty,58,0,58,0
202211,9,1,2,Empty,150,0,150,0
202211,6,1,2,Loaded,4645,4645,0,76718
202211,3,1,2,Loaded,1063,1063,0,19573
202211,1,1,2,Loaded,743,743,0,11023
202211,4,1,2,Loaded,35,35,0,567
202211,2,1,2,Loaded,2528,2528,0,38287
202211,8,1,2,Loaded,11,11,0,207
202211,5,1,2,Loaded,264,264,0,5388
202211,9,1,2,Loaded,458,458,0,9436
202211,6,2,2,Empty,1103,0,1103,0
202211,3,2,2,Empty,347,0,347,0
202211,1,2,2,Empty,5,0,5,0
202211,4,2,2,Empty,35,0,35,0
202211,2,2,2,Empty,447,0,447,0
202211,8,2,2,Empty,86,0,86,0
202211,5,2,2,Empty,251,0,251,0
202211,9,2,2,Empty,20,0,20,0
202211,6,2,2,Loaded,282,282,0,3325
202211,3,2,2,Loaded,12,12,0,63
202211,1,2,2,Loaded,15,15,0,227
202211,2,2,2,Loaded,167,167,0,1428
202211,5,2,2,Loaded,3,3,0,31
202211,6,3,2,Empty,4890,0,4890,0
202211,3,3,2,Empty,1600,0,1600,0
202211,1,3,2,Empty,304,0,304,0
202211,4,3,2,Empty,300,0,300,0
202211,5,3,2,Empty,1616,0,1616,0
202211,9,3,2,Empty,1900,0,1900,0
202211,6,3,2,Loaded,14212,14212,0,105071
202211,3,3,2,Loaded,1684,1684,0,11397
202211,1,3,2,Loaded,1512,1512,0,9326
202211,4,3,2,Loaded,36,36,0,217
202211,2,3,2,Loaded,5656,5656,0,38935
202211,8,3,2,Loaded,4,4,0,25
202211,5,3,2,Loaded,438,438,0,3246
202211,9,3,2,Loaded,148,148,0,801
202211,6,4,2,Empty,3666,0,3666,0
202211,3,4,2,Empty,2086,0,2086,0
202211,1,4,2,Empty,974,0,974,0
202211,4,4,2,Empty,320,0,320,0
202211,2,4,2,Empty,1466,0,1466,0
202211,8,4,2,Empty,506,0,506,0
202211,5,4,2,Empty,788,0,788,0
202211,9,4,2,Empty,600,0,600,0
202211,6,4,2,Loaded,2706,2706,0,21697
202211,3,4,2,Loaded,306,306,0,3032
202211,1,4,2,Loaded,88,88,0,711
202211,4,4,2,Loaded,4,4,0,49
202211,2,4,2,Loaded,800,800,0,5862
202211,5,4,2,Loaded,12,12,0,65
202211,9,4,2,Loaded,2,2,0,17
202211,7,1,1,Empty,2014,0,2014,0
202211,7,1,1,Loaded,957,957,0,15052
202211,7,2,1,Empty,26,0,26,0
202211,7,2,1,Loaded,60,60,0,643
202211,7,3,1,Empty,4640,0,4640,0
202211,7,3,1,Loaded,3048,3048,0,29957
202211,7,4,1,Empty,4,0,4,0
202211,7,4,1,Loaded,240,240,0,2243
202211,7,1,2,Empty,6,0,6,0
202211,7,1,2,Loaded,8496,8496,0,122606
202211,7,2,2,Empty,30,0,30,0
202211,7,2,2,Loaded,551,551,0,5020
202211,7,3,2,Empty,8,0,8,0
202211,7,3,2,Loaded,18652,18652,0,113487
202211,7,4,2,Empty,76,0,76,0
202211,7,4,2,Loaded,3556,3556,0,24027
202210,6,1,1,Empty,2187,0,2187,0
202210,3,1,1,Empty,25,0,25,0
202210,1,1,1,Empty,123,0,123,0
202210,4,1,1,Empty,6,0,6,0
202210,2,1,1,Empty,435,0,435,0
202210,8,1,1,Empty,12,0,12,0
202210,5,1,1,Empty,122,0,122,0
202210,9,1,1,Empty,2,0,2,0
202210,6,1,1,Loaded,6140,6140,0,110096
202210,3,1,1,Loaded,1006,1006,0,18218
202210,1,1,1,Loaded,296,296,0,6020
202210,4,1,1,Loaded,339,339,0,7297
202210,2,1,1,Loaded,1451,1451,0,26267
202210,8,1,1,Loaded,21,21,0,378
202210,5,1,1,Loaded,603,603,0,11217
202210,9,1,1,Loaded,236,236,0,5594
202210,6,2,1,Empty,5,0,5,0
202210,3,2,1,Empty,37,0,37,0
202210,2,2,1,Empty,80,0,80,0
202210,5,2,1,Empty,41,0,41,0
202210,6,2,1,Loaded,1563,1563,0,22417
202210,3,2,1,Loaded,235,235,0,3359
202210,1,2,1,Loaded,30,30,0,384
202210,4,2,1,Loaded,24,24,0,382
202210,2,2,1,Loaded,454,454,0,6682
202210,5,2,1,Loaded,259,259,0,3742
202210,9,2,1,Loaded,13,13,0,197
202210,6,3,1,Empty,1988,0,1988,0
202210,3,3,1,Empty,346,0,346,0
202210,1,3,1,Empty,96,0,96,0
202210,4,3,1,Empty,10,0,10,0
202210,2,3,1,Empty,1690,0,1690,0
202210,5,3,1,Empty,82,0,82,0
202210,6,3,1,Loaded,20390,20390,0,229636
202210,3,3,1,Loaded,2056,2056,0,24055
202210,1,3,1,Loaded,624,624,0,8226
202210,4,3,1,Loaded,892,892,0,10973
202210,2,3,1,Loaded,4750,4750,0,58103
202210,5,3,1,Loaded,2884,2884,0,35730
202210,9,3,1,Loaded,494,494,0,6655
202210,6,4,1,Empty,452,0,452,0
202210,3,4,1,Empty,102,0,102,0
202210,1,4,1,Empty,2,0,2,0
202210,2,4,1,Empty,84,0,84,0
202210,5,4,1,Empty,76,0,76,0
202210,6,4,1,Loaded,8086,8086,0,92230
202210,3,4,1,Loaded,1296,1296,0,15422
202210,1,4,1,Loaded,294,294,0,3361
202210,4,4,1,Loaded,258,258,0,3010
202210,2,4,1,Loaded,1754,1754,0,21254
202210,8,4,1,Loaded,2,2,0,23
202210,5,4,1,Loaded,928,928,0,10848
202210,9,4,1,Loaded,84,84,0,1004
202210,6,1,2,Empty,902,0,902,0
202210,3,1,2,Empty,292,0,292,0
202210,1,1,2,Empty,10,0,10,0
202210,4,1,2,Empty,292,0,292,0
202210,5,1,2,Empty,210,0,210,0
202210,9,1,2,Empty,34,0,34,0
202210,6,1,2,Loaded,5883,5883,0,94274
202210,3,1,2,Loaded,613,613,0,10554
202210,1,1,2,Loaded,611,611,0,9157
202210,4,1,2,Loaded,90,90,0,1469
202210,2,1,2,Loaded,1502,1502,0,22508
202210,8,1,2,Loaded,40,40,0,771
202210,5,1,2,Loaded,234,234,0,4237
202210,9,1,2,Loaded,41,41,0,780
202210,6,2,2,Empty,1178,0,1178,0
202210,3,2,2,Empty,290,0,290,0
202210,1,2,2,Empty,34,0,34,0
202210,4,2,2,Empty,123,0,123,0
202210,2,2,2,Empty,233,0,233,0
202210,5,2,2,Empty,447,0,447,0
202210,9,2,2,Empty,6,0,6,0
202210,6,2,2,Loaded,289,289,0,3123
202210,3,2,2,Loaded,20,20,0,174
202210,1,2,2,Loaded,35,35,0,473
202210,2,2,2,Loaded,133,133,0,1430
202210,5,2,2,Loaded,8,8,0,153
202210,6,3,2,Empty,4016,0,4016,0
202210,3,3,2,Empty,150,0,150,0
202210,1,3,2,Empty,50,0,50,0
202210,4,3,2,Empty,730,0,730,0
202210,2,3,2,Empty,70,0,70,0
202210,5,3,2,Empty,1746,0,1746,0
202210,9,3,2,Empty,94,0,94,0
202210,6,3,2,Loaded,18518,18518,0,140113
202210,3,3,2,Loaded,1112,1112,0,7100
202210,1,3,2,Loaded,1074,1074,0,6773
202210,4,3,2,Loaded,108,108,0,764
202210,2,3,2,Loaded,4028,4028,0,28719
202210,8,3,2,Loaded,6,6,0,39
202210,5,3,2,Loaded,548,548,0,4575
202210,6,4,2,Empty,2508,0,2508,0
202210,3,4,2,Empty,524,0,524,0
202210,1,4,2,Empty,170,0,170,0
202210,4,4,2,Empty,268,0,268,0
202210,2,4,2,Empty,438,0,438,0
202210,5,4,2,Empty,1150,0,1150,0
202210,9,4,2,Empty,60,0,60,0
202210,6,4,2,Loaded,2480,2480,0,20761
202210,3,4,2,Loaded,330,330,0,3264
202210,1,4,2,Loaded,74,74,0,569
202210,4,4,2,Loaded,4,4,0,48
202210,2,4,2,Loaded,530,530,0,4123
202210,5,4,2,Loaded,42,42,0,457
202210,7,1,1,Empty,2382,0,2382,0
202210,7,1,1,Loaded,1152,1152,0,19357
202210,7,2,1,Empty,26,0,26,0
202210,7,2,1,Loaded,54,54,0,495
202210,7,3,1,Empty,6154,0,6154,0
202210,7,3,1,Loaded,3224,3224,0,29312
202210,7,4,1,Empty,40,0,40,0
202210,7,4,1,Loaded,238,238,0,2394
202210,7,1,2,Empty,7,0,7,0
202210,7,1,2,Loaded,8458,8458,0,121896
202210,7,2,2,Empty,37,0,37,0
202210,7,2,2,Loaded,572,572,0,5243
202210,7,3,2,Empty,22,0,22,0
202210,7,3,2,Loaded,19008,19008,0,116723
202210,7,4,2,Empty,464,0,464,0
202210,7,4,2,Loaded,4028,4028,0,27767
202209,6,1,1,Empty,2053,0,2053,0
202209,3,1,1,Empty,52,0,52,0
202209,1,1,1,Empty,376,0,376,0
202209,4,1,1,Empty,2,0,2,0
202209,2,1,1,Empty,557,0,557,0
202209,5,1,1,Empty,34,0,34,0
202209,9,1,1,Empty,3,0,3,0
202209,6,1,1,Loaded,6555,6555,0,116458
202209,3,1,1,Loaded,1332,1332,0,24814
202209,1,1,1,Loaded,446,446,0,8981
202209,4,1,1,Loaded,471,471,0,9713
202209,2,1,1,Loaded,2066,2066,0,37606
202209,5,1,1,Loaded,962,962,0,17819
202209,9,1,1,Loaded,340,340,0,7521
202209,6,2,1,Empty,101,0,101,0
202209,1,2,1,Empty,2,0,2,0
202209,2,2,1,Empty,39,0,39,0
202209,5,2,1,Empty,73,0,73,0
202209,6,2,1,Loaded,1773,1773,0,25726
202209,3,2,1,Loaded,190,190,0,2712
202209,1,2,1,Loaded,51,51,0,671
202209,4,2,1,Loaded,78,78,0,1290
202209,2,2,1,Loaded,468,468,0,6907
202209,5,2,1,Loaded,340,340,0,4904
202209,9,2,1,Loaded,32,32,0,463
202209,6,3,1,Empty,5426,0,5426,0
202209,3,3,1,Empty,468,0,468,0
202209,1,3,1,Empty,308,0,308,0
202209,4,3,1,Empty,2,0,2,0
202209,2,3,1,Empty,1590,0,1590,0
202209,5,3,1,Empty,46,0,46,0
202209,9,3,1,Empty,2,0,2,0
202209,6,3,1,Loaded,20410,20410,0,222566
202209,3,3,1,Loaded,3812,3812,0,46093
202209,1,3,1,Loaded,632,632,0,7540
202209,4,3,1,Loaded,808,808,0,10032
202209,2,3,1,Loaded,4846,4846,0,56489
202209,5,3,1,Loaded,2244,2244,0,26365
202209,9,3,1,Loaded,204,204,0,2482
202209,6,4,1,Empty,416,0,416,0
202209,3,4,1,Empty,2,0,2,0
202209,1,4,1,Empty,2,0,2,0
202209,2,4,1,Empty,134,0,134,0
202209,5,4,1,Empty,162,0,162,0
202209,6,4,1,Loaded,10336,10336,0,117506
202209,3,4,1,Loaded,1638,1638,0,18626
202209,1,4,1,Loaded,294,294,0,3307
202209,4,4,1,Loaded,528,528,0,6005
202209,2,4,1,Loaded,2428,2428,0,29781
202209,5,4,1,Loaded,1190,1190,0,14017
202209,9,4,1,Loaded,312,312,0,3895
202209,6,1,2,Empty,632,0,632,0
202209,3,1,2,Empty,67,0,67,0
202209,1,1,2,Empty,140,0,140,0
202209,4,1,2,Empty,553,0,553,0
202209,2,1,2,Empty,6,0,6,0
202209,5,1,2,Empty,300,0,300,0
202209,9,1,2,Empty,566,0,566,0
202209,6,1,2,Loaded,5810,5810,0,97693
202209,3,1,2,Loaded,603,603,0,11254
202209,1,1,2,Loaded,804,804,0,11948
202209,4,1,2,Loaded,43,43,0,896
202209,2,1,2,Loaded,2760,2760,0,42314
202209,5,1,2,Loaded,326,326,0,6269
202209,9,1,2,Loaded,359,359,0,7331
202209,6,2,2,Empty,1549,0,1549,0
202209,3,2,2,Empty,208,0,208,0
202209,1,2,2,Empty,89,0,89,0
202209,4,2,2,Empty,69,0,69,0
202209,2,2,2,Empty,395,0,395,0
202209,5,2,2,Empty,222,0,222,0
202209,9,2,2,Empty,18,0,18,0
202209,6,2,2,Loaded,365,365,0,4541
202209,3,2,2,Loaded,17,17,0,185
202209,1,2,2,Loaded,37,37,0,446
202209,4,2,2,Loaded,3,3,0,49
202209,2,2,2,Loaded,211,211,0,2258
202209,5,2,2,Loaded,12,12,0,226
202209,6,3,2,Empty,1684,0,1684,0
202209,4,3,2,Empty,332,0,332,0
202209,5,3,2,Empty,776,0,776,0
202209,9,3,2,Empty,1174,0,1174,0
202209,6,3,2,Loaded,17418,17418,0,136259
202209,3,3,2,Loaded,962,962,0,6916
202209,1,3,2,Loaded,1648,1648,0,10022
202209,4,3,2,Loaded,32,32,0,201
202209,2,3,2,Loaded,6670,6670,0,47464
202209,5,3,2,Loaded,780,780,0,6230
202209,9,3,2,Loaded,98,98,0,642
202209,6,4,2,Empty,4436,0,4436,0
202209,3,4,2,Empty,1628,0,1628,0
202209,1,4,2,Empty,236,0,236,0
202209,4,4,2,Empty,498,0,498,0
202209,2,4,2,Empty,818,0,818,0
202209,5,4,2,Empty,878,0,878,0
202209,9,4,2,Empty,98,0,98,0
202209,6,4,2,Loaded,2966,2966,0,25209
202209,3,4,2,Loaded,250,250,0,2404
202209,1,4,2,Loaded,100,100,0,974
202209,4,4,2,Loaded,42,42,0,540
202209,2,4,2,Loaded,888,888,0,6197
202209,5,4,2,Loaded,26,26,0,211
202209,9,4,2,Loaded,6,6,0,67
202209,7,1,1,Empty,1315,0,1315,0
202209,7,1,1,Loaded,1651,1651,0,26981
202209,7,2,1,Loaded,107,107,0,1055
202209,7,3,1,Empty,4252,0,4252,0
202209,7,3,1,Loaded,3740,3740,0,30945
202209,7,4,1,Empty,128,0,128,0
202209,7,4,1,Loaded,196,196,0,1971
202209,7,1,2,Empty,8,0,8,0
202209,7,1,2,Loaded,7528,7528,0,108208
202209,7,2,2,Empty,193,0,193,0
202209,7,2,2,Loaded,413,413,0,4153
202209,7,3,2,Empty,18,0,18,0
202209,7,3,2,Loaded,16180,16180,0,101902
202209,7,4,2,Empty,482,0,482,0
202209,7,4,2,Loaded,3360,3360,0,24415
202208,6,1,1,Empty,2110,0,2110,0
202208,3,1,1,Empty,30,0,30,0
202208,1,1,1,Empty,165,0,165,0
202208,4,1,1,Empty,3,0,3,0
202208,2,1,1,Empty,455,0,455,0
202208,8,1,1,Empty,31,0,31,0
202208,5,1,1,Empty,6,0,6,0
202208,6,1,1,Loaded,6795,6795,0,120713
202208,3,1,1,Loaded,1055,1055,0,19444
202208,1,1,1,Loaded,364,364,0,7219
202208,4,1,1,Loaded,320,320,0,6794
202208,2,1,1,Loaded,1610,1610,0,28434
202208,8,1,1,Loaded,28,28,0,453
202208,5,1,1,Loaded,387,387,0,6995
202208,9,1,1,Loaded,437,437,0,9414
202208,6,2,1,Empty,42,0,42,0
202208,3,2,1,Empty,14,0,14,0
202208,4,2,1,Empty,1,0,1,0
202208,5,2,1,Empty,50,0,50,0
202208,6,2,1,Loaded,1705,1705,0,24887
202208,3,2,1,Loaded,301,301,0,4199
202208,1,2,1,Loaded,45,45,0,585
202208,4,2,1,Loaded,84,84,0,1220
202208,2,2,1,Loaded,344,344,0,4843
202208,5,2,1,Loaded,330,330,0,4764
202208,9,2,1,Loaded,39,39,0,561
202208,6,3,1,Empty,3484,0,3484,0
202208,3,3,1,Empty,52,0,52,0
202208,1,3,1,Empty,168,0,168,0
202208,4,3,1,Empty,4,0,4,0
202208,2,3,1,Empty,3222,0,3222,0
202208,5,3,1,Empty,6,0,6,0
202208,9,3,1,Empty,10,0,10,0
202208,6,3,1,Loaded,19032,19032,0,201934
202208,3,3,1,Loaded,2162,2162,0,25737
202208,1,3,1,Loaded,282,282,0,3245
202208,4,3,1,Loaded,792,792,0,9684
202208,2,3,1,Loaded,4978,4978,0,61090
202208,8,3,1,Loaded,2,2,0,17
202208,5,3,1,Loaded,1742,1742,0,20989
202208,9,3,1,Loaded,210,210,0,2591
202208,6,4,1,Empty,990,0,990,0
202208,2,4,1,Empty,2,0,2,0
202208,5,4,1,Empty,48,0,48,0
202208,6,4,1,Loaded,11322,11322,0,126886
202208,3,4,1,Loaded,2460,2460,0,27774
202208,1,4,1,Loaded,344,344,0,3775
202208,4,4,1,Loaded,580,580,0,6547
202208,2,4,1,Loaded,2468,2468,0,29917
202208,8,4,1,Loaded,4,4,0,43
202208,5,4,1,Loaded,1212,1212,0,14116
202208,9,4,1,Loaded,174,174,0,1988
202208,6,1,2,Empty,1272,0,1272,0
202208,3,1,2,Empty,54,0,54,0
202208,1,1,2,Empty,20,0,20,0
202208,4,1,2,Empty,328,0,328,0
202208,2,1,2,Empty,15,0,15,0
202208,5,1,2,Empty,190,0,190,0
202208,6,1,2,Loaded,5611,5611,0,93186
202208,3,1,2,Loaded,566,566,0,11360
202208,1,1,2,Loaded,554,554,0,8629
202208,4,1,2,Loaded,128,128,0,2613
202208,2,1,2,Loaded,2048,2048,0,32251
202208,8,1,2,Loaded,18,18,0,370
202208,5,1,2,Loaded,297,297,0,5792
202208,9,1,2,Loaded,136,136,0,2950
202208,6,2,2,Empty,1611,0,1611,0
202208,3,2,2,Empty,328,0,328,0
202208,1,2,2,Empty,20,0,20,0
202208,4,2,2,Empty,50,0,50,0
202208,2,2,2,Empty,345,0,345,0
202208,5,2,2,Empty,422,0,422,0
202208,9,2,2,Empty,51,0,51,0
202208,6,2,2,Loaded,253,253,0,3219
202208,3,2,2,Loaded,18,18,0,101
202208,1,2,2,Loaded,17,17,0,192
202208,2,2,2,Loaded,183,183,0,2036
202208,8,2,2,Loaded,2,2,0,39
202208,5,2,2,Loaded,8,8,0,100
202208,6,3,2,Empty,1392,0,1392,0
202208,3,3,2,Empty,100,0,100,0
202208,2,3,2,Empty,100,0,100,0
202208,5,3,2,Empty,614,0,614,0
202208,6,3,2,Loaded,17502,17502,0,137904
202208,3,3,2,Loaded,764,764,0,5231
202208,1,3,2,Loaded,1028,1028,0,6299
202208,4,3,2,Loaded,90,90,0,680
202208,2,3,2,Loaded,4926,4926,0,34743
202208,8,3,2,Loaded,42,42,0,48
202208,5,3,2,Loaded,448,448,0,3321
202208,9,3,2,Loaded,40,40,0,258
202208,6,4,2,Empty,5244,0,5244,0
202208,3,4,2,Empty,1644,0,1644,0
202208,1,4,2,Empty,482,0,482,0
202208,4,4,2,Empty,666,0,666,0
202208,2,4,2,Empty,1364,0,1364,0
202208,5,4,2,Empty,1168,0,1168,0
202208,9,4,2,Empty,200,0,200,0
202208,6,4,2,Loaded,2252,2252,0,19035
202208,3,4,2,Loaded,270,270,0,2400
202208,1,4,2,Loaded,70,70,0,530
202208,4,4,2,Loaded,12,12,0,111
202208,2,4,2,Loaded,760,760,0,5738
202208,5,4,2,Loaded,44,44,0,378
202208,7,1,1,Empty,2290,0,2290,0
202208,7,1,1,Loaded,950,950,0,15360
202208,7,2,1,Empty,13,0,13,0
202208,7,2,1,Loaded,58,58,0,598
202208,7,3,1,Empty,8392,0,8392,0
202208,7,3,1,Loaded,2986,2986,0,25597
202208,7,4,1,Empty,18,0,18,0
202208,7,4,1,Loaded,164,164,0,1575
202208,7,1,2,Empty,11,0,11,0
202208,7,1,2,Loaded,8081,8081,0,111532
202208,7,2,2,Empty,21,0,21,0
202208,7,2,2,Loaded,480,480,0,4164
202208,7,3,2,Empty,8,0,8,0
202208,7,3,2,Loaded,17612,17612,0,113254
202208,7,4,2,Empty,198,0,198,0
202208,7,4,2,Loaded,3002,3002,0,20909
202207,6,1,1,Empty,1877,0,1877,0
202207,3,1,1,Empty,57,0,57,0
202207,1,1,1,Empty,130,0,130,0
202207,4,1,1,Empty,8,0,8,0
202207,2,1,1,Empty,296,0,296,0
202207,8,1,1,Empty,40,0,40,0
202207,5,1,1,Empty,147,0,147,0
202207,9,1,1,Empty,1,0,1,0
202207,6,1,1,Loaded,5360,5360,0,94466
202207,3,1,1,Loaded,1561,1561,0,29124
202207,1,1,1,Loaded,391,391,0,6754
202207,4,1,1,Loaded,377,377,0,8174
202207,2,1,1,Loaded,1884,1884,0,33510
202207,8,1,1,Loaded,32,32,0,597
202207,5,1,1,Loaded,950,950,0,17337
202207,9,1,1,Loaded,446,446,0,9934
202207,6,2,1,Empty,165,0,165,0
202207,2,2,1,Empty,1,0,1,0
202207,5,2,1,Empty,12,0,12,0
202207,6,2,1,Loaded,1835,1835,0,27565
202207,3,2,1,Loaded,333,333,0,4843
202207,1,2,1,Loaded,95,95,0,1407
202207,4,2,1,Loaded,70,70,0,1052
202207,2,2,1,Loaded,569,569,0,8406
202207,5,2,1,Loaded,440,440,0,6408
202207,9,2,1,Loaded,44,44,0,611
202207,6,3,1,Empty,2688,0,2688,0
202207,3,3,1,Empty,80,0,80,0
202207,1,3,1,Empty,684,0,684,0
202207,4,3,1,Empty,10,0,10,0
202207,2,3,1,Empty,2434,0,2434,0
202207,5,3,1,Empty,8,0,8,0
202207,9,3,1,Empty,4,0,4,0
202207,6,3,1,Loaded,17538,17538,0,194548
202207,3,3,1,Loaded,4128,4128,0,50048
202207,1,3,1,Loaded,730,730,0,8852
202207,4,3,1,Loaded,990,990,0,11893
202207,2,3,1,Loaded,6630,6630,0,78860
202207,8,3,1,Loaded,82,82,0,1038
202207,5,3,1,Loaded,3566,3566,0,42913
202207,9,3,1,Loaded,636,636,0,8666
202207,6,4,1,Empty,70,0,70,0
202207,3,4,1,Empty,6,0,6,0
202207,2,4,1,Empty,64,0,64,0
202207,5,4,1,Empty,52,0,52,0
202207,9,4,1,Empty,2,0,2,0
202207,6,4,1,Loaded,9944,9944,0,114132
202207,3,4,1,Loaded,4184,4184,0,47159
202207,1,4,1,Loaded,452,452,0,4967
202207,4,4,1,Loaded,1064,1064,0,11625
202207,2,4,1,Loaded,3312,3312,0,39998
202207,8,4,1,Loaded,36,36,0,438
202207,5,4,1,Loaded,2362,2362,0,28080
202207,9,4,1,Loaded,368,368,0,4499
202207,6,1,2,Empty,1091,0,1091,0
202207,3,1,2,Empty,50,0,50,0
202207,4,1,2,Empty,325,0,325,0
202207,2,1,2,Empty,36,0,36,0
202207,5,1,2,Empty,277,0,277,0
202207,9,1,2,Empty,70,0,70,0
202207,6,1,2,Loaded,4048,4048,0,67331
202207,3,1,2,Loaded,990,990,0,18488
202207,1,1,2,Loaded,812,812,0,14342
202207,4,1,2,Loaded,122,122,0,2502
202207,2,1,2,Loaded,2155,2155,0,34066
202207,8,1,2,Loaded,48,48,0,753
202207,5,1,2,Loaded,384,384,0,6953
202207,9,1,2,Loaded,174,174,0,3651
202207,6,2,2,Empty,1028,0,1028,0
202207,3,2,2,Empty,370,0,370,0
202207,1,2,2,Empty,158,0,158,0
202207,4,2,2,Empty,19,0,19,0
202207,2,2,2,Empty,365,0,365,0
202207,8,2,2,Empty,4,0,4,0
202207,5,2,2,Empty,374,0,374,0
202207,9,2,2,Empty,30,0,30,0
202207,6,2,2,Loaded,191,191,0,2063
202207,3,2,2,Loaded,20,20,0,162
202207,1,2,2,Loaded,24,24,0,312
202207,4,2,2,Loaded,3,3,0,37
202207,2,2,2,Loaded,121,121,0,1126
202207,5,2,2,Loaded,5,5,0,16
202207,6,3,2,Empty,4568,0,4568,0
202207,1,3,2,Empty,26,0,26,0
202207,4,3,2,Empty,100,0,100,0
202207,2,3,2,Empty,8,0,8,0
202207,5,3,2,Empty,1362,0,1362,0
202207,9,3,2,Empty,476,0,476,0
202207,6,3,2,Loaded,13254,13254,0,103700
202207,3,3,2,Loaded,1504,1504,0,11002
202207,1,3,2,Loaded,1410,1410,0,9313
202207,4,3,2,Loaded,76,76,0,490
202207,2,3,2,Loaded,4780,4780,0,35572
202207,8,3,2,Loaded,14,14,0,105
202207,5,3,2,Loaded,706,706,0,5523
202207,9,3,2,Loaded,66,66,0,420
202207,6,4,2,Empty,7776,0,7776,0
202207,3,4,2,Empty,3366,0,3366,0
202207,1,4,2,Empty,754,0,754,0
202207,4,4,2,Empty,1102,0,1102,0
202207,2,4,2,Empty,732,0,732,0
202207,8,4,2,Empty,254,0,254,0
202207,5,4,2,Empty,1408,0,1408,0
202207,9,4,2,Empty,170,0,170,0
202207,6,4,2,Loaded,2528,2528,0,20209
202207,3,4,2,Loaded,372,372,0,3779
202207,1,4,2,Loaded,102,102,0,783
202207,4,4,2,Loaded,14,14,0,127
202207,2,4,2,Loaded,542,542,0,3845
202207,5,4,2,Loaded,48,48,0,431
202207,9,4,2,Loaded,2,2,0,14
202207,7,1,1,Empty,1826,0,1826,0
202207,7,1,1,Loaded,798,798,0,13568
202207,7,2,1,Empty,21,0,21,0
202207,7,2,1,Loaded,26,26,0,278
202207,7,3,1,Empty,8448,0,8448,0
202207,7,3,1,Loaded,2122,2122,0,19179
202207,7,4,1,Empty,16,0,16,0
202207,7,4,1,Loaded,228,228,0,2397
202207,7,1,2,Empty,350,0,350,0
202207,7,1,2,Loaded,7389,7389,0,104177
202207,7,2,2,Empty,49,0,49,0
202207,7,2,2,Loaded,401,401,0,3383
202207,7,3,2,Empty,4,0,4,0
202207,7,3,2,Loaded,15766,15766,0,99971
202207,7,4,2,Empty,418,0,418,0
202207,7,4,2,Loaded,2632,2632,0,17780
202206,6,1,1,Empty,2342,0,2342,0
202206,3,1,1,Empty,22,0,22,0
202206,1,1,1,Empty,376,0,376,0
202206,4,1,1,Empty,8,0,8,0
202206,2,1,1,Empty,438,0,438,0
202206,8,1,1,Empty,80,0,80,0
202206,5,1,1,Empty,132,0,132,0
202206,9,1,1,Empty,1,0,1,0
202206,6,1,1,Loaded,5453,5453,0,98560
202206,3,1,1,Loaded,1243,1243,0,23663
202206,1,1,1,Loaded,368,368,0,6487
202206,4,1,1,Loaded,185,185,0,3762
202206,2,1,1,Loaded,2077,2077,0,36306
202206,8,1,1,Loaded,32,32,0,501
202206,5,1,1,Loaded,584,584,0,10179
202206,9,1,1,Loaded,459,459,0,10024
202206,6,2,1,Empty,81,0,81,0
202206,1,2,1,Empty,1,0,1,0
202206,2,2,1,Empty,33,0,33,0
202206,5,2,1,Empty,17,0,17,0
202206,6,2,1,Loaded,2018,2018,0,30449
202206,3,2,1,Loaded,337,337,0,4977
202206,1,2,1,Loaded,87,87,0,1198
202206,4,2,1,Loaded,76,76,0,1067
202206,2,2,1,Loaded,577,577,0,8474
202206,8,2,1,Loaded,2,2,0,33
202206,5,2,1,Loaded,535,535,0,7778
202206,9,2,1,Loaded,44,44,0,686
202206,6,3,1,Empty,3564,0,3564,0
202206,3,3,1,Empty,54,0,54,0
202206,1,3,1,Empty,376,0,376,0
202206,4,3,1,Empty,10,0,10,0
202206,2,3,1,Empty,2198,0,2198,0
202206,5,3,1,Empty,412,0,412,0
202206,6,3,1,Loaded,17032,17032,0,190019
202206,3,3,1,Loaded,2460,2460,0,29351
202206,1,3,1,Loaded,620,620,0,7389
202206,4,3,1,Loaded,714,714,0,8709
202206,2,3,1,Loaded,6166,6166,0,73170
202206,8,3,1,Loaded,82,82,0,904
202206,5,3,1,Loaded,2908,2908,0,34177
202206,9,3,1,Loaded,878,878,0,11828
202206,6,4,1,Empty,388,0,388,0
202206,3,4,1,Empty,8,0,8,0
202206,1,4,1,Empty,2,0,2,0
202206,2,4,1,Empty,106,0,106,0
202206,5,4,1,Empty,92,0,92,0
202206,6,4,1,Loaded,11716,11716,0,132447
202206,3,4,1,Loaded,4070,4070,0,46025
202206,1,4,1,Loaded,372,372,0,4069
202206,4,4,1,Loaded,1038,1038,0,11576
202206,2,4,1,Loaded,3076,3076,0,37319
202206,8,4,1,Loaded,56,56,0,680
202206,5,4,1,Loaded,1940,1940,0,22825
202206,9,4,1,Loaded,382,382,0,4575
202206,6,1,2,Empty,755,0,755,0
202206,3,1,2,Empty,167,0,167,0
202206,1,1,2,Empty,40,0,40,0
202206,4,1,2,Empty,2,0,2,0
202206,2,1,2,Empty,27,0,27,0
202206,8,1,2,Empty,124,0,124,0
202206,5,1,2,Empty,631,0,631,0
202206,9,1,2,Empty,604,0,604,0
202206,6,1,2,Loaded,5209,5209,0,84057
202206,3,1,2,Loaded,517,517,0,9616
202206,1,1,2,Loaded,816,816,0,13485
202206,4,1,2,Loaded,97,97,0,1747
202206,2,1,2,Loaded,2236,2236,0,34738
202206,8,1,2,Loaded,65,65,0,1205
202206,5,1,2,Loaded,328,328,0,6065
202206,9,1,2,Loaded,216,216,0,4368
202206,6,2,2,Empty,1214,0,1214,0
202206,3,2,2,Empty,194,0,194,0
202206,1,2,2,Empty,75,0,75,0
202206,4,2,2,Empty,172,0,172,0
202206,2,2,2,Empty,323,0,323,0
202206,8,2,2,Empty,33,0,33,0
202206,5,2,2,Empty,337,0,337,0
202206,9,2,2,Empty,53,0,53,0
202206,6,2,2,Loaded,217,217,0,2029
202206,3,2,2,Loaded,29,29,0,164
202206,1,2,2,Loaded,19,19,0,148
202206,2,2,2,Loaded,106,106,0,909
202206,5,2,2,Loaded,2,2,0,8
202206,6,3,2,Empty,4378,0,4378,0
202206,3,3,2,Empty,728,0,728,0
202206,4,3,2,Empty,908,0,908,0
202206,2,3,2,Empty,8,0,8,0
202206,8,3,2,Empty,224,0,224,0
202206,5,3,2,Empty,1306,0,1306,0
202206,9,3,2,Empty,788,0,788,0
202206,6,3,2,Loaded,15444,15444,0,120663
202206,3,3,2,Loaded,992,992,0,6830
202206,1,3,2,Loaded,1424,1424,0,9924
202206,4,3,2,Loaded,48,48,0,255
202206,2,3,2,Loaded,5142,5142,0,37035
202206,8,3,2,Loaded,28,28,0,262
202206,5,3,2,Loaded,716,716,0,6210
202206,9,3,2,Loaded,108,108,0,595
202206,6,4,2,Empty,7684,0,7684,0
202206,3,4,2,Empty,4050,0,4050,0
202206,1,4,2,Empty,492,0,492,0
202206,4,4,2,Empty,1180,0,1180,0
202206,2,4,2,Empty,1616,0,1616,0
202206,8,4,2,Empty,1128,0,1128,0
202206,5,4,2,Empty,2038,0,2038,0
202206,9,4,2,Empty,742,0,742,0
202206,6,4,2,Loaded,2624,2624,0,20852
202206,3,4,2,Loaded,294,294,0,2619
202206,1,4,2,Loaded,90,90,0,702
202206,4,4,2,Loaded,6,6,0,59
202206,2,4,2,Loaded,456,456,0,3427
202206,5,4,2,Loaded,28,28,0,252
202206,7,1,1,Empty,1407,0,1407,0
202206,7,1,1,Loaded,1035,1035,0,18238
202206,7,2,1,Empty,38,0,38,0
202206,7,2,1,Loaded,73,73,0,768
202206,7,3,1,Empty,5722,0,5722,0
202206,7,3,1,Loaded,2510,2510,0,25928
202206,7,4,1,Empty,38,0,38,0
202206,7,4,1,Loaded,226,226,0,2356
202206,7,1,2,Empty,155,0,155,0
202206,7,1,2,Loaded,7798,7798,0,115237
202206,7,2,2,Empty,47,0,47,0
202206,7,2,2,Loaded,393,393,0,3526
202206,7,3,2,Empty,14,0,14,0
202206,7,3,2,Loaded,17874,17874,0,115139
202206,7,4,2,Empty,80,0,80,0
202206,7,4,2,Loaded,2334,2334,0,17108
202205,6,1,1,Empty,2695,0,2695,0
202205,3,1,1,Empty,88,0,88,0
202205,1,1,1,Empty,293,0,293,0
202205,4,1,1,Empty,1,0,1,0
202205,2,1,1,Empty,391,0,391,0
202205,8,1,1,Empty,51,0,51,0
202205,5,1,1,Empty,118,0,118,0
202205,9,1,1,Empty,9,0,9,0
202205,6,1,1,Loaded,6112,6112,0,106101
202205,3,1,1,Loaded,1119,1119,0,20511
202205,1,1,1,Loaded,244,244,0,3564
202205,4,1,1,Loaded,127,127,0,2463
202205,2,1,1,Loaded,2036,2036,0,37049
202205,8,1,1,Loaded,52,52,0,772
202205,5,1,1,Loaded,711,711,0,13037
202205,9,1,1,Loaded,473,473,0,10476
202205,6,2,1,Empty,59,0,59,0
202205,3,2,1,Empty,13,0,13,0
202205,1,2,1,Empty,5,0,5,0
202205,2,2,1,Empty,1,0,1,0
202205,5,2,1,Empty,7,0,7,0
202205,6,2,1,Loaded,2091,2091,0,31515
202205,3,2,1,Loaded,352,352,0,5059
202205,1,2,1,Loaded,91,91,0,1357
202205,4,2,1,Loaded,66,66,0,950
202205,2,2,1,Loaded,487,487,0,7078
202205,8,2,1,Loaded,4,4,0,62
202205,5,2,1,Loaded,461,461,0,6695
202205,9,2,1,Loaded,16,16,0,276
202205,6,3,1,Empty,2028,0,2028,0
202205,3,3,1,Empty,484,0,484,0
202205,1,3,1,Empty,188,0,188,0
202205,4,3,1,Empty,4,0,4,0
202205,2,3,1,Empty,1754,0,1754,0
202205,8,3,1,Empty,2,0,2,0
202205,5,3,1,Empty,38,0,38,0
202205,9,3,1,Empty,4,0,4,0
202205,6,3,1,Loaded,17664,17664,0,192029
202205,3,3,1,Loaded,3040,3040,0,35905
202205,1,3,1,Loaded,614,614,0,7581
202205,4,3,1,Loaded,970,970,0,11984
202205,2,3,1,Loaded,5934,5934,0,70139
202205,8,3,1,Loaded,174,174,0,1397
202205,5,3,1,Loaded,2796,2796,0,33556
202205,9,3,1,Loaded,1332,1332,0,17770
202205,6,4,1,Empty,38,0,38,0
202205,3,4,1,Empty,22,0,22,0
202205,1,4,1,Empty,6,0,6,0
202205,2,4,1,Empty,50,0,50,0
202205,5,4,1,Empty,4,0,4,0
202205,6,4,1,Loaded,12838,12838,0,144284
202205,3,4,1,Loaded,5912,5912,0,66891
202205,1,4,1,Loaded,466,466,0,5137
202205,4,4,1,Loaded,1032,1032,0,11508
202205,2,4,1,Loaded,3368,3368,0,41484
202205,8,4,1,Loaded,64,64,0,764
202205,5,4,1,Loaded,2114,2114,0,24529
202205,9,4,1,Loaded,442,442,0,5388
202205,6,1,2,Empty,640,0,640,0
202205,3,1,2,Empty,416,0,416,0
202205,4,1,2,Empty,14,0,14,0
202205,2,1,2,Empty,13,0,13,0
202205,8,1,2,Empty,78,0,78,0
202205,5,1,2,Empty,405,0,405,0
202205,9,1,2,Empty,595,0,595,0
202205,6,1,2,Loaded,4321,4321,0,69239
202205,3,1,2,Loaded,631,631,0,11288
202205,1,1,2,Loaded,697,697,0,11266
202205,4,1,2,Loaded,93,93,0,1615
202205,2,1,2,Loaded,1851,1851,0,29428
202205,8,1,2,Loaded,74,74,0,1441
202205,5,1,2,Loaded,445,445,0,9727
202205,9,1,2,Loaded,171,171,0,3535
202205,6,2,2,Empty,1408,0,1408,0
202205,3,2,2,Empty,313,0,313,0
202205,1,2,2,Empty,46,0,46,0
202205,4,2,2,Empty,7,0,7,0
202205,2,2,2,Empty,270,0,270,0
202205,8,2,2,Empty,3,0,3,0
202205,5,2,2,Empty,288,0,288,0
202205,6,2,2,Loaded,215,215,0,2214
202205,3,2,2,Loaded,27,27,0,234
202205,1,2,2,Loaded,21,21,0,160
202205,2,2,2,Loaded,67,67,0,483
202205,5,2,2,Loaded,1,1,0,2
202205,6,3,2,Empty,3584,0,3584,0
202205,3,3,2,Empty,550,0,550,0
202205,1,3,2,Empty,2,0,2,0
202205,4,3,2,Empty,678,0,678,0
202205,2,3,2,Empty,2,0,2,0
202205,8,3,2,Empty,200,0,200,0
202205,5,3,2,Empty,2352,0,2352,0
202205,9,3,2,Empty,210,0,210,0
202205,6,3,2,Loaded,14132,14132,0,108551
202205,3,3,2,Loaded,1348,1348,0,9799
202205,1,3,2,Loaded,1306,1306,0,8958
202205,4,3,2,Loaded,104,104,0,796
202205,2,3,2,Loaded,4096,4096,0,29863
202205,8,3,2,Loaded,20,20,0,231
202205,5,3,2,Loaded,758,758,0,6634
202205,9,3,2,Loaded,104,104,0,717
202205,6,4,2,Empty,8126,0,8126,0
202205,3,4,2,Empty,4550,0,4550,0
202205,1,4,2,Empty,62,0,62,0
202205,4,4,2,Empty,1046,0,1046,0
202205,2,4,2,Empty,1210,0,1210,0
202205,8,4,2,Empty,364,0,364,0
202205,5,4,2,Empty,1962,0,1962,0
202205,9,4,2,Empty,768,0,768,0
202205,6,4,2,Loaded,2810,2810,0,23409
202205,3,4,2,Loaded,360,360,0,3605
202205,1,4,2,Loaded,76,76,0,705
202205,4,4,2,Loaded,4,4,0,31
202205,2,4,2,Loaded,592,592,0,4122
202205,8,4,2,Loaded,2,2,0,24
202205,5,4,2,Loaded,40,40,0,371
202205,9,4,2,Loaded,8,8,0,80
202205,7,1,1,Empty,1486,0,1486,0
202205,7,1,1,Loaded,982,982,0,15989
202205,7,2,1,Empty,2,0,2,0
202205,7,2,1,Loaded,25,25,0,193
202205,7,3,1,Empty,5818,0,5818,0
202205,7,3,1,Loaded,2412,2412,0,20499
202205,7,4,1,Empty,6,0,6,0
202205,7,4,1,Loaded,126,126,0,1285
202205,7,1,2,Empty,202,0,202,0
202205,7,1,2,Loaded,7695,7695,0,111189
202205,7,2,2,Empty,92,0,92,0
202205,7,2,2,Loaded,398,398,0,3760
202205,7,3,2,Empty,102,0,102,0
202205,7,3,2,Loaded,17836,17836,0,115102
202205,7,4,2,Empty,454,0,454,0
202205,7,4,2,Loaded,2416,2416,0,17257
202204,6,1,1,Empty,2056,0,2056,0
202204,3,1,1,Empty,49,0,49,0
202204,1,1,1,Empty,152,0,152,0
202204,2,1,1,Empty,187,0,187,0
202204,5,1,1,Empty,118,0,118,0
202204,6,1,1,Loaded,6732,6732,0,120075
202204,3,1,1,Loaded,1463,1463,0,26651
202204,1,1,1,Loaded,283,283,0,4330
202204,4,1,1,Loaded,127,127,0,1861
202204,2,1,1,Loaded,1786,1786,0,31673
202204,8,1,1,Loaded,6,6,0,72
202204,5,1,1,Loaded,641,641,0,11056
202204,9,1,1,Loaded,185,185,0,3840
202204,6,2,1,Empty,59,0,59,0
202204,2,2,1,Empty,1,0,1,0
202204,5,2,1,Empty,1,0,1,0
202204,6,2,1,Loaded,2178,2178,0,32988
202204,3,2,1,Loaded,328,328,0,4614
202204,1,2,1,Loaded,60,60,0,804
202204,4,2,1,Loaded,82,82,0,1076
202204,2,2,1,Loaded,517,517,0,7567
202204,8,2,1,Loaded,8,8,0,107
202204,5,2,1,Loaded,325,325,0,4699
202204,9,2,1,Loaded,13,13,0,244
202204,6,3,1,Empty,3220,0,3220,0
202204,3,3,1,Empty,76,0,76,0
202204,1,3,1,Empty,522,0,522,0
202204,4,3,1,Empty,8,0,8,0
202204,2,3,1,Empty,380,0,380,0
202204,5,3,1,Empty,24,0,24,0
202204,6,3,1,Loaded,19280,19280,0,215371
202204,3,3,1,Loaded,4186,4186,0,50659
202204,1,3,1,Loaded,712,712,0,8668
202204,4,3,1,Loaded,1242,1242,0,15295
202204,2,3,1,Loaded,5058,5058,0,60827
202204,8,3,1,Loaded,96,96,0,747
202204,5,3,1,Loaded,3224,3224,0,39378
202204,9,3,1,Loaded,174,174,0,2299
202204,6,4,1,Empty,24,0,24,0
202204,3,4,1,Empty,10,0,10,0
202204,2,4,1,Empty,36,0,36,0
202204,5,4,1,Empty,4,0,4,0
202204,6,4,1,Loaded,14278,14278,0,160154
202204,3,4,1,Loaded,6544,6544,0,78608
202204,1,4,1,Loaded,366,366,0,3867
202204,4,4,1,Loaded,688,688,0,7736
202204,2,4,1,Loaded,3050,3050,0,37570
202204,8,4,1,Loaded,86,86,0,1045
202204,5,4,1,Loaded,2298,2298,0,26555
202204,9,4,1,Loaded,168,168,0,2081
202204,6,1,2,Empty,1308,0,1308,0
202204,3,1,2,Empty,60,0,60,0
202204,1,1,2,Empty,248,0,248,0
202204,4,1,2,Empty,327,0,327,0
202204,2,1,2,Empty,16,0,16,0
202204,5,1,2,Empty,546,0,546,0
202204,9,1,2,Empty,40,0,40,0
202204,6,1,2,Loaded,5302,5302,0,90076
202204,3,1,2,Loaded,586,586,0,10697
202204,1,1,2,Loaded,929,929,0,16618
202204,4,1,2,Loaded,88,88,0,1567
202204,2,1,2,Loaded,2228,2228,0,34905
202204,8,1,2,Loaded,47,47,0,968
202204,5,1,2,Loaded,241,241,0,4760
202204,9,1,2,Loaded,31,31,0,640
202204,6,2,2,Empty,1615,0,1615,0
202204,3,2,2,Empty,274,0,274,0
202204,1,2,2,Empty,178,0,178,0
202204,4,2,2,Empty,14,0,14,0
202204,2,2,2,Empty,213,0,213,0
202204,5,2,2,Empty,220,0,220,0
202204,6,2,2,Loaded,190,190,0,1871
202204,3,2,2,Loaded,9,9,0,63
202204,1,2,2,Loaded,24,24,0,229
202204,4,2,2,Loaded,2,2,0,32
202204,2,2,2,Loaded,189,189,0,1953
202204,5,2,2,Loaded,3,3,0,10
202204,6,3,2,Empty,4428,0,4428,0
202204,3,3,2,Empty,1032,0,1032,0
202204,1,3,2,Empty,634,0,634,0
202204,4,3,2,Empty,308,0,308,0
202204,2,3,2,Empty,178,0,178,0
202204,8,3,2,Empty,300,0,300,0
202204,5,3,2,Empty,1116,0,1116,0
202204,9,3,2,Empty,484,0,484,0
202204,6,3,2,Loaded,15242,15242,0,119168
202204,3,3,2,Loaded,1276,1276,0,9046
202204,1,3,2,Loaded,1604,1604,0,11020
202204,4,3,2,Loaded,44,44,0,340
202204,2,3,2,Loaded,5252,5252,0,38539
202204,5,3,2,Loaded,752,752,0,6650
202204,9,3,2,Loaded,34,34,0,206
202204,6,4,2,Empty,7606,0,7606,0
202204,3,4,2,Empty,4232,0,4232,0
202204,1,4,2,Empty,198,0,198,0
202204,4,4,2,Empty,1554,0,1554,0
202204,2,4,2,Empty,1896,0,1896,0
202204,8,4,2,Empty,234,0,234,0
202204,5,4,2,Empty,2060,0,2060,0
202204,9,4,2,Empty,20,0,20,0
202204,6,4,2,Loaded,2282,2282,0,18534
202204,3,4,2,Loaded,438,438,0,4094
202204,1,4,2,Loaded,84,84,0,708
202204,4,4,2,Loaded,2,2,0,26
202204,2,4,2,Loaded,702,702,0,4952
202204,5,4,2,Loaded,46,46,0,409
202204,7,1,1,Empty,1557,0,1557,0
202204,7,1,1,Loaded,1000,1000,0,18514
202204,7,2,1,Loaded,25,25,0,239
202204,7,3,1,Empty,7350,0,7350,0
202204,7,3,1,Loaded,1966,1966,0,19776
202204,7,4,1,Empty,2,0,2,0
202204,7,4,1,Loaded,148,148,0,1803
202204,7,1,2,Empty,560,0,560,0
202204,7,1,2,Loaded,6451,6451,0,93170
202204,7,2,2,Empty,144,0,144,0
202204,7,2,2,Loaded,406,406,0,3443
202204,7,3,2,Empty,714,0,714,0
202204,7,3,2,Loaded,14150,14150,0,89153
202204,7,4,2,Empty,208,0,208,0
202204,7,4,2,Loaded,2540,2540,0,17646
202203,6,1,1,Empty,1769,0,1769,0
202203,3,1,1,Empty,66,0,66,0
202203,1,1,1,Empty,268,0,268,0
202203,2,1,1,Empty,329,0,329,0
202203,8,1,1,Empty,59,0,59,0
202203,5,1,1,Empty,143,0,143,0
202203,9,1,1,Empty,1,0,1,0
202203,6,1,1,Loaded,6239,6239,0,111624
202203,3,1,1,Loaded,1256,1256,0,23275
202203,1,1,1,Loaded,333,333,0,4966
202203,4,1,1,Loaded,286,286,0,5994
202203,2,1,1,Loaded,1820,1820,0,32213
202203,8,1,1,Loaded,63,63,0,1090
202203,5,1,1,Loaded,685,685,0,12054
202203,9,1,1,Loaded,366,366,0,8153
202203,6,2,1,Empty,51,0,51,0
202203,3,2,1,Empty,6,0,6,0
202203,1,2,1,Empty,1,0,1,0
202203,2,2,1,Empty,10,0,10,0
202203,5,2,1,Empty,10,0,10,0
202203,6,2,1,Loaded,2198,2198,0,33265
202203,3,2,1,Loaded,262,262,0,3728
202203,1,2,1,Loaded,92,92,0,1222
202203,4,2,1,Loaded,59,59,0,801
202203,2,2,1,Loaded,528,528,0,7926
202203,8,2,1,Loaded,8,8,0,123
202203,5,2,1,Loaded,512,512,0,7778
202203,9,2,1,Loaded,7,7,0,103
202203,6,3,1,Empty,2428,0,2428,0
202203,3,3,1,Empty,114,0,114,0
202203,1,3,1,Empty,602,0,602,0
202203,2,3,1,Empty,1136,0,1136,0
202203,8,3,1,Empty,48,0,48,0
202203,5,3,1,Empty,158,0,158,0
202203,6,3,1,Loaded,19044,19044,0,217718
202203,3,3,1,Loaded,3352,3352,0,39955
202203,1,3,1,Loaded,618,618,0,7473
202203,4,3,1,Loaded,788,788,0,9391
202203,2,3,1,Loaded,5536,5536,0,68777
202203,8,3,1,Loaded,110,110,0,1290
202203,5,3,1,Loaded,3514,3514,0,44069
202203,9,3,1,Loaded,1042,1042,0,13992
202203,6,4,1,Empty,108,0,108,0
202203,3,4,1,Empty,18,0,18,0
202203,1,4,1,Empty,2,0,2,0
202203,2,4,1,Empty,46,0,46,0
202203,5,4,1,Empty,12,0,12,0
202203,6,4,1,Loaded,8974,8974,0,106554
202203,3,4,1,Loaded,5442,5442,0,66230
202203,1,4,1,Loaded,512,512,0,5166
202203,4,4,1,Loaded,788,788,0,9017
202203,2,4,1,Loaded,2592,2592,0,31915
202203,8,4,1,Loaded,88,88,0,1078
202203,5,4,1,Loaded,2470,2470,0,28166
202203,9,4,1,Loaded,516,516,0,6463
202203,6,1,2,Empty,1080,0,1080,0
202203,3,1,2,Empty,25,0,25,0
202203,4,1,2,Empty,123,0,123,0
202203,8,1,2,Empty,100,0,100,0
202203,5,1,2,Empty,357,0,357,0
202203,9,1,2,Empty,223,0,223,0
202203,6,1,2,Loaded,4712,4712,0,74671
202203,3,1,2,Loaded,375,375,0,6619
202203,1,1,2,Loaded,527,527,0,8841
202203,4,1,2,Loaded,96,96,0,1800
202203,2,1,2,Loaded,1766,1766,0,28190
202203,8,1,2,Loaded,35,35,0,631
202203,5,1,2,Loaded,338,338,0,7194
202203,9,1,2,Loaded,264,264,0,4957
202203,6,2,2,Empty,2043,0,2043,0
202203,3,2,2,Empty,95,0,95,0
202203,1,2,2,Empty,45,0,45,0
202203,4,2,2,Empty,32,0,32,0
202203,2,2,2,Empty,197,0,197,0
202203,5,2,2,Empty,319,0,319,0
202203,9,2,2,Empty,10,0,10,0
202203,6,2,2,Loaded,192,192,0,1844
202203,3,2,2,Loaded,6,6,0,47
202203,1,2,2,Loaded,21,21,0,247
202203,4,2,2,Loaded,3,3,0,49
202203,2,2,2,Loaded,98,98,0,1043
202203,8,2,2,Loaded,2,2,0,46
202203,5,2,2,Loaded,4,4,0,12
202203,6,3,2,Empty,4944,0,4944,0
202203,3,3,2,Empty,264,0,264,0
202203,4,3,2,Empty,36,0,36,0
202203,2,3,2,Empty,2,0,2,0
202203,8,3,2,Empty,400,0,400,0
202203,5,3,2,Empty,2552,0,2552,0
202203,9,3,2,Empty,682,0,682,0
202203,6,3,2,Loaded,14858,14858,0,115768
202203,3,3,2,Loaded,762,762,0,6244
202203,1,3,2,Loaded,974,974,0,6789
202203,4,3,2,Loaded,98,98,0,623
202203,2,3,2,Loaded,4138,4138,0,30264
202203,8,3,2,Loaded,6,6,0,65
202203,5,3,2,Loaded,460,460,0,3833
202203,9,3,2,Loaded,312,312,0,2424
202203,6,4,2,Empty,4214,0,4214,0
202203,3,4,2,Empty,3290,0,3290,0
202203,1,4,2,Empty,126,0,126,0
202203,4,4,2,Empty,550,0,550,0
202203,2,4,2,Empty,362,0,362,0
202203,8,4,2,Empty,972,0,972,0
202203,5,4,2,Empty,1474,0,1474,0
202203,9,4,2,Empty,334,0,334,0
202203,6,4,2,Loaded,2780,2780,0,23293
202203,3,4,2,Loaded,194,194,0,1997
202203,1,4,2,Loaded,56,56,0,317
202203,4,4,2,Loaded,4,4,0,49
202203,2,4,2,Loaded,530,530,0,3968
202203,5,4,2,Loaded,114,114,0,1090
202203,7,1,1,Empty,764,0,764,0
202203,7,1,1,Loaded,775,775,0,13143
202203,7,2,1,Empty,2,0,2,0
202203,7,2,1,Loaded,32,32,0,295
202203,7,3,1,Empty,6006,0,6006,0
202203,7,3,1,Loaded,1898,1898,0,19006
202203,7,4,1,Empty,38,0,38,0
202203,7,4,1,Loaded,394,394,0,4649
202203,7,1,2,Empty,15,0,15,0
202203,7,1,2,Loaded,7357,7357,0,109612
202203,7,2,2,Empty,45,0,45,0
202203,7,2,2,Loaded,413,413,0,3802
202203,7,3,2,Empty,20,0,20,0
202203,7,3,2,Loaded,16672,16672,0,108929
202203,7,4,2,Empty,686,0,686,0
202203,7,4,2,Loaded,2536,2536,0,18224
202202,6,1,1,Empty,1730,0,1730,0
202202,3,1,1,Empty,102,0,102,0
202202,1,1,1,Empty,106,0,106,0
202202,4,1,1,Empty,4,0,4,0
202202,2,1,1,Empty,941,0,941,0
202202,8,1,1,Empty,93,0,93,0
202202,5,1,1,Empty,65,0,65,0
202202,9,1,1,Empty,1,0,1,0
202202,6,1,1,Loaded,5495,5495,0,99462
202202,3,1,1,Loaded,801,801,0,14818
202202,1,1,1,Loaded,354,354,0,5979
202202,4,1,1,Loaded,263,263,0,5040
202202,2,1,1,Loaded,1981,1981,0,35121
202202,8,1,1,Loaded,32,32,0,581
202202,5,1,1,Loaded,510,510,0,9014
202202,9,1,1,Loaded,537,537,0,11496
202202,6,2,1,Empty,7,0,7,0
202202,2,2,1,Empty,12,0,12,0
202202,6,2,1,Loaded,1987,1987,0,29721
202202,3,2,1,Loaded,251,251,0,3665
202202,1,2,1,Loaded,87,87,0,1194
202202,4,2,1,Loaded,53,53,0,708
202202,2,2,1,Loaded,534,534,0,7680
202202,8,2,1,Loaded,7,7,0,119
202202,5,2,1,Loaded,281,281,0,4001
202202,9,2,1,Loaded,21,21,0,328
202202,6,3,1,Empty,1758,0,1758,0
202202,3,3,1,Empty,94,0,94,0
202202,1,3,1,Empty,452,0,452,0
202202,4,3,1,Empty,6,0,6,0
202202,2,3,1,Empty,2854,0,2854,0
202202,8,3,1,Empty,6,0,6,0
202202,6,3,1,Loaded,15332,15332,0,174667
202202,3,3,1,Loaded,2732,2732,0,32780
202202,1,3,1,Loaded,836,836,0,10106
202202,4,3,1,Loaded,730,730,0,8737
202202,2,3,1,Loaded,6058,6058,0,74570
202202,8,3,1,Loaded,6,6,0,77
202202,5,3,1,Loaded,2398,2398,0,30718
202202,9,3,1,Loaded,1396,1396,0,19058
202202,6,4,1,Empty,56,0,56,0
202202,3,4,1,Empty,2,0,2,0
202202,4,4,1,Empty,2,0,2,0
202202,2,4,1,Empty,50,0,50,0
202202,6,4,1,Loaded,7108,7108,0,84218
202202,3,4,1,Loaded,2788,2788,0,34776
202202,1,4,1,Loaded,440,440,0,4581
202202,4,4,1,Loaded,234,234,0,2635
202202,2,4,1,Loaded,2404,2404,0,29257
202202,8,4,1,Loaded,4,4,0,43
202202,5,4,1,Loaded,1568,1568,0,18025
202202,9,4,1,Loaded,576,576,0,6950
202202,6,1,2,Empty,1216,0,1216,0
202202,3,1,2,Empty,1,0,1,0
202202,4,1,2,Empty,298,0,298,0
202202,2,1,2,Empty,3,0,3,0
202202,5,1,2,Empty,401,0,401,0
202202,9,1,2,Empty,228,0,228,0
202202,6,1,2,Loaded,4432,4432,0,70803
202202,3,1,2,Loaded,702,702,0,12621
202202,1,1,2,Loaded,627,627,0,10375
202202,4,1,2,Loaded,178,178,0,3287
202202,2,1,2,Loaded,2096,2096,0,32558
202202,8,1,2,Loaded,74,74,0,1026
202202,5,1,2,Loaded,295,295,0,6207
202202,9,1,2,Loaded,205,205,0,4216
202202,6,2,2,Empty,1314,0,1314,0
202202,3,2,2,Empty,349,0,349,0
202202,1,2,2,Empty,236,0,236,0
202202,4,2,2,Empty,7,0,7,0
202202,2,2,2,Empty,526,0,526,0
202202,8,2,2,Empty,50,0,50,0
202202,5,2,2,Empty,438,0,438,0
202202,9,2,2,Empty,95,0,95,0
202202,6,2,2,Loaded,173,173,0,1539
202202,3,2,2,Loaded,12,12,0,175
202202,1,2,2,Loaded,16,16,0,163
202202,4,2,2,Loaded,12,12,0,197
202202,2,2,2,Loaded,144,144,0,1521
202202,5,2,2,Loaded,3,3,0,35
202202,6,3,2,Empty,3236,0,3236,0
202202,8,3,2,Empty,300,0,300,0
202202,5,3,2,Empty,1398,0,1398,0
202202,9,3,2,Empty,1478,0,1478,0
202202,6,3,2,Loaded,13034,13034,0,99711
202202,3,3,2,Loaded,1006,1006,0,7358
202202,1,3,2,Loaded,1370,1370,0,9893
202202,4,3,2,Loaded,146,146,0,868
202202,2,3,2,Loaded,4930,4930,0,34773
202202,8,3,2,Loaded,2,2,0,17
202202,5,3,2,Loaded,420,420,0,3425
202202,9,3,2,Loaded,166,166,0,1300
202202,6,4,2,Empty,5040,0,5040,0
202202,3,4,2,Empty,3296,0,3296,0
202202,1,4,2,Empty,652,0,652,0
202202,4,4,2,Empty,280,0,280,0
202202,2,4,2,Empty,1050,0,1050,0
202202,8,4,2,Empty,300,0,300,0
202202,5,4,2,Empty,1586,0,1586,0
202202,9,4,2,Empty,952,0,952,0
202202,6,4,2,Loaded,2322,2322,0,18463
202202,3,4,2,Loaded,442,442,0,4182
202202,1,4,2,Loaded,94,94,0,755
202202,4,4,2,Loaded,8,8,0,60
202202,2,4,2,Loaded,676,676,0,5018
202202,5,4,2,Loaded,94,94,0,978
202202,7,1,1,Empty,1396,0,1396,0
202202,7,1,1,Loaded,677,677,0,11598
202202,7,2,1,Empty,2,0,2,0
202202,7,2,1,Loaded,34,34,0,275
202202,7,3,1,Empty,6052,0,6052,0
202202,7,3,1,Loaded,1764,1764,0,18484
202202,7,4,1,Empty,10,0,10,0
202202,7,4,1,Loaded,212,212,0,2459
202202,7,1,2,Empty,17,0,17,0
202202,7,1,2,Loaded,5231,5231,0,76273
202202,7,2,2,Empty,12,0,12,0
202202,7,2,2,Loaded,262,262,0,2260
202202,7,3,2,Loaded,12618,12618,0,84801
202202,7,4,2,Empty,400,0,400,0
202202,7,4,2,Loaded,1702,1702,0,11512
202201,6,1,1,Empty,3124,0,3124,0
202201,3,1,1,Empty,74,0,74,0
202201,1,1,1,Empty,283,0,283,0
202201,4,1,1,Empty,18,0,18,0
202201,2,1,1,Empty,1021,0,1021,0
202201,8,1,1,Empty,133,0,133,0
202201,5,1,1,Empty,32,0,32,0
202201,9,1,1,Empty,3,0,3,0
202201,6,1,1,Loaded,6381,6381,0,113593
202201,3,1,1,Loaded,1209,1209,0,21960
202201,1,1,1,Loaded,391,391,0,6773
202201,4,1,1,Loaded,194,194,0,4069
202201,2,1,1,Loaded,1795,1795,0,31352
202201,8,1,1,Loaded,16,16,0,285
202201,5,1,1,Loaded,583,583,0,10575
202201,9,1,1,Loaded,255,255,0,5671
202201,6,2,1,Empty,41,0,41,0
202201,3,2,1,Empty,37,0,37,0
202201,2,2,1,Empty,6,0,6,0
202201,5,2,1,Empty,1,0,1,0
202201,6,2,1,Loaded,1998,1998,0,30518
202201,3,2,1,Loaded,292,292,0,4171
202201,1,2,1,Loaded,89,89,0,1258
202201,4,2,1,Loaded,57,57,0,821
202201,2,2,1,Loaded,497,497,0,7078
202201,8,2,1,Loaded,2,2,0,26
202201,5,2,1,Loaded,319,319,0,4809
202201,9,2,1,Loaded,15,15,0,244
202201,6,3,1,Empty,2372,0,2372,0
202201,3,3,1,Empty,72,0,72,0
202201,1,3,1,Empty,908,0,908,0
202201,4,3,1,Empty,12,0,12,0
202201,2,3,1,Empty,2524,0,2524,0
202201,8,3,1,Empty,26,0,26,0
202201,5,3,1,Empty,68,0,68,0
202201,9,3,1,Empty,12,0,12,0
202201,6,3,1,Loaded,16736,16736,0,190630
202201,3,3,1,Loaded,3852,3852,0,46961
202201,1,3,1,Loaded,726,726,0,9286
202201,4,3,1,Loaded,590,590,0,7006
202201,2,3,1,Loaded,5406,5406,0,67122
202201,8,3,1,Loaded,8,8,0,49
202201,5,3,1,Loaded,3102,3102,0,39469
202201,9,3,1,Loaded,644,644,0,8846
202201,6,4,1,Empty,100,0,100,0
202201,3,4,1,Empty,10,0,10,0
202201,1,4,1,Empty,34,0,34,0
202201,2,4,1,Empty,38,0,38,0
202201,5,4,1,Empty,6,0,6,0
202201,6,4,1,Loaded,7360,7360,0,86445
202201,3,4,1,Loaded,2270,2270,0,28961
202201,1,4,1,Loaded,418,418,0,4287
202201,4,4,1,Loaded,196,196,0,2248
202201,2,4,1,Loaded,2220,2220,0,26648
202201,8,4,1,Loaded,8,8,0,105
202201,5,4,1,Loaded,1544,1544,0,18241
202201,9,4,1,Loaded,272,272,0,3117
202201,6,1,2,Empty,550,0,550,0
202201,3,1,2,Empty,2,0,2,0
202201,4,1,2,Empty,67,0,67,0
202201,2,1,2,Empty,9,0,9,0
202201,8,1,2,Empty,103,0,103,0
202201,5,1,2,Empty,465,0,465,0
202201,9,1,2,Empty,280,0,280,0
202201,6,1,2,Loaded,4984,4984,0,80734
202201,3,1,2,Loaded,745,745,0,13201
202201,1,1,2,Loaded,679,679,0,10809
202201,4,1,2,Loaded,128,128,0,2647
202201,2,1,2,Loaded,2336,2336,0,35044
202201,8,1,2,Loaded,78,78,0,1158
202201,5,1,2,Loaded,344,344,0,6946
202201,9,1,2,Loaded,45,45,0,927
202201,6,2,2,Empty,1641,0,1641,0
202201,3,2,2,Empty,524,0,524,0
202201,1,2,2,Empty,181,0,181,0
202201,4,2,2,Empty,136,0,136,0
202201,2,2,2,Empty,487,0,487,0
202201,8,2,2,Empty,3,0,3,0
202201,5,2,2,Empty,362,0,362,0
202201,9,2,2,Empty,16,0,16,0
202201,6,2,2,Loaded,206,206,0,1988
202201,3,2,2,Loaded,25,25,0,317
202201,1,2,2,Loaded,20,20,0,180
202201,4,2,2,Loaded,8,8,0,142
202201,2,2,2,Loaded,116,116,0,855
202201,5,2,2,Loaded,10,10,0,98
202201,6,3,2,Empty,3852,0,3852,0
202201,3,3,2,Empty,2,0,2,0
202201,4,3,2,Empty,900,0,900,0
202201,8,3,2,Empty,336,0,336,0
202201,5,3,2,Empty,2090,0,2090,0
202201,9,3,2,Empty,200,0,200,0
202201,6,3,2,Loaded,13028,13028,0,102342
202201,3,3,2,Loaded,1340,1340,0,9210
202201,1,3,2,Loaded,1582,1582,0,10429
202201,4,3,2,Loaded,64,64,0,374
202201,2,3,2,Loaded,5184,5184,0,36112
202201,8,3,2,Loaded,12,12,0,95
202201,5,3,2,Loaded,630,630,0,5293
202201,9,3,2,Loaded,78,78,0,746
202201,6,4,2,Empty,3770,0,3770,0
202201,3,4,2,Empty,1502,0,1502,0
202201,1,4,2,Empty,204,0,204,0
202201,4,4,2,Empty,1028,0,1028,0
202201,2,4,2,Empty,910,0,910,0
202201,8,4,2,Empty,900,0,900,0
202201,5,4,2,Empty,1954,0,1954,0
202201,9,4,2,Empty,182,0,182,0
202201,6,4,2,Loaded,2706,2706,0,21610
202201,3,4,2,Loaded,456,456,0,4288
202201,1,4,2,Loaded,98,98,0,661
202201,4,4,2,Loaded,20,20,0,147
202201,2,4,2,Loaded,798,798,0,5975
202201,5,4,2,Loaded,74,74,0,669
202201,9,4,2,Loaded,2,2,0,24
202201,7,1,1,Empty,2409,0,2409,0
202201,7,1,1,Loaded,533,533,0,8608
202201,7,2,1,Empty,17,0,17,0
202201,7,2,1,Loaded,39,39,0,335
202201,7,3,1,Empty,5984,0,5984,0
202201,7,3,1,Loaded,1470,1470,0,16284
202201,7,4,1,Empty,120,0,120,0
202201,7,4,1,Loaded,92,92,0,887
202201,7,1,2,Empty,21,0,21,0
202201,7,1,2,Loaded,6858,6858,0,96328
202201,7,2,2,Empty,111,0,111,0
202201,7,2,2,Loaded,446,446,0,4249
202201,7,3,2,Empty,52,0,52,0
202201,7,3,2,Loaded,17442,17442,0,112062
202201,7,4,2,Empty,94,0,94,0
202201,7,4,2,Loaded,2656,2656,0,18593
202112,6,1,1,Empty,3274,0,3274,0
202112,3,1,1,Empty,102,0,102,0
202112,1,1,1,Empty,396,0,396,0
202112,4,1,1,Empty,1,0,1,0
202112,2,1,1,Empty,832,0,832,0
202112,5,1,1,Empty,93,0,93,0
202112,9,1,1,Empty,2,0,2,0
202112,6,1,1,Loaded,6372,6372,0,110443
202112,3,1,1,Loaded,1136,1136,0,21087
202112,1,1,1,Loaded,568,568,0,10190
202112,4,1,1,Loaded,300,300,0,6121
202112,2,1,1,Loaded,2206,2206,0,39383
202112,8,1,1,Loaded,2,2,0,35
202112,5,1,1,Loaded,661,661,0,11446
202112,9,1,1,Loaded,537,537,0,12370
202112,6,2,1,Empty,61,0,61,0
202112,3,2,1,Empty,2,0,2,0
202112,2,2,1,Empty,3,0,3,0
202112,6,2,1,Loaded,2273,2273,0,33928
202112,3,2,1,Loaded,314,314,0,4490
202112,1,2,1,Loaded,103,103,0,1445
202112,4,2,1,Loaded,67,67,0,945
202112,2,2,1,Loaded,610,610,0,9003
202112,5,2,1,Loaded,400,400,0,5935
202112,9,2,1,Loaded,34,34,0,501
202112,6,3,1,Empty,2280,0,2280,0
202112,3,3,1,Empty,168,0,168,0
202112,1,3,1,Empty,682,0,682,0
202112,4,3,1,Empty,6,0,6,0
202112,2,3,1,Empty,1116,0,1116,0
202112,5,3,1,Empty,64,0,64,0
202112,9,3,1,Empty,4,0,4,0
202112,6,3,1,Loaded,21802,21802,0,242929
202112,3,3,1,Loaded,3300,3300,0,39475
202112,1,3,1,Loaded,1394,1394,0,17675
202112,4,3,1,Loaded,1362,1362,0,16200
202112,2,3,1,Loaded,6844,6844,0,85247
202112,5,3,1,Loaded,3070,3070,0,38684
202112,9,3,1,Loaded,1460,1460,0,19868
202112,6,4,1,Empty,106,0,106,0
202112,3,4,1,Empty,14,0,14,0
202112,2,4,1,Empty,38,0,38,0
202112,5,4,1,Empty,16,0,16,0
202112,6,4,1,Loaded,7382,7382,0,85746
202112,3,4,1,Loaded,1396,1396,0,16043
202112,1,4,1,Loaded,604,604,0,6246
202112,4,4,1,Loaded,196,196,0,2126
202112,2,4,1,Loaded,2426,2426,0,29795
202112,5,4,1,Loaded,1344,1344,0,15686
202112,9,4,1,Loaded,384,384,0,4497
202112,6,1,2,Empty,813,0,813,0
202112,3,1,2,Empty,1,0,1,0
202112,4,1,2,Empty,190,0,190,0
202112,2,1,2,Empty,12,0,12,0
202112,8,1,2,Empty,34,0,34,0
202112,5,1,2,Empty,100,0,100,0
202112,6,1,2,Loaded,4659,4659,0,76209
202112,3,1,2,Loaded,747,747,0,13298
202112,1,1,2,Loaded,626,626,0,9834
202112,4,1,2,Loaded,65,65,0,1379
202112,2,1,2,Loaded,2814,2814,0,43590
202112,5,1,2,Loaded,389,389,0,8007
202112,9,1,2,Loaded,177,177,0,3759
202112,6,2,2,Empty,1435,0,1435,0
202112,3,2,2,Empty,305,0,305,0
202112,1,2,2,Empty,141,0,141,0
202112,4,2,2,Empty,59,0,59,0
202112,2,2,2,Empty,466,0,466,0
202112,5,2,2,Empty,288,0,288,0
202112,9,2,2,Empty,20,0,20,0
202112,6,2,2,Loaded,179,179,0,1882
202112,3,2,2,Loaded,16,16,0,163
202112,1,2,2,Loaded,18,18,0,162
202112,4,2,2,Loaded,1,1,0,18
202112,2,2,2,Loaded,150,150,0,1544
202112,5,2,2,Loaded,4,4,0,40
202112,6,3,2,Empty,6578,0,6578,0
202112,3,3,2,Empty,188,0,188,0
202112,4,3,2,Empty,60,0,60,0
202112,8,3,2,Empty,564,0,564,0
202112,5,3,2,Empty,618,0,618,0
202112,9,3,2,Empty,400,0,400,0
202112,6,3,2,Loaded,13814,13814,0,108704
202112,3,3,2,Loaded,1110,1110,0,8067
202112,1,3,2,Loaded,1434,1434,0,9613
202112,4,3,2,Loaded,68,68,0,513
202112,2,3,2,Loaded,5840,5840,0,39014
202112,5,3,2,Loaded,756,756,0,6549
202112,9,3,2,Loaded,234,234,0,2236
202112,6,4,2,Empty,4202,0,4202,0
202112,3,4,2,Empty,1632,0,1632,0
202112,1,4,2,Empty,174,0,174,0
202112,4,4,2,Empty,198,0,198,0
202112,2,4,2,Empty,708,0,708,0
202112,8,4,2,Empty,150,0,150,0
202112,5,4,2,Empty,930,0,930,0
202112,9,4,2,Empty,366,0,366,0
202112,6,4,2,Loaded,2678,2678,0,22142
202112,3,4,2,Loaded,408,408,0,4007
202112,1,4,2,Loaded,110,110,0,906
202112,4,4,2,Loaded,20,20,0,132
202112,2,4,2,Loaded,740,740,0,5513
202112,5,4,2,Loaded,14,14,0,134
202112,9,4,2,Loaded,4,4,0,40
202112,7,1,1,Empty,1603,0,1603,0
202112,7,1,1,Loaded,982,982,0,17876
202112,7,2,1,Empty,2,0,2,0
202112,7,2,1,Loaded,51,51,0,524
202112,7,3,1,Empty,6102,0,6102,0
202112,7,3,1,Loaded,2302,2302,0,25420
202112,7,4,1,Loaded,236,236,0,2155
202112,7,1,2,Empty,84,0,84,0
202112,7,1,2,Loaded,8662,8662,0,121045
202112,7,2,2,Empty,35,0,35,0
202112,7,2,2,Loaded,521,521,0,4928
202112,7,3,2,Empty,24,0,24,0
202112,7,3,2,Loaded,19602,19602,0,126326
202112,7,4,2,Empty,208,0,208,0
202112,7,4,2,Loaded,3134,3134,0,21346
202111,6,1,1,Empty,2268,0,2268,0
202111,3,1,1,Empty,90,0,90,0
202111,1,1,1,Empty,366,0,366,0
202111,4,1,1,Empty,5,0,5,0
202111,2,1,1,Empty,602,0,602,0
202111,8,1,1,Empty,150,0,150,0
202111,5,1,1,Empty,232,0,232,0
202111,9,1,1,Empty,1,0,1,0
202111,6,1,1,Loaded,6722,6722,0,116787
202111,3,1,1,Loaded,1488,1488,0,27461
202111,1,1,1,Loaded,474,474,0,7940
202111,4,1,1,Loaded,262,262,0,5406
202111,2,1,1,Loaded,2081,2081,0,37259
202111,8,1,1,Loaded,125,125,0,2353
202111,5,1,1,Loaded,706,706,0,12679
202111,9,1,1,Loaded,175,175,0,4177
202111,6,2,1,Empty,78,0,78,0
202111,3,2,1,Empty,11,0,11,0
202111,2,2,1,Empty,25,0,25,0
202111,5,2,1,Empty,18,0,18,0
202111,6,2,1,Loaded,2011,2011,0,29371
202111,3,2,1,Loaded,276,276,0,4012
202111,1,2,1,Loaded,61,61,0,784
202111,4,2,1,Loaded,77,77,0,1135
202111,2,2,1,Loaded,721,721,0,10578
202111,8,2,1,Loaded,63,63,0,956
202111,5,2,1,Loaded,405,405,0,6080
202111,9,2,1,Loaded,14,14,0,230
202111,6,3,1,Empty,2914,0,2914,0
202111,3,3,1,Empty,186,0,186,0
202111,1,3,1,Empty,432,0,432,0
202111,4,3,1,Empty,8,0,8,0
202111,2,3,1,Empty,1556,0,1556,0
202111,5,3,1,Empty,12,0,12,0
202111,6,3,1,Loaded,22758,22758,0,260550
202111,3,3,1,Loaded,3202,3202,0,38244
202111,1,3,1,Loaded,1014,1014,0,12806
202111,4,3,1,Loaded,902,902,0,10765
202111,2,3,1,Loaded,8226,8226,0,101630
202111,8,3,1,Loaded,416,416,0,5452
202111,5,3,1,Loaded,3782,3782,0,48745
202111,9,3,1,Loaded,1226,1226,0,16599
202111,6,4,1,Empty,50,0,50,0
202111,3,4,1,Empty,34,0,34,0
202111,4,4,1,Empty,2,0,2,0
202111,2,4,1,Empty,46,0,46,0
202111,5,4,1,Empty,40,0,40,0
202111,6,4,1,Loaded,7794,7794,0,89475
202111,3,4,1,Loaded,1150,1150,0,13438
202111,1,4,1,Loaded,442,442,0,4578
202111,4,4,1,Loaded,154,154,0,1700
202111,2,4,1,Loaded,2250,2250,0,27410
202111,8,4,1,Loaded,364,364,0,4559
202111,5,4,1,Loaded,1228,1228,0,14976
202111,9,4,1,Loaded,92,92,0,1120
202111,6,1,2,Empty,695,0,695,0
202111,3,1,2,Empty,4,0,4,0
202111,1,1,2,Empty,20,0,20,0
202111,4,1,2,Empty,260,0,260,0
202111,2,1,2,Empty,1,0,1,0
202111,6,1,2,Loaded,5951,5951,0,99234
202111,3,1,2,Loaded,950,950,0,16351
202111,1,1,2,Loaded,739,739,0,11631
202111,4,1,2,Loaded,96,96,0,2172
202111,2,1,2,Loaded,3152,3152,0,49892
202111,8,1,2,Loaded,74,74,0,960
202111,5,1,2,Loaded,481,481,0,9853
202111,9,1,2,Loaded,170,170,0,3464
202111,6,2,2,Empty,1547,0,1547,0
202111,3,2,2,Empty,430,0,430,0
202111,1,2,2,Empty,40,0,40,0
202111,4,2,2,Empty,66,0,66,0
202111,2,2,2,Empty,716,0,716,0
202111,5,2,2,Empty,540,0,540,0
202111,9,2,2,Empty,6,0,6,0
202111,6,2,2,Loaded,295,295,0,3183
202111,3,2,2,Loaded,19,19,0,131
202111,1,2,2,Loaded,17,17,0,209
202111,4,2,2,Loaded,1,1,0,18
202111,2,2,2,Loaded,168,168,0,1581
202111,8,2,2,Loaded,1,1,0,25
202111,5,2,2,Loaded,1,1,0,13
202111,6,3,2,Empty,3938,0,3938,0
202111,3,3,2,Empty,4,0,4,0
202111,1,3,2,Empty,4,0,4,0
202111,2,3,2,Empty,4,0,4,0
202111,8,3,2,Empty,594,0,594,0
202111,5,3,2,Empty,1850,0,1850,0
202111,9,3,2,Empty,208,0,208,0
202111,6,3,2,Loaded,16858,16858,0,128588
202111,3,3,2,Loaded,1756,1756,0,12211
202111,1,3,2,Loaded,1668,1668,0,11323
202111,4,3,2,Loaded,116,116,0,800
202111,2,3,2,Loaded,6844,6844,0,47338
202111,8,3,2,Loaded,12,12,0,93
202111,5,3,2,Loaded,722,722,0,6170
202111,9,3,2,Loaded,164,164,0,1344
202111,6,4,2,Empty,3378,0,3378,0
202111,3,4,2,Empty,1070,0,1070,0
202111,1,4,2,Empty,228,0,228,0
202111,4,4,2,Empty,290,0,290,0
202111,2,4,2,Empty,492,0,492,0
202111,5,4,2,Empty,1246,0,1246,0
202111,9,4,2,Empty,78,0,78,0
202111,6,4,2,Loaded,3322,3322,0,26829
202111,3,4,2,Loaded,302,302,0,2790
202111,1,4,2,Loaded,86,86,0,774
202111,4,4,2,Loaded,14,14,0,185
202111,2,4,2,Loaded,904,904,0,6296
202111,5,4,2,Loaded,22,22,0,205
202111,7,1,1,Empty,1553,0,1553,0
202111,7,1,1,Loaded,661,661,0,10899
202111,7,2,1,Empty,15,0,15,0
202111,7,2,1,Loaded,22,22,0,212
202111,7,3,1,Empty,5158,0,5158,0
202111,7,3,1,Loaded,1918,1918,0,21356
202111,7,4,1,Empty,4,0,4,0
202111,7,4,1,Loaded,160,160,0,1450
202111,7,1,2,Empty,7,0,7,0
202111,7,1,2,Loaded,8508,8508,0,115199
202111,7,2,2,Loaded,427,427,0,3760
202111,7,3,2,Empty,22,0,22,0
202111,7,3,2,Loaded,18896,18896,0,114439
202111,7,4,2,Empty,6,0,6,0
202111,7,4,2,Loaded,3336,3336,0,22832
202110,6,1,1,Empty,3395,0,3395,0
202110,3,1,1,Empty,160,0,160,0
202110,1,1,1,Empty,530,0,530,0
202110,4,1,1,Empty,2,0,2,0
202110,2,1,1,Empty,615,0,615,0
202110,5,1,1,Empty,1,0,1,0
202110,9,1,1,Empty,3,0,3,0
202110,6,1,1,Loaded,7267,7267,0,127366
202110,3,1,1,Loaded,1647,1647,0,29567
202110,1,1,1,Loaded,529,529,0,8451
202110,4,1,1,Loaded,414,414,0,8177
202110,2,1,1,Loaded,2046,2046,0,36266
202110,8,1,1,Loaded,28,28,0,549
202110,5,1,1,Loaded,283,283,0,5021
202110,9,1,1,Loaded,364,364,0,8445
202110,6,2,1,Empty,127,0,127,0
202110,2,2,1,Empty,7,0,7,0
202110,5,2,1,Empty,36,0,36,0
202110,6,2,1,Loaded,1961,1961,0,27788
202110,3,2,1,Loaded,304,304,0,4034
202110,1,2,1,Loaded,58,58,0,787
202110,4,2,1,Loaded,83,83,0,1260
202110,2,2,1,Loaded,952,952,0,14185
202110,5,2,1,Loaded,344,344,0,4890
202110,9,2,1,Loaded,26,26,0,413
202110,6,3,1,Empty,3964,0,3964,0
202110,3,3,1,Empty,570,0,570,0
202110,1,3,1,Empty,714,0,714,0
202110,4,3,1,Empty,4,0,4,0
202110,2,3,1,Empty,1632,0,1632,0
202110,9,3,1,Empty,6,0,6,0
202110,6,3,1,Loaded,19992,19992,0,221139
202110,3,3,1,Loaded,3418,3418,0,40817
202110,1,3,1,Loaded,970,970,0,12182
202110,4,3,1,Loaded,1394,1394,0,17007
202110,2,3,1,Loaded,5658,5658,0,70050
202110,5,3,1,Loaded,2150,2150,0,26669
202110,9,3,1,Loaded,1300,1300,0,17462
202110,6,4,1,Empty,170,0,170,0
202110,4,4,1,Empty,2,0,2,0
202110,2,4,1,Empty,8,0,8,0
202110,5,4,1,Empty,10,0,10,0
202110,6,4,1,Loaded,8720,8720,0,98885
202110,3,4,1,Loaded,1820,1820,0,21557
202110,1,4,1,Loaded,330,330,0,3536
202110,4,4,1,Loaded,278,278,0,3045
202110,2,4,1,Loaded,2734,2734,0,33770
202110,5,4,1,Loaded,1158,1158,0,13861
202110,9,4,1,Loaded,116,116,0,1382
202110,6,1,2,Empty,491,0,491,0
202110,3,1,2,Empty,6,0,6,0
202110,1,1,2,Empty,1,0,1,0
202110,4,1,2,Empty,195,0,195,0
202110,2,1,2,Empty,1,0,1,0
202110,5,1,2,Empty,301,0,301,0
202110,9,1,2,Empty,150,0,150,0
202110,6,1,2,Loaded,5397,5397,0,86664
202110,3,1,2,Loaded,1186,1186,0,22069
202110,1,1,2,Loaded,1167,1167,0,17900
202110,4,1,2,Loaded,277,277,0,5597
202110,2,1,2,Loaded,2449,2449,0,36622
202110,8,1,2,Loaded,2,2,0,0
202110,5,1,2,Loaded,581,581,0,11866
202110,9,1,2,Loaded,1,1,0,24
202110,6,2,2,Empty,1161,0,1161,0
202110,3,2,2,Empty,307,0,307,0
202110,1,2,2,Empty,64,0,64,0
202110,2,2,2,Empty,338,0,338,0
202110,5,2,2,Empty,183,0,183,0
202110,9,2,2,Empty,20,0,20,0
202110,6,2,2,Loaded,294,294,0,3338
202110,3,2,2,Loaded,46,46,0,225
202110,1,2,2,Loaded,22,22,0,175
202110,4,2,2,Loaded,10,10,0,178
202110,2,2,2,Loaded,148,148,0,1497
202110,5,2,2,Loaded,10,10,0,149
202110,6,3,2,Empty,564,0,564,0
202110,4,3,2,Empty,20,0,20,0
202110,5,3,2,Empty,492,0,492,0
202110,9,3,2,Empty,242,0,242,0
202110,6,3,2,Loaded,14350,14350,0,109197
202110,3,3,2,Loaded,1884,1884,0,14057
202110,1,3,2,Loaded,2592,2592,0,16618
202110,4,3,2,Loaded,404,404,0,2282
202110,2,3,2,Loaded,5398,5398,0,36444
202110,5,3,2,Loaded,726,726,0,6357
202110,6,4,2,Empty,3512,0,3512,0
202110,3,4,2,Empty,830,0,830,0
202110,1,4,2,Empty,154,0,154,0
202110,4,4,2,Empty,344,0,344,0
202110,2,4,2,Empty,386,0,386,0
202110,5,4,2,Empty,952,0,952,0
202110,9,4,2,Empty,22,0,22,0
202110,6,4,2,Loaded,2582,2582,0,22235
202110,3,4,2,Loaded,528,528,0,5133
202110,1,4,2,Loaded,170,170,0,1435
202110,4,4,2,Loaded,4,4,0,46
202110,2,4,2,Loaded,876,876,0,6466
202110,5,4,2,Loaded,28,28,0,215
202110,7,1,1,Empty,2694,0,2694,0
202110,7,1,1,Loaded,744,744,0,12705
202110,7,2,1,Empty,3,0,3,0
202110,7,2,1,Loaded,34,34,0,330
202110,7,3,1,Empty,6398,0,6398,0
202110,7,3,1,Loaded,1576,1576,0,17391
202110,7,4,1,Empty,6,0,6,0
202110,7,4,1,Loaded,158,158,0,1330
202110,7,1,2,Empty,7,0,7,0
202110,7,1,2,Loaded,8227,8227,0,115042
202110,7,2,2,Empty,71,0,71,0
202110,7,2,2,Loaded,481,481,0,4217
202110,7,3,2,Loaded,18818,18818,0,117829
202110,7,4,2,Empty,90,0,90,0
202110,7,4,2,Loaded,3286,3286,0,23123
202109,6,1,1,Empty,3540,0,3540,0
202109,3,1,1,Empty,106,0,106,0
202109,1,1,1,Empty,423,0,423,0
202109,2,1,1,Empty,1071,0,1071,0
202109,8,1,1,Empty,158,0,158,0
202109,5,1,1,Empty,7,0,7,0
202109,9,1,1,Empty,1,0,1,0
202109,6,1,1,Loaded,7469,7469,0,132011
202109,3,1,1,Loaded,1239,1239,0,22374
202109,1,1,1,Loaded,525,525,0,8862
202109,4,1,1,Loaded,265,265,0,5127
202109,2,1,1,Loaded,1642,1642,0,29012
202109,8,1,1,Loaded,22,22,0,420
202109,5,1,1,Loaded,479,479,0,8285
202109,9,1,1,Loaded,528,528,0,12058
202109,6,2,1,Empty,8,0,8,0
202109,2,2,1,Empty,50,0,50,0
202109,5,2,1,Empty,11,0,11,0
202109,6,2,1,Loaded,2004,2004,0,28552
202109,3,2,1,Loaded,352,352,0,4997
202109,1,2,1,Loaded,74,74,0,915
202109,4,2,1,Loaded,92,92,0,1348
202109,2,2,1,Loaded,619,619,0,9189
202109,8,2,1,Loaded,2,2,0,36
202109,5,2,1,Loaded,292,292,0,4272
202109,9,2,1,Loaded,21,21,0,352
202109,6,3,1,Empty,3502,0,3502,0
202109,3,3,1,Empty,386,0,386,0
202109,1,3,1,Empty,640,0,640,0
202109,2,3,1,Empty,5132,0,5132,0
202109,8,3,1,Empty,888,0,888,0
202109,5,3,1,Empty,136,0,136,0
202109,9,3,1,Empty,6,0,6,0
202109,6,3,1,Loaded,16758,16758,0,180130
202109,3,3,1,Loaded,2736,2736,0,31709
202109,1,3,1,Loaded,822,822,0,9310
202109,4,3,1,Loaded,578,578,0,6971
202109,2,3,1,Loaded,3858,3858,0,45836
202109,8,3,1,Loaded,4,4,0,23
202109,5,3,1,Loaded,1646,1646,0,20313
202109,9,3,1,Loaded,624,624,0,7961
202109,6,4,1,Empty,24,0,24,0
202109,3,4,1,Empty,2,0,2,0
202109,4,4,1,Empty,2,0,2,0
202109,2,4,1,Empty,94,0,94,0
202109,8,4,1,Empty,8,0,8,0
202109,5,4,1,Empty,30,0,30,0
202109,6,4,1,Loaded,8656,8656,0,97403
202109,3,4,1,Loaded,2066,2066,0,23944
202109,1,4,1,Loaded,384,384,0,4007
202109,4,4,1,Loaded,212,212,0,2262
202109,2,4,1,Loaded,2382,2382,0,29205
202109,8,4,1,Loaded,4,4,0,46
202109,5,4,1,Loaded,712,712,0,8660
202109,9,4,1,Loaded,126,126,0,1429
202109,6,1,2,Empty,460,0,460,0
202109,3,1,2,Empty,51,0,51,0
202109,4,1,2,Empty,54,0,54,0
202109,5,1,2,Empty,201,0,201,0
202109,9,1,2,Empty,200,0,200,0
202109,6,1,2,Loaded,6682,6682,0,107783
202109,3,1,2,Loaded,648,648,0,11177
202109,1,1,2,Loaded,975,975,0,15754
202109,4,1,2,Loaded,125,125,0,2728
202109,2,1,2,Loaded,3080,3080,0,48296
202109,8,1,2,Loaded,141,141,0,2589
202109,5,1,2,Loaded,395,395,0,7769
202109,9,1,2,Loaded,294,294,0,5993
202109,6,2,2,Empty,1390,0,1390,0
202109,3,2,2,Empty,812,0,812,0
202109,1,2,2,Empty,160,0,160,0
202109,4,2,2,Empty,17,0,17,0
202109,2,2,2,Empty,741,0,741,0
202109,5,2,2,Empty,702,0,702,0
202109,9,2,2,Empty,48,0,48,0
202109,6,2,2,Loaded,304,304,0,2883
202109,3,2,2,Loaded,43,43,0,159
202109,1,2,2,Loaded,30,30,0,314
202109,4,2,2,Loaded,1,1,0,18
202109,2,2,2,Loaded,100,100,0,740
202109,5,2,2,Loaded,6,6,0,98
202109,6,3,2,Empty,2348,0,2348,0
202109,3,3,2,Empty,716,0,716,0
202109,5,3,2,Empty,386,0,386,0
202109,9,3,2,Empty,800,0,800,0
202109,6,3,2,Loaded,16538,16538,0,126450
202109,3,3,2,Loaded,1168,1168,0,8466
202109,1,3,2,Loaded,1852,1852,0,11158
202109,4,3,2,Loaded,56,56,0,429
202109,2,3,2,Loaded,6644,6644,0,46848
202109,8,3,2,Loaded,6,6,0,62
202109,5,3,2,Loaded,818,818,0,6971
202109,9,3,2,Loaded,132,132,0,1055
202109,6,4,2,Empty,4660,0,4660,0
202109,3,4,2,Empty,588,0,588,0
202109,1,4,2,Empty,18,0,18,0
202109,4,4,2,Empty,266,0,266,0
202109,2,4,2,Empty,774,0,774,0
202109,5,4,2,Empty,958,0,958,0
202109,9,4,2,Empty,8,0,8,0
202109,6,4,2,Loaded,3288,3288,0,27812
202109,3,4,2,Loaded,430,430,0,3790
202109,1,4,2,Loaded,224,224,0,1846
202109,4,4,2,Loaded,42,42,0,317
202109,2,4,2,Loaded,644,644,0,5271
202109,5,4,2,Loaded,26,26,0,286
202109,7,1,1,Empty,2447,0,2447,0
202109,7,1,1,Loaded,591,591,0,8404
202109,7,2,1,Empty,9,0,9,0
202109,7,2,1,Loaded,37,37,0,305
202109,7,3,1,Empty,9830,0,9830,0
202109,7,3,1,Loaded,1562,1562,0,15213
202109,7,4,1,Empty,10,0,10,0
202109,7,4,1,Loaded,152,152,0,1341
202109,7,1,2,Empty,16,0,16,0
202109,7,1,2,Loaded,8381,8381,0,117621
202109,7,2,2,Loaded,508,508,0,4751
202109,7,3,2,Empty,8,0,8,0
202109,7,3,2,Loaded,18550,18550,0,115158
202109,7,4,2,Loaded,3382,3382,0,24246
202108,6,1,1,Empty,3144,0,3144,0
202108,3,1,1,Empty,87,0,87,0
202108,1,1,1,Empty,373,0,373,0
202108,4,1,1,Empty,30,0,30,0
202108,2,1,1,Empty,547,0,547,0
202108,8,1,1,Empty,118,0,118,0
202108,5,1,1,Empty,7,0,7,0
202108,6,1,1,Loaded,6909,6909,0,121060
202108,3,1,1,Loaded,1368,1368,0,25030
202108,1,1,1,Loaded,590,590,0,10477
202108,4,1,1,Loaded,359,359,0,6805
202108,2,1,1,Loaded,1635,1635,0,29920
202108,8,1,1,Loaded,61,61,0,1070
202108,5,1,1,Loaded,259,259,0,4703
202108,9,1,1,Loaded,599,599,0,12645
202108,6,2,1,Empty,106,0,106,0
202108,3,2,1,Empty,61,0,61,0
202108,2,2,1,Empty,32,0,32,0
202108,5,2,1,Empty,9,0,9,0
202108,6,2,1,Loaded,1907,1907,0,27732
202108,3,2,1,Loaded,247,247,0,3446
202108,1,2,1,Loaded,86,86,0,1160
202108,4,2,1,Loaded,66,66,0,986
202108,2,2,1,Loaded,524,524,0,7897
202108,8,2,1,Loaded,51,51,0,742
202108,5,2,1,Loaded,252,252,0,3711
202108,9,2,1,Loaded,16,16,0,209
202108,6,3,1,Empty,3628,0,3628,0
202108,3,3,1,Empty,272,0,272,0
202108,1,3,1,Empty,944,0,944,0
202108,4,3,1,Empty,18,0,18,0
202108,2,3,1,Empty,2720,0,2720,0
202108,5,3,1,Empty,24,0,24,0
202108,9,3,1,Empty,4,0,4,0
202108,6,3,1,Loaded,16708,16708,0,172486
202108,3,3,1,Loaded,2740,2740,0,31820
202108,1,3,1,Loaded,796,796,0,9153
202108,4,3,1,Loaded,1058,1058,0,13082
202108,2,3,1,Loaded,3410,3410,0,40149
202108,8,3,1,Loaded,116,116,0,1152
202108,5,3,1,Loaded,1214,1214,0,13853
202108,9,3,1,Loaded,562,562,0,6987
202108,6,4,1,Empty,16,0,16,0
202108,3,4,1,Empty,76,0,76,0
202108,2,4,1,Empty,10,0,10,0
202108,8,4,1,Empty,28,0,28,0
202108,5,4,1,Empty,20,0,20,0
202108,6,4,1,Loaded,9928,9928,0,112109
202108,3,4,1,Loaded,2690,2690,0,30251
202108,1,4,1,Loaded,344,344,0,3651
202108,4,4,1,Loaded,570,570,0,6403
202108,2,4,1,Loaded,2226,2226,0,27354
202108,8,4,1,Loaded,102,102,0,1120
202108,5,4,1,Loaded,810,810,0,10063
202108,9,4,1,Loaded,282,282,0,3513
202108,6,1,2,Empty,266,0,266,0
202108,3,1,2,Empty,73,0,73,0
202108,4,1,2,Empty,180,0,180,0
202108,5,1,2,Empty,300,0,300,0
202108,9,1,2,Empty,350,0,350,0
202108,6,1,2,Loaded,6620,6620,0,107858
202108,3,1,2,Loaded,691,691,0,13077
202108,1,1,2,Loaded,1072,1072,0,17124
202108,4,1,2,Loaded,106,106,0,1633
202108,2,1,2,Loaded,2535,2535,0,39435
202108,8,1,2,Loaded,174,174,0,3010
202108,5,1,2,Loaded,337,337,0,6715
202108,9,1,2,Loaded,411,411,0,8510
202108,6,2,2,Empty,893,0,893,0
202108,3,2,2,Empty,138,0,138,0
202108,1,2,2,Empty,111,0,111,0
202108,4,2,2,Empty,74,0,74,0
202108,2,2,2,Empty,343,0,343,0
202108,5,2,2,Empty,160,0,160,0
202108,9,2,2,Empty,42,0,42,0
202108,6,2,2,Loaded,312,312,0,3040
202108,3,2,2,Loaded,10,10,0,69
202108,1,2,2,Loaded,25,25,0,284
202108,2,2,2,Loaded,150,150,0,1605
202108,5,2,2,Loaded,4,4,0,21
202108,6,3,2,Empty,1192,0,1192,0
202108,3,3,2,Empty,1178,0,1178,0
202108,1,3,2,Empty,2,0,2,0
202108,4,3,2,Empty,1382,0,1382,0
202108,5,3,2,Empty,846,0,846,0
202108,9,3,2,Empty,640,0,640,0
202108,6,3,2,Loaded,17418,17418,0,131624
202108,3,3,2,Loaded,1156,1156,0,8477
202108,1,3,2,Loaded,2092,2092,0,13026
202108,4,3,2,Loaded,204,204,0,1392
202108,2,3,2,Loaded,5386,5386,0,37555
202108,8,3,2,Loaded,142,142,0,1071
202108,5,3,2,Loaded,444,444,0,3927
202108,9,3,2,Loaded,96,96,0,701
202108,6,4,2,Empty,4896,0,4896,0
202108,3,4,2,Empty,1680,0,1680,0
202108,1,4,2,Empty,374,0,374,0
202108,4,4,2,Empty,542,0,542,0
202108,2,4,2,Empty,670,0,670,0
202108,8,4,2,Empty,282,0,282,0
202108,5,4,2,Empty,786,0,786,0
202108,9,4,2,Empty,324,0,324,0
202108,6,4,2,Loaded,3066,3066,0,25654
202108,3,4,2,Loaded,270,270,0,2682
202108,1,4,2,Loaded,108,108,0,789
202108,4,4,2,Loaded,4,4,0,53
202108,2,4,2,Loaded,1012,1012,0,7542
202108,8,4,2,Loaded,8,8,0,70
202108,5,4,2,Loaded,58,58,0,442
202108,7,1,1,Empty,3715,0,3715,0
202108,7,1,1,Loaded,674,674,0,10161
202108,7,2,1,Empty,14,0,14,0
202108,7,2,1,Loaded,49,49,0,451
202108,7,3,1,Empty,5662,0,5662,0
202108,7,3,1,Loaded,2070,2070,0,22927
202108,7,4,1,Empty,6,0,6,0
202108,7,4,1,Loaded,180,180,0,1895
202108,7,1,2,Empty,29,0,29,0
202108,7,1,2,Loaded,8240,8240,0,113440
202108,7,2,2,Empty,120,0,120,0
202108,7,2,2,Loaded,466,466,0,4003
202108,7,3,2,Empty,16,0,16,0
202108,7,3,2,Loaded,18578,18578,0,115937
202108,7,4,2,Empty,134,0,134,0
202108,7,4,2,Loaded,3442,3442,0,23060
202107,6,1,1,Empty,2058,0,2058,0
202107,3,1,1,Empty,19,0,19,0
202107,1,1,1,Empty,303,0,303,0
202107,4,1,1,Empty,1,0,1,0
202107,2,1,1,Empty,470,0,470,0
202107,8,1,1,Empty,50,0,50,0
202107,5,1,1,Empty,50,0,50,0
202107,6,1,1,Loaded,7031,7031,0,124715
202107,3,1,1,Loaded,1432,1432,0,26146
202107,1,1,1,Loaded,589,589,0,10403
202107,4,1,1,Loaded,481,481,0,9788
202107,2,1,1,Loaded,2285,2285,0,41005
202107,8,1,1,Loaded,57,57,0,1030
202107,5,1,1,Loaded,746,746,0,13162
202107,9,1,1,Loaded,192,192,0,4269
202107,6,2,1,Empty,171,0,171,0
202107,1,2,1,Empty,1,0,1,0
202107,2,2,1,Empty,13,0,13,0
202107,5,2,1,Empty,21,0,21,0
202107,6,2,1,Loaded,2222,2222,0,32344
202107,3,2,1,Loaded,406,406,0,5675
202107,1,2,1,Loaded,109,109,0,1417
202107,4,2,1,Loaded,104,104,0,1574
202107,2,2,1,Loaded,678,678,0,10111
202107,8,2,1,Loaded,95,95,0,1535
202107,5,2,1,Loaded,625,625,0,9502
202107,9,2,1,Loaded,28,28,0,371
202107,6,3,1,Empty,2186,0,2186,0
202107,3,3,1,Empty,54,0,54,0
202107,1,3,1,Empty,334,0,334,0
202107,4,3,1,Empty,12,0,12,0
202107,2,3,1,Empty,1650,0,1650,0
202107,5,3,1,Empty,20,0,20,0
202107,9,3,1,Empty,4,0,4,0
202107,6,3,1,Loaded,18484,18484,0,203020
202107,3,3,1,Loaded,3802,3802,0,44727
202107,1,3,1,Loaded,896,896,0,10442
202107,4,3,1,Loaded,1396,1396,0,16851
202107,2,3,1,Loaded,5468,5468,0,67103
202107,8,3,1,Loaded,168,168,0,1835
202107,5,3,1,Loaded,4302,4302,0,53921
202107,9,3,1,Loaded,1086,1086,0,14182
202107,6,4,1,Empty,150,0,150,0
202107,3,4,1,Empty,2,0,2,0
202107,1,4,1,Empty,2,0,2,0
202107,2,4,1,Empty,92,0,92,0
202107,5,4,1,Empty,36,0,36,0
202107,9,4,1,Empty,2,0,2,0
202107,6,4,1,Loaded,10560,10560,0,120212
202107,3,4,1,Loaded,4742,4742,0,53904
202107,1,4,1,Loaded,604,604,0,6322
202107,4,4,1,Loaded,494,494,0,5416
202107,2,4,1,Loaded,3518,3518,0,43380
202107,8,4,1,Loaded,92,92,0,1021
202107,5,4,1,Loaded,2024,2024,0,24798
202107,9,4,1,Loaded,316,316,0,3806
202107,6,1,2,Empty,595,0,595,0
202107,3,1,2,Empty,376,0,376,0
202107,4,1,2,Empty,138,0,138,0
202107,2,1,2,Empty,4,0,4,0
202107,8,1,2,Empty,75,0,75,0
202107,5,1,2,Empty,416,0,416,0
202107,6,1,2,Loaded,4770,4770,0,76429
202107,3,1,2,Loaded,694,694,0,12625
202107,1,1,2,Loaded,1014,1014,0,15612
202107,4,1,2,Loaded,320,320,0,6581
202107,2,1,2,Loaded,2603,2603,0,39037
202107,8,1,2,Loaded,222,222,0,4438
202107,5,1,2,Loaded,564,564,0,11184
202107,9,1,2,Loaded,9,9,0,118
202107,6,2,2,Empty,1475,0,1475,0
202107,3,2,2,Empty,409,0,409,0
202107,1,2,2,Empty,108,0,108,0
202107,4,2,2,Empty,106,0,106,0
202107,2,2,2,Empty,303,0,303,0
202107,8,2,2,Empty,219,0,219,0
202107,5,2,2,Empty,408,0,408,0
202107,9,2,2,Empty,25,0,25,0
202107,6,2,2,Loaded,279,279,0,2744
202107,3,2,2,Loaded,15,15,0,101
202107,1,2,2,Loaded,29,29,0,343
202107,4,2,2,Loaded,2,2,0,32
202107,2,2,2,Loaded,153,153,0,1347
202107,8,2,2,Loaded,1,1,0,10
202107,5,2,2,Loaded,2,2,0,10
202107,6,3,2,Empty,2884,0,2884,0
202107,3,3,2,Empty,316,0,316,0
202107,4,3,2,Empty,884,0,884,0
202107,2,3,2,Empty,16,0,16,0
202107,8,3,2,Empty,734,0,734,0
202107,5,3,2,Empty,2328,0,2328,0
202107,9,3,2,Empty,180,0,180,0
202107,6,3,2,Loaded,11688,11688,0,84524
202107,3,3,2,Loaded,1022,1022,0,6904
202107,1,3,2,Loaded,2068,2068,0,13485
202107,4,3,2,Loaded,156,156,0,703
202107,2,3,2,Loaded,5572,5572,0,38267
202107,8,3,2,Loaded,346,346,0,3103
202107,5,3,2,Loaded,664,664,0,5228
202107,9,3,2,Loaded,6,6,0,71
202107,6,4,2,Empty,6340,0,6340,0
202107,3,4,2,Empty,2476,0,2476,0
202107,1,4,2,Empty,84,0,84,0
202107,4,4,2,Empty,582,0,582,0
202107,2,4,2,Empty,532,0,532,0
202107,8,4,2,Empty,512,0,512,0
202107,5,4,2,Empty,1244,0,1244,0
202107,9,4,2,Empty,118,0,118,0
202107,6,4,2,Loaded,2300,2300,0,18356
202107,3,4,2,Loaded,428,428,0,3995
202107,1,4,2,Loaded,146,146,0,1258
202107,4,4,2,Loaded,70,70,0,568
202107,2,4,2,Loaded,790,790,0,5871
202107,5,4,2,Loaded,36,36,0,238
202107,7,1,1,Empty,2713,0,2713,0
202107,7,1,1,Loaded,784,784,0,12686
202107,7,2,1,Empty,1,0,1,0
202107,7,2,1,Loaded,35,35,0,339
202107,7,3,1,Empty,4650,0,4650,0
202107,7,3,1,Loaded,2936,2936,0,33174
202107,7,4,1,Empty,4,0,4,0
202107,7,4,1,Loaded,124,124,0,1232
202107,7,1,2,Empty,20,0,20,0
202107,7,1,2,Loaded,9597,9597,0,135139
202107,7,2,2,Empty,141,0,141,0
202107,7,2,2,Loaded,522,522,0,4207
202107,7,3,2,Loaded,20444,20444,0,128095
202107,7,4,2,Loaded,3586,3586,0,24799
202106,6,1,1,Empty,1727,0,1727,0
202106,3,1,1,Empty,65,0,65,0
202106,1,1,1,Empty,230,0,230,0
202106,2,1,1,Empty,726,0,726,0
202106,8,1,1,Empty,120,0,120,0
202106,5,1,1,Empty,7,0,7,0
202106,6,1,1,Loaded,6842,6842,0,120750
202106,3,1,1,Loaded,1440,1440,0,26239
202106,1,1,1,Loaded,443,443,0,7833
202106,4,1,1,Loaded,159,159,0,3191
202106,2,1,1,Loaded,2324,2324,0,41216
202106,8,1,1,Loaded,286,286,0,4626
202106,5,1,1,Loaded,1029,1029,0,18876
202106,9,1,1,Loaded,425,425,0,9138
202106,6,2,1,Empty,31,0,31,0
202106,2,2,1,Empty,2,0,2,0
202106,5,2,1,Empty,19,0,19,0
202106,6,2,1,Loaded,2182,2182,0,32791
202106,3,2,1,Loaded,429,429,0,6008
202106,1,2,1,Loaded,105,105,0,1444
202106,4,2,1,Loaded,61,61,0,871
202106,2,2,1,Loaded,646,646,0,9484
202106,8,2,1,Loaded,135,135,0,1999
202106,5,2,1,Loaded,432,432,0,6108
202106,9,2,1,Loaded,44,44,0,629
202106,6,3,1,Empty,1860,0,1860,0
202106,3,3,1,Empty,88,0,88,0
202106,1,3,1,Empty,254,0,254,0
202106,2,3,1,Empty,1392,0,1392,0
202106,5,3,1,Empty,14,0,14,0
202106,9,3,1,Empty,6,0,6,0
202106,6,3,1,Loaded,18628,18628,0,202199
202106,3,3,1,Loaded,4870,4870,0,57918
202106,1,3,1,Loaded,676,676,0,7826
202106,4,3,1,Loaded,474,474,0,5708
202106,2,3,1,Loaded,8496,8496,0,107231
202106,8,3,1,Loaded,1366,1366,0,17948
202106,5,3,1,Loaded,3462,3462,0,43287
202106,9,3,1,Loaded,878,878,0,11605
202106,6,4,1,Empty,18,0,18,0
202106,2,4,1,Empty,8,0,8,0
202106,5,4,1,Empty,10,0,10,0
202106,6,4,1,Loaded,11388,11388,0,129676
202106,3,4,1,Loaded,6952,6952,0,80005
202106,1,4,1,Loaded,674,674,0,7276
202106,4,4,1,Loaded,554,554,0,6241
202106,2,4,1,Loaded,2970,2970,0,35566
202106,8,4,1,Loaded,904,904,0,10714
202106,5,4,1,Loaded,1822,1822,0,21619
202106,9,4,1,Loaded,660,660,0,8326
202106,6,1,2,Empty,249,0,249,0
202106,4,1,2,Empty,3,0,3,0
202106,2,1,2,Empty,3,0,3,0
202106,8,1,2,Empty,209,0,209,0
202106,5,1,2,Empty,379,0,379,0
202106,9,1,2,Empty,248,0,248,0
202106,6,1,2,Loaded,4618,4618,0,75081
202106,3,1,2,Loaded,700,700,0,12799
202106,1,1,2,Loaded,846,846,0,13546
202106,4,1,2,Loaded,144,144,0,2997
202106,2,1,2,Loaded,2576,2576,0,38499
202106,8,1,2,Loaded,218,218,0,3807
202106,5,1,2,Loaded,318,318,0,5955
202106,9,1,2,Loaded,153,153,0,3059
202106,6,2,2,Empty,1120,0,1120,0
202106,3,2,2,Empty,389,0,389,0
202106,1,2,2,Empty,37,0,37,0
202106,4,2,2,Empty,60,0,60,0
202106,2,2,2,Empty,463,0,463,0
202106,8,2,2,Empty,192,0,192,0
202106,5,2,2,Empty,783,0,783,0
202106,9,2,2,Empty,50,0,50,0
202106,6,2,2,Loaded,247,247,0,2223
202106,3,2,2,Loaded,30,30,0,163
202106,1,2,2,Loaded,18,18,0,113
202106,2,2,2,Loaded,98,98,0,789
202106,8,2,2,Loaded,2,2,0,20
202106,5,2,2,Loaded,34,34,0,419
202106,6,3,2,Empty,2778,0,2778,0
202106,3,3,2,Empty,732,0,732,0
202106,2,3,2,Empty,2,0,2,0
202106,8,3,2,Empty,532,0,532,0
202106,5,3,2,Empty,1204,0,1204,0
202106,9,3,2,Empty,850,0,850,0
202106,6,3,2,Loaded,12078,12078,0,90058
202106,3,3,2,Loaded,1398,1398,0,10221
202106,1,3,2,Loaded,1896,1896,0,11983
202106,4,3,2,Loaded,60,60,0,187
202106,2,3,2,Loaded,4844,4844,0,32700
202106,8,3,2,Loaded,248,248,0,2043
202106,5,3,2,Loaded,572,572,0,4574
202106,9,3,2,Loaded,84,84,0,535
202106,6,4,2,Empty,7326,0,7326,0
202106,3,4,2,Empty,5506,0,5506,0
202106,1,4,2,Empty,394,0,394,0
202106,4,4,2,Empty,586,0,586,0
202106,2,4,2,Empty,760,0,760,0
202106,8,4,2,Empty,424,0,424,0
202106,5,4,2,Empty,1232,0,1232,0
202106,9,4,2,Empty,418,0,418,0
202106,6,4,2,Loaded,2466,2466,0,20417
202106,3,4,2,Loaded,380,380,0,3344
202106,1,4,2,Loaded,122,122,0,1131
202106,4,4,2,Loaded,20,20,0,233
202106,2,4,2,Loaded,592,592,0,4347
202106,8,4,2,Loaded,38,38,0,276
202106,5,4,2,Loaded,38,38,0,239
202106,9,4,2,Loaded,2,2,0,25
202106,7,1,1,Empty,3071,0,3071,0
202106,7,1,1,Loaded,796,796,0,12638
202106,7,2,1,Empty,1,0,1,0
202106,7,2,1,Loaded,25,25,0,283
202106,7,3,1,Empty,5786,0,5786,0
202106,7,3,1,Loaded,2804,2804,0,31271
202106,7,4,1,Empty,2,0,2,0
202106,7,4,1,Loaded,222,222,0,2532
202106,7,1,2,Empty,20,0,20,0
202106,7,1,2,Loaded,8402,8402,0,114610
202106,7,2,2,Empty,109,0,109,0
202106,7,2,2,Loaded,507,507,0,3965
202106,7,3,2,Empty,14,0,14,0
202106,7,3,2,Loaded,16978,16978,0,104461
202106,7,4,2,Empty,184,0,184,0
202106,7,4,2,Loaded,2936,2936,0,19901
202105,6,1,1,Empty,1197,0,1197,0
202105,3,1,1,Empty,71,0,71,0
202105,1,1,1,Empty,152,0,152,0
202105,2,1,1,Empty,462,0,462,0
202105,5,1,1,Empty,120,0,120,0
202105,9,1,1,Empty,1,0,1,0
202105,6,1,1,Loaded,6973,6973,0,119170
202105,3,1,1,Loaded,895,895,0,16719
202105,1,1,1,Loaded,514,514,0,8905
202105,4,1,1,Loaded,237,237,0,4213
202105,2,1,1,Loaded,1959,1959,0,34831
202105,8,1,1,Loaded,50,50,0,885
202105,5,1,1,Loaded,577,577,0,10500
202105,9,1,1,Loaded,287,287,0,6453
202105,6,2,1,Empty,53,0,53,0
202105,2,2,1,Empty,24,0,24,0
202105,5,2,1,Empty,12,0,12,0
202105,6,2,1,Loaded,2436,2436,0,36776
202105,3,2,1,Loaded,373,373,0,5273
202105,1,2,1,Loaded,109,109,0,1491
202105,4,2,1,Loaded,93,93,0,1235
202105,2,2,1,Loaded,663,663,0,9449
202105,8,2,1,Loaded,124,124,0,1966
202105,5,2,1,Loaded,394,394,0,5717
202105,9,2,1,Loaded,10,10,0,137
202105,6,3,1,Empty,1784,0,1784,0
202105,3,3,1,Empty,140,0,140,0
202105,1,3,1,Empty,222,0,222,0
202105,4,3,1,Empty,2,0,2,0
202105,2,3,1,Empty,1282,0,1282,0
202105,5,3,1,Empty,28,0,28,0
202105,6,3,1,Loaded,19854,19854,0,218771
202105,3,3,1,Loaded,2628,2628,0,31403
202105,1,3,1,Loaded,948,948,0,11094
202105,4,3,1,Loaded,1278,1278,0,15689
202105,2,3,1,Loaded,6928,6928,0,86819
202105,8,3,1,Loaded,132,132,0,1455
202105,5,3,1,Loaded,2338,2338,0,27908
202105,9,3,1,Loaded,1082,1082,0,14210
202105,6,4,1,Empty,18,0,18,0
202105,3,4,1,Empty,2,0,2,0
202105,2,4,1,Empty,2,0,2,0
202105,8,4,1,Empty,68,0,68,0
202105,5,4,1,Empty,12,0,12,0
202105,6,4,1,Loaded,13886,13886,0,159211
202105,3,4,1,Loaded,5526,5526,0,63538
202105,1,4,1,Loaded,674,674,0,7271
202105,4,4,1,Loaded,1030,1030,0,11734
202105,2,4,1,Loaded,3404,3404,0,41587
202105,8,4,1,Loaded,198,198,0,2163
202105,5,4,1,Loaded,1634,1634,0,19242
202105,9,4,1,Loaded,306,306,0,3827
202105,6,1,2,Empty,507,0,507,0
202105,1,1,2,Empty,2,0,2,0
202105,4,1,2,Empty,2,0,2,0
202105,2,1,2,Empty,2,0,2,0
202105,8,1,2,Empty,120,0,120,0
202105,5,1,2,Empty,380,0,380,0
202105,9,1,2,Empty,56,0,56,0
202105,6,1,2,Loaded,4628,4628,0,74226
202105,3,1,2,Loaded,505,505,0,8975
202105,1,1,2,Loaded,830,830,0,13401
202105,4,1,2,Loaded,158,158,0,2825
202105,2,1,2,Loaded,1966,1966,0,29220
202105,8,1,2,Loaded,119,119,0,2190
202105,5,1,2,Loaded,153,153,0,2694
202105,9,1,2,Loaded,90,90,0,1838
202105,6,2,2,Empty,1132,0,1132,0
202105,3,2,2,Empty,308,0,308,0
202105,1,2,2,Empty,177,0,177,0
202105,4,2,2,Empty,110,0,110,0
202105,2,2,2,Empty,551,0,551,0
202105,8,2,2,Empty,323,0,323,0
202105,5,2,2,Empty,366,0,366,0
202105,9,2,2,Empty,78,0,78,0
202105,6,2,2,Loaded,280,280,0,2906
202105,3,2,2,Loaded,25,25,0,253
202105,1,2,2,Loaded,22,22,0,135
202105,4,2,2,Loaded,1,1,0,10
202105,2,2,2,Loaded,128,128,0,1195
202105,8,2,2,Loaded,3,3,0,34
202105,5,2,2,Loaded,7,7,0,19
202105,6,3,2,Empty,3284,0,3284,0
202105,3,3,2,Empty,1190,0,1190,0
202105,4,3,2,Empty,44,0,44,0
202105,2,3,2,Empty,214,0,214,0
202105,8,3,2,Empty,378,0,378,0
202105,5,3,2,Empty,1306,0,1306,0
202105,9,3,2,Empty,998,0,998,0
202105,6,3,2,Loaded,12568,12568,0,98048
202105,3,3,2,Loaded,1084,1084,0,8570
202105,1,3,2,Loaded,1584,1584,0,10236
202105,4,3,2,Loaded,150,150,0,978
202105,2,3,2,Loaded,4366,4366,0,30992
202105,8,3,2,Loaded,234,234,0,1959
202105,5,3,2,Loaded,498,498,0,4026
202105,9,3,2,Loaded,56,56,0,508
202105,6,4,2,Empty,7288,0,7288,0
202105,3,4,2,Empty,5094,0,5094,0
202105,1,4,2,Empty,506,0,506,0
202105,4,4,2,Empty,1508,0,1508,0
202105,2,4,2,Empty,1302,0,1302,0
202105,8,4,2,Empty,540,0,540,0
202105,5,4,2,Empty,2118,0,2118,0
202105,9,4,2,Empty,570,0,570,0
202105,6,4,2,Loaded,2760,2760,0,23401
202105,3,4,2,Loaded,256,256,0,2322
202105,1,4,2,Loaded,106,106,0,946
202105,4,4,2,Loaded,4,4,0,50
202105,2,4,2,Loaded,506,506,0,3405
202105,8,4,2,Loaded,14,14,0,169
202105,5,4,2,Loaded,48,48,0,294
202105,9,4,2,Loaded,2,2,0,24
202105,7,1,1,Empty,2178,0,2178,0
202105,7,1,1,Loaded,875,875,0,14919
202105,7,2,1,Empty,4,0,4,0
202105,7,2,1,Loaded,53,53,0,544
202105,7,3,1,Empty,3324,0,3324,0
202105,7,3,1,Loaded,3560,3560,0,40187
202105,7,4,1,Empty,6,0,6,0
202105,7,4,1,Loaded,620,620,0,7605
202105,7,1,2,Empty,65,0,65,0
202105,7,1,2,Loaded,8367,8367,0,115837
202105,7,2,2,Empty,21,0,21,0
202105,7,2,2,Loaded,397,397,0,3253
202105,7,3,2,Empty,86,0,86,0
202105,7,3,2,Loaded,17132,17132,0,106556
202105,7,4,2,Empty,244,0,244,0
202105,7,4,2,Loaded,2802,2802,0,19365
202104,6,1,1,Empty,1407,0,1407,0
202104,3,1,1,Empty,64,0,64,0
202104,1,1,1,Empty,233,0,233,0
202104,2,1,1,Empty,707,0,707,0
202104,5,1,1,Empty,20,0,20,0
202104,6,1,1,Loaded,6058,6058,0,106043
202104,3,1,1,Loaded,1136,1136,0,20168
202104,1,1,1,Loaded,556,556,0,9865
202104,4,1,1,Loaded,120,120,0,2045
202104,2,1,1,Loaded,1686,1686,0,30976
202104,8,1,1,Loaded,90,90,0,1462
202104,5,1,1,Loaded,802,802,0,14347
202104,9,1,1,Loaded,384,384,0,8504
202104,6,2,1,Empty,26,0,26,0
202104,5,2,1,Empty,20,0,20,0
202104,6,2,1,Loaded,2199,2199,0,33560
202104,3,2,1,Loaded,506,506,0,7164
202104,1,2,1,Loaded,151,151,0,2265
202104,4,2,1,Loaded,69,69,0,839
202104,2,2,1,Loaded,492,492,0,7147
202104,8,2,1,Loaded,70,70,0,1142
202104,5,2,1,Loaded,552,552,0,8389
202104,9,2,1,Loaded,24,24,0,360
202104,6,3,1,Empty,1942,0,1942,0
202104,3,3,1,Empty,114,0,114,0
202104,1,3,1,Empty,342,0,342,0
202104,4,3,1,Empty,2,0,2,0
202104,2,3,1,Empty,1846,0,1846,0
202104,5,3,1,Empty,114,0,114,0
202104,9,3,1,Empty,6,0,6,0
202104,6,3,1,Loaded,17660,17660,0,193530
202104,3,3,1,Loaded,2608,2608,0,30606
202104,1,3,1,Loaded,1180,1180,0,14001
202104,4,3,1,Loaded,698,698,0,8545
202104,2,3,1,Loaded,5366,5366,0,67373
202104,8,3,1,Loaded,484,484,0,5446
202104,5,3,1,Loaded,3272,3272,0,40565
202104,9,3,1,Loaded,1450,1450,0,18993
202104,6,4,1,Empty,60,0,60,0
202104,3,4,1,Empty,4,0,4,0
202104,4,4,1,Empty,4,0,4,0
202104,2,4,1,Empty,8,0,8,0
202104,5,4,1,Empty,12,0,12,0
202104,6,4,1,Loaded,10892,10892,0,123389
202104,3,4,1,Loaded,7060,7060,0,84850
202104,1,4,1,Loaded,858,858,0,9531
202104,4,4,1,Loaded,700,700,0,8025
202104,2,4,1,Loaded,2268,2268,0,27926
202104,8,4,1,Loaded,270,270,0,3086
202104,5,4,1,Loaded,1722,1722,0,20672
202104,9,4,1,Loaded,544,544,0,6787
202104,6,1,2,Empty,624,0,624,0
202104,3,1,2,Empty,228,0,228,0
202104,1,1,2,Empty,2,0,2,0
202104,4,1,2,Empty,50,0,50,0
202104,2,1,2,Empty,3,0,3,0
202104,8,1,2,Empty,396,0,396,0
202104,5,1,2,Empty,253,0,253,0
202104,9,1,2,Empty,193,0,193,0
202104,6,1,2,Loaded,4194,4194,0,66160
202104,3,1,2,Loaded,737,737,0,13949
202104,1,1,2,Loaded,955,955,0,14986
202104,4,1,2,Loaded,120,120,0,2246
202104,2,1,2,Loaded,2270,2270,0,33804
202104,8,1,2,Loaded,123,123,0,2137
202104,5,1,2,Loaded,315,315,0,5721
202104,9,1,2,Loaded,161,161,0,3262
202104,6,2,2,Empty,1337,0,1337,0
202104,3,2,2,Empty,372,0,372,0
202104,1,2,2,Empty,187,0,187,0
202104,4,2,2,Empty,161,0,161,0
202104,2,2,2,Empty,161,0,161,0
202104,8,2,2,Empty,129,0,129,0
202104,5,2,2,Empty,513,0,513,0
202104,9,2,2,Empty,32,0,32,0
202104,6,2,2,Loaded,182,182,0,1674
202104,3,2,2,Loaded,30,30,0,258
202104,1,2,2,Loaded,24,24,0,244
202104,4,2,2,Loaded,2,2,0,11
202104,2,2,2,Loaded,104,104,0,791
202104,8,2,2,Loaded,1,1,0,0
202104,5,2,2,Loaded,10,10,0,74
202104,6,3,2,Empty,1962,0,1962,0
202104,3,3,2,Empty,186,0,186,0
202104,4,3,2,Empty,20,0,20,0
202104,2,3,2,Empty,206,0,206,0
202104,8,3,2,Empty,1062,0,1062,0
202104,5,3,2,Empty,1972,0,1972,0
202104,9,3,2,Empty,654,0,654,0
202104,6,3,2,Loaded,11460,11460,0,87075
202104,3,3,2,Loaded,1218,1218,0,8579
202104,1,3,2,Loaded,1790,1790,0,11948
202104,4,3,2,Loaded,160,160,0,1240
202104,2,3,2,Loaded,4836,4836,0,32897
202104,8,3,2,Loaded,172,172,0,1644
202104,5,3,2,Loaded,616,616,0,4824
202104,9,3,2,Loaded,22,22,0,164
202104,6,4,2,Empty,8460,0,8460,0
202104,3,4,2,Empty,5816,0,5816,0
202104,1,4,2,Empty,524,0,524,0
202104,4,4,2,Empty,716,0,716,0
202104,2,4,2,Empty,928,0,928,0
202104,8,4,2,Empty,1298,0,1298,0
202104,5,4,2,Empty,2252,0,2252,0
202104,9,4,2,Empty,856,0,856,0
202104,6,4,2,Loaded,1724,1724,0,15739
202104,3,4,2,Loaded,382,382,0,3619
202104,1,4,2,Loaded,58,58,0,503
202104,4,4,2,Loaded,28,28,0,323
202104,2,4,2,Loaded,504,504,0,3552
202104,8,4,2,Loaded,16,16,0,80
202104,5,4,2,Loaded,34,34,0,170
202104,7,1,1,Empty,854,0,854,0
202104,7,1,1,Loaded,947,947,0,15813
202104,7,2,1,Loaded,32,32,0,310
202104,7,3,1,Empty,3834,0,3834,0
202104,7,3,1,Loaded,3382,3382,0,37087
202104,7,4,1,Loaded,704,704,0,8924
202104,7,1,2,Empty,17,0,17,0
202104,7,1,2,Loaded,7948,7948,0,107714
202104,7,2,2,Empty,82,0,82,0
202104,7,2,2,Loaded,431,431,0,3260
202104,7,3,2,Empty,22,0,22,0
202104,7,3,2,Loaded,17932,17932,0,110829
202104,7,4,2,Empty,206,0,206,0
202104,7,4,2,Loaded,2584,2584,0,17834
202103,6,1,1,Empty,929,0,929,0
202103,3,1,1,Empty,23,0,23,0
202103,1,1,1,Empty,261,0,261,0
202103,4,1,1,Empty,4,0,4,0
202103,2,1,1,Empty,302,0,302,0
202103,8,1,1,Empty,164,0,164,0
202103,5,1,1,Empty,47,0,47,0
202103,6,1,1,Loaded,7234,7234,0,129861
202103,3,1,1,Loaded,1713,1713,0,32164
202103,1,1,1,Loaded,263,263,0,4231
202103,4,1,1,Loaded,506,506,0,10866
202103,2,1,1,Loaded,1929,1929,0,35285
202103,8,1,1,Loaded,510,510,0,8815
202103,5,1,1,Loaded,608,608,0,10674
202103,9,1,1,Loaded,269,269,0,5834
202103,6,2,1,Empty,88,0,88,0
202103,1,2,1,Empty,1,0,1,0
202103,2,2,1,Empty,16,0,16,0
202103,8,2,1,Empty,24,0,24,0
202103,5,2,1,Empty,9,0,9,0
202103,6,2,1,Loaded,2544,2544,0,39073
202103,3,2,1,Loaded,497,497,0,6949
202103,1,2,1,Loaded,127,127,0,1942
202103,4,2,1,Loaded,120,120,0,1675
202103,2,2,1,Loaded,507,507,0,7448
202103,8,2,1,Loaded,289,289,0,4866
202103,5,2,1,Loaded,509,509,0,7467
202103,9,2,1,Loaded,22,22,0,330
202103,6,3,1,Empty,1998,0,1998,0
202103,3,3,1,Empty,30,0,30,0
202103,1,3,1,Empty,306,0,306,0
202103,4,3,1,Empty,24,0,24,0
202103,2,3,1,Empty,918,0,918,0
202103,8,3,1,Empty,4,0,4,0
202103,5,3,1,Empty,18,0,18,0
202103,9,3,1,Empty,4,0,4,0
202103,6,3,1,Loaded,18718,18718,0,208122
202103,3,3,1,Loaded,3900,3900,0,45927
202103,1,3,1,Loaded,712,712,0,8026
202103,4,3,1,Loaded,1226,1226,0,15385
202103,2,3,1,Loaded,6354,6354,0,79114
202103,8,3,1,Loaded,1412,1412,0,18469
202103,5,3,1,Loaded,2804,2804,0,34771
202103,9,3,1,Loaded,1312,1312,0,17502
202103,6,4,1,Empty,114,0,114,0
202103,3,4,1,Empty,8,0,8,0
202103,1,4,1,Empty,2,0,2,0
202103,8,4,1,Empty,38,0,38,0
202103,5,4,1,Empty,20,0,20,0
202103,6,4,1,Loaded,9084,9084,0,107945
202103,3,4,1,Loaded,7676,7676,0,93795
202103,1,4,1,Loaded,646,646,0,6951
202103,4,4,1,Loaded,706,706,0,8417
202103,2,4,1,Loaded,2368,2368,0,29595
202103,8,4,1,Loaded,1316,1316,0,16010
202103,5,4,1,Loaded,1310,1310,0,15543
202103,9,4,1,Loaded,698,698,0,8590
202103,6,1,2,Empty,957,0,957,0
202103,3,1,2,Empty,278,0,278,0
202103,4,1,2,Empty,271,0,271,0
202103,2,1,2,Empty,1,0,1,0
202103,8,1,2,Empty,255,0,255,0
202103,5,1,2,Empty,146,0,146,0
202103,9,1,2,Empty,108,0,108,0
202103,6,1,2,Loaded,4722,4722,0,71731
202103,3,1,2,Loaded,926,926,0,16781
202103,1,1,2,Loaded,852,852,0,12642
202103,4,1,2,Loaded,104,104,0,1970
202103,2,1,2,Loaded,2486,2486,0,35794
202103,8,1,2,Loaded,217,217,0,4081
202103,5,1,2,Loaded,310,310,0,6154
202103,9,1,2,Loaded,147,147,0,2951
202103,6,2,2,Empty,1038,0,1038,0
202103,3,2,2,Empty,458,0,458,0
202103,1,2,2,Empty,104,0,104,0
202103,4,2,2,Empty,81,0,81,0
202103,2,2,2,Empty,498,0,498,0
202103,8,2,2,Empty,373,0,373,0
202103,5,2,2,Empty,319,0,319,0
202103,9,2,2,Empty,8,0,8,0
202103,6,2,2,Loaded,229,229,0,2096
202103,3,2,2,Loaded,23,23,0,153
202103,1,2,2,Loaded,16,16,0,86
202103,4,2,2,Loaded,5,5,0,96
202103,2,2,2,Loaded,82,82,0,648
202103,8,2,2,Loaded,6,6,0,38
202103,5,2,2,Loaded,9,9,0,102
202103,6,3,2,Empty,4524,0,4524,0
202103,3,3,2,Empty,922,0,922,0
202103,1,3,2,Empty,2,0,2,0
202103,2,3,2,Empty,630,0,630,0
202103,8,3,2,Empty,804,0,804,0
202103,5,3,2,Empty,1570,0,1570,0
202103,9,3,2,Empty,968,0,968,0
202103,6,3,2,Loaded,13216,13216,0,100998
202103,3,3,2,Loaded,1626,1626,0,12165
202103,1,3,2,Loaded,1510,1510,0,10030
202103,4,3,2,Loaded,74,74,0,415
202103,2,3,2,Loaded,4570,4570,0,32569
202103,8,3,2,Loaded,210,210,0,1764
202103,5,3,2,Loaded,514,514,0,3563
202103,9,3,2,Loaded,74,74,0,554
202103,6,4,2,Empty,5512,0,5512,0
202103,3,4,2,Empty,4214,0,4214,0
202103,1,4,2,Empty,280,0,280,0
202103,4,4,2,Empty,1048,0,1048,0
202103,2,4,2,Empty,1296,0,1296,0
202103,8,4,2,Empty,1666,0,1666,0
202103,5,4,2,Empty,1106,0,1106,0
202103,9,4,2,Empty,628,0,628,0
202103,6,4,2,Loaded,3304,3304,0,22428
202103,3,4,2,Loaded,400,400,0,3276
202103,1,4,2,Loaded,90,90,0,563
202103,4,4,2,Loaded,8,8,0,62
202103,2,4,2,Loaded,680,680,0,4126
202103,8,4,2,Loaded,110,110,0,694
202103,5,4,2,Loaded,14,14,0,88
202103,9,4,2,Loaded,4,4,0,46
202103,7,1,1,Empty,1487,0,1487,0
202103,7,1,1,Loaded,979,979,0,16384
202103,7,2,1,Empty,3,0,3,0
202103,7,2,1,Loaded,59,59,0,575
202103,7,3,1,Empty,5304,0,5304,0
202103,7,3,1,Loaded,3646,3646,0,40181
202103,7,4,1,Loaded,694,694,0,8412
202103,7,1,2,Empty,3,0,3,0
202103,7,1,2,Loaded,8998,8998,0,120235
202103,7,2,2,Empty,54,0,54,0
202103,7,2,2,Loaded,406,406,0,3022
202103,7,3,2,Loaded,18820,18820,0,118237
202103,7,4,2,Empty,460,0,460,0
202103,7,4,2,Loaded,3124,3124,0,21684
202102,6,1,1,Empty,979,0,979,0
202102,3,1,1,Empty,76,0,76,0
202102,1,1,1,Empty,213,0,213,0
202102,2,1,1,Empty,548,0,548,0
202102,8,1,1,Empty,14,0,14,0
202102,5,1,1,Empty,31,0,31,0
202102,9,1,1,Empty,2,0,2,0
202102,6,1,1,Loaded,7700,7700,0,136520
202102,3,1,1,Loaded,1744,1744,0,32309
202102,1,1,1,Loaded,489,489,0,9074
202102,4,1,1,Loaded,287,287,0,6048
202102,2,1,1,Loaded,1773,1773,0,31960
202102,8,1,1,Loaded,213,213,0,3785
202102,5,1,1,Loaded,797,797,0,14229
202102,9,1,1,Loaded,623,623,0,13878
202102,6,2,1,Empty,24,0,24,0
202102,2,2,1,Empty,10,0,10,0
202102,8,2,1,Empty,2,0,2,0
202102,5,2,1,Empty,12,0,12,0
202102,6,2,1,Loaded,2539,2539,0,38569
202102,3,2,1,Loaded,446,446,0,6170
202102,1,2,1,Loaded,108,108,0,1536
202102,4,2,1,Loaded,86,86,0,1121
202102,2,2,1,Loaded,503,503,0,7430
202102,8,2,1,Loaded,117,117,0,1959
202102,5,2,1,Loaded,612,612,0,9096
202102,9,2,1,Loaded,28,28,0,445
202102,6,3,1,Empty,820,0,820,0
202102,3,3,1,Empty,300,0,300,0
202102,1,3,1,Empty,244,0,244,0
202102,4,3,1,Empty,24,0,24,0
202102,2,3,1,Empty,1708,0,1708,0
202102,5,3,1,Empty,24,0,24,0
202102,9,3,1,Empty,14,0,14,0
202102,6,3,1,Loaded,19430,19430,0,219067
202102,3,3,1,Loaded,3970,3970,0,47295
202102,1,3,1,Loaded,792,792,0,9117
202102,4,3,1,Loaded,558,558,0,6515
202102,2,3,1,Loaded,5018,5018,0,60681
202102,8,3,1,Loaded,454,454,0,5531
202102,5,3,1,Loaded,3462,3462,0,43186
202102,9,3,1,Loaded,1532,1532,0,20484
202102,6,4,1,Empty,2,0,2,0
202102,3,4,1,Empty,2,0,2,0
202102,4,4,1,Empty,2,0,2,0
202102,2,4,1,Empty,2,0,2,0
202102,5,4,1,Empty,38,0,38,0
202102,9,4,1,Empty,2,0,2,0
202102,6,4,1,Loaded,7724,7724,0,91497
202102,3,4,1,Loaded,3844,3844,0,46898
202102,1,4,1,Loaded,546,546,0,5853
202102,4,4,1,Loaded,182,182,0,2171
202102,2,4,1,Loaded,1292,1292,0,15571
202102,8,4,1,Loaded,388,388,0,4425
202102,5,4,1,Loaded,2082,2082,0,24635
202102,9,4,1,Loaded,642,642,0,7303
202102,6,1,2,Empty,706,0,706,0
202102,3,1,2,Empty,495,0,495,0
202102,1,1,2,Empty,1,0,1,0
202102,4,1,2,Empty,141,0,141,0
202102,2,1,2,Empty,3,0,3,0
202102,8,1,2,Empty,535,0,535,0
202102,5,1,2,Empty,205,0,205,0
202102,9,1,2,Empty,242,0,242,0
202102,6,1,2,Loaded,5075,5075,0,78432
202102,3,1,2,Loaded,872,872,0,15096
202102,1,1,2,Loaded,994,994,0,14898
202102,4,1,2,Loaded,134,134,0,2307
202102,2,1,2,Loaded,2312,2312,0,31687
202102,8,1,2,Loaded,65,65,0,1254
202102,5,1,2,Loaded,391,391,0,7663
202102,9,1,2,Loaded,208,208,0,4516
202102,6,2,2,Empty,1848,0,1848,0
202102,3,2,2,Empty,860,0,860,0
202102,1,2,2,Empty,133,0,133,0
202102,4,2,2,Empty,184,0,184,0
202102,2,2,2,Empty,284,0,284,0
202102,8,2,2,Empty,214,0,214,0
202102,5,2,2,Empty,486,0,486,0
202102,9,2,2,Empty,4,0,4,0
202102,6,2,2,Loaded,220,220,0,1855
202102,3,2,2,Loaded,34,34,0,317
202102,1,2,2,Loaded,17,17,0,128
202102,2,2,2,Loaded,111,111,0,901
202102,8,2,2,Loaded,1,1,0,10
202102,5,2,2,Loaded,3,3,0,17
202102,6,3,2,Empty,4862,0,4862,0
202102,3,3,2,Empty,940,0,940,0
202102,2,3,2,Empty,930,0,930,0
202102,8,3,2,Empty,632,0,632,0
202102,5,3,2,Empty,1446,0,1446,0
202102,9,3,2,Empty,510,0,510,0
202102,6,3,2,Loaded,12896,12896,0,98406
202102,3,3,2,Loaded,1624,1624,0,12787
202102,1,3,2,Loaded,1768,1768,0,11522
202102,4,3,2,Loaded,202,202,0,1119
202102,2,3,2,Loaded,4192,4192,0,26369
202102,8,3,2,Loaded,136,136,0,1319
202102,5,3,2,Loaded,420,420,0,2982
202102,9,3,2,Loaded,148,148,0,1226
202102,6,4,2,Empty,3404,0,3404,0
202102,3,4,2,Empty,3832,0,3832,0
202102,1,4,2,Empty,494,0,494,0
202102,4,4,2,Empty,728,0,728,0
202102,2,4,2,Empty,640,0,640,0
202102,8,4,2,Empty,422,0,422,0
202102,5,4,2,Empty,1474,0,1474,0
202102,9,4,2,Empty,470,0,470,0
202102,6,4,2,Loaded,2364,2364,0,18249
202102,3,4,2,Loaded,336,336,0,2869
202102,1,4,2,Loaded,124,124,0,963
202102,2,4,2,Loaded,704,704,0,4688
202102,8,4,2,Loaded,6,6,0,17
202102,5,4,2,Loaded,38,38,0,353
202102,7,1,1,Empty,2446,0,2446,0
202102,7,1,1,Loaded,671,671,0,11447
202102,7,2,1,Empty,2,0,2,0
202102,7,2,1,Loaded,17,17,0,111
202102,7,3,1,Empty,6024,0,6024,0
202102,7,3,1,Loaded,1860,1860,0,20038
202102,7,4,1,Empty,2,0,2,0
202102,7,4,1,Loaded,84,84,0,770
202102,7,1,2,Empty,2,0,2,0
202102,7,1,2,Loaded,8672,8672,0,110191
202102,7,2,2,Empty,15,0,15,0
202102,7,2,2,Loaded,367,367,0,3071
202102,7,3,2,Empty,22,0,22,0
202102,7,3,2,Loaded,16258,16258,0,98421
202102,7,4,2,Empty,240,0,240,0
202102,7,4,2,Loaded,2716,2716,0,17184
202101,6,1,1,Empty,2124,0,2124,0
202101,3,1,1,Empty,41,0,41,0
202101,1,1,1,Empty,346,0,346,0
202101,4,1,1,Empty,3,0,3,0
202101,2,1,1,Empty,945,0,945,0
202101,8,1,1,Empty,12,0,12,0
202101,5,1,1,Empty,220,0,220,0
202101,9,1,1,Empty,8,0,8,0
202101,6,1,1,Loaded,7274,7274,0,128119
202101,3,1,1,Loaded,1190,1190,0,22095
202101,1,1,1,Loaded,715,715,0,13182
202101,4,1,1,Loaded,474,474,0,9782
202101,2,1,1,Loaded,1306,1306,0,23242
202101,8,1,1,Loaded,347,347,0,5889
202101,5,1,1,Loaded,692,692,0,12705
202101,9,1,1,Loaded,268,268,0,5469
202101,6,2,1,Empty,33,0,33,0
202101,5,2,1,Empty,4,0,4,0
202101,6,2,1,Loaded,2690,2690,0,41810
202101,3,2,1,Loaded,276,276,0,3752
202101,1,2,1,Loaded,114,114,0,1616
202101,4,2,1,Loaded,104,104,0,1353
202101,2,2,1,Loaded,333,333,0,5085
202101,8,2,1,Loaded,171,171,0,2862
202101,5,2,1,Loaded,414,414,0,6235
202101,9,2,1,Loaded,16,16,0,251
202101,6,3,1,Empty,1348,0,1348,0
202101,3,3,1,Empty,110,0,110,0
202101,1,3,1,Empty,636,0,636,0
202101,4,3,1,Empty,6,0,6,0
202101,2,3,1,Empty,1468,0,1468,0
202101,8,3,1,Empty,4,0,4,0
202101,5,3,1,Empty,50,0,50,0
202101,9,3,1,Empty,14,0,14,0
202101,6,3,1,Loaded,19608,19608,0,223329
202101,3,3,1,Loaded,2258,2258,0,26321
202101,1,3,1,Loaded,1244,1244,0,15222
202101,4,3,1,Loaded,828,828,0,10084
202101,2,3,1,Loaded,3230,3230,0,40103
202101,8,3,1,Loaded,1124,1124,0,14135
202101,5,3,1,Loaded,2702,2702,0,34051
202101,9,3,1,Loaded,912,912,0,12326
202101,6,4,1,Empty,54,0,54,0
202101,1,4,1,Empty,2,0,2,0
202101,2,4,1,Empty,2,0,2,0
202101,8,4,1,Empty,10,0,10,0
202101,5,4,1,Empty,16,0,16,0
202101,6,4,1,Loaded,7466,7466,0,87571
202101,3,4,1,Loaded,1716,1716,0,21106
202101,1,4,1,Loaded,516,516,0,5386
202101,4,4,1,Loaded,238,238,0,2725
202101,2,4,1,Loaded,914,914,0,10733
202101,8,4,1,Loaded,650,650,0,7750
202101,5,4,1,Loaded,984,984,0,11729
202101,9,4,1,Loaded,354,354,0,4207
202101,6,1,2,Empty,614,0,614,0
202101,3,1,2,Empty,213,0,213,0
202101,4,1,2,Empty,513,0,513,0
202101,2,1,2,Empty,10,0,10,0
202101,8,1,2,Empty,475,0,475,0
202101,5,1,2,Empty,244,0,244,0
202101,9,1,2,Empty,296,0,296,0
202101,6,1,2,Loaded,4589,4589,0,73237
202101,3,1,2,Loaded,691,691,0,11344
202101,1,1,2,Loaded,1076,1076,0,16320
202101,4,1,2,Loaded,137,137,0,2205
202101,2,1,2,Loaded,2144,2144,0,30072
202101,8,1,2,Loaded,196,196,0,3702
202101,5,1,2,Loaded,334,334,0,6431
202101,9,1,2,Loaded,116,116,0,2164
202101,6,2,2,Empty,1060,0,1060,0
202101,3,2,2,Empty,259,0,259,0
202101,1,2,2,Empty,206,0,206,0
202101,4,2,2,Empty,125,0,125,0
202101,2,2,2,Empty,270,0,270,0
202101,8,2,2,Empty,151,0,151,0
202101,5,2,2,Empty,512,0,512,0
202101,9,2,2,Empty,54,0,54,0
202101,6,2,2,Loaded,257,257,0,2224
202101,3,2,2,Loaded,45,45,0,345
202101,1,2,2,Loaded,13,13,0,83
202101,4,2,2,Loaded,4,4,0,78
202101,2,2,2,Loaded,130,130,0,1148
202101,8,2,2,Loaded,2,2,0,22
202101,5,2,2,Loaded,5,5,0,31
202101,9,2,2,Loaded,1,1,0,5
202101,6,3,2,Empty,4204,0,4204,0
202101,3,3,2,Empty,1144,0,1144,0
202101,1,3,2,Empty,78,0,78,0
202101,4,3,2,Empty,100,0,100,0
202101,2,3,2,Empty,798,0,798,0
202101,8,3,2,Empty,2276,0,2276,0
202101,5,3,2,Empty,1898,0,1898,0
202101,9,3,2,Empty,462,0,462,0
202101,6,3,2,Loaded,10272,10272,0,77118
202101,3,3,2,Loaded,1192,1192,0,8388
202101,1,3,2,Loaded,2208,2208,0,13196
202101,4,3,2,Loaded,138,138,0,602
202101,2,3,2,Loaded,4372,4372,0,29491
202101,8,3,2,Loaded,86,86,0,660
202101,5,3,2,Loaded,560,560,0,5017
202101,9,3,2,Loaded,136,136,0,1237
202101,6,4,2,Empty,2644,0,2644,0
202101,3,4,2,Empty,2826,0,2826,0
202101,1,4,2,Empty,274,0,274,0
202101,4,4,2,Empty,406,0,406,0
202101,2,4,2,Empty,360,0,360,0
202101,8,4,2,Empty,1292,0,1292,0
202101,5,4,2,Empty,972,0,972,0
202101,9,4,2,Empty,366,0,366,0
202101,6,4,2,Loaded,2720,2720,0,20628
202101,3,4,2,Loaded,296,296,0,2482
202101,1,4,2,Loaded,112,112,0,966
202101,4,4,2,Loaded,8,8,0,82
202101,2,4,2,Loaded,770,770,0,5302
202101,8,4,2,Loaded,66,66,0,391
202101,5,4,2,Loaded,14,14,0,126
202101,7,1,1,Empty,2330,0,2330,0
202101,7,1,1,Loaded,431,431,0,6671
202101,7,2,1,Empty,3,0,3,0
202101,7,2,1,Loaded,29,29,0,232
202101,7,3,1,Empty,6712,0,6712,0
202101,7,3,1,Loaded,1868,1868,0,19722
202101,7,4,1,Empty,4,0,4,0
202101,7,4,1,Loaded,134,134,0,1104
202101,7,1,2,Empty,15,0,15,0
202101,7,1,2,Loaded,9971,9971,0,131867
202101,7,2,2,Empty,12,0,12,0
202101,7,2,2,Loaded,454,454,0,3313
202101,7,3,2,Loaded,20262,20262,0,124583
202101,7,4,2,Empty,400,0,400,0
202101,7,4,2,Loaded,2690,2690,0,18147
202012,6,1,1,Empty,1055,0,1055,0
202012,3,1,1,Empty,41,0,41,0
202012,1,1,1,Empty,221,0,221,0
202012,4,1,1,Empty,1,0,1,0
202012,2,1,1,Empty,464,0,464,0
202012,8,1,1,Empty,10,0,10,0
202012,5,1,1,Empty,56,0,56,0
202012,9,1,1,Empty,46,0,46,0
202012,6,1,1,Loaded,8968,8968,0,160111
202012,3,1,1,Loaded,1461,1461,0,26827
202012,1,1,1,Loaded,674,674,0,12524
202012,4,1,1,Loaded,370,370,0,7135
202012,2,1,1,Loaded,1767,1767,0,33157
202012,8,1,1,Loaded,311,311,0,5485
202012,5,1,1,Loaded,692,692,0,12737
202012,9,1,1,Loaded,441,441,0,10193
202012,6,2,1,Empty,45,0,45,0
202012,2,2,1,Empty,16,0,16,0
202012,5,2,1,Empty,39,0,39,0
202012,6,2,1,Loaded,3326,3326,0,51412
202012,3,2,1,Loaded,463,463,0,6632
202012,1,2,1,Loaded,106,106,0,1526
202012,4,2,1,Loaded,86,86,0,1206
202012,2,2,1,Loaded,509,509,0,7501
202012,8,2,1,Loaded,122,122,0,1981
202012,5,2,1,Loaded,441,441,0,6678
202012,9,2,1,Loaded,21,21,0,325
202012,6,3,1,Empty,1344,0,1344,0
202012,3,3,1,Empty,102,0,102,0
202012,1,3,1,Empty,330,0,330,0
202012,4,3,1,Empty,18,0,18,0
202012,2,3,1,Empty,1336,0,1336,0
202012,8,3,1,Empty,4,0,4,0
202012,5,3,1,Empty,16,0,16,0
202012,9,3,1,Empty,18,0,18,0
202012,6,3,1,Loaded,24698,24698,0,282889
202012,3,3,1,Loaded,3726,3726,0,43745
202012,1,3,1,Loaded,1638,1638,0,20544
202012,4,3,1,Loaded,938,938,0,11465
202012,2,3,1,Loaded,5954,5954,0,72509
202012,8,3,1,Loaded,862,862,0,10391
202012,5,3,1,Loaded,3254,3254,0,40757
202012,9,3,1,Loaded,1584,1584,0,19403
202012,6,4,1,Empty,74,0,74,0
202012,1,4,1,Empty,6,0,6,0
202012,2,4,1,Empty,2,0,2,0
202012,8,4,1,Empty,12,0,12,0
202012,5,4,1,Empty,72,0,72,0
202012,6,4,1,Loaded,7928,7928,0,90862
202012,3,4,1,Loaded,1736,1736,0,20057
202012,1,4,1,Loaded,554,554,0,5573
202012,4,4,1,Loaded,244,244,0,2768
202012,2,4,1,Loaded,1382,1382,0,16635
202012,8,4,1,Loaded,640,640,0,7785
202012,5,4,1,Loaded,1166,1166,0,13928
202012,9,4,1,Loaded,258,258,0,3000
202012,6,1,2,Empty,1754,0,1754,0
202012,3,1,2,Empty,209,0,209,0
202012,4,1,2,Empty,608,0,608,0
202012,2,1,2,Empty,2,0,2,0
202012,8,1,2,Empty,300,0,300,0
202012,5,1,2,Empty,400,0,400,0
202012,9,1,2,Empty,7,0,7,0
202012,6,1,2,Loaded,5513,5513,0,87160
202012,3,1,2,Loaded,725,725,0,11927
202012,1,1,2,Loaded,855,855,0,13102
202012,4,1,2,Loaded,140,140,0,2529
202012,2,1,2,Loaded,2523,2523,0,36943
202012,8,1,2,Loaded,240,240,0,4448
202012,5,1,2,Loaded,301,301,0,5902
202012,9,1,2,Loaded,207,207,0,4640
202012,6,2,2,Empty,2072,0,2072,0
202012,3,2,2,Empty,667,0,667,0
202012,1,2,2,Empty,149,0,149,0
202012,4,2,2,Empty,66,0,66,0
202012,2,2,2,Empty,718,0,718,0
202012,8,2,2,Empty,232,0,232,0
202012,5,2,2,Empty,534,0,534,0
202012,9,2,2,Empty,39,0,39,0
202012,6,2,2,Loaded,261,261,0,2540
202012,3,2,2,Loaded,26,26,0,220
202012,1,2,2,Loaded,15,15,0,120
202012,2,2,2,Loaded,166,166,0,1414
202012,8,2,2,Loaded,1,1,0,0
202012,5,2,2,Loaded,7,7,0,57
202012,6,3,2,Empty,6296,0,6296,0
202012,3,3,2,Empty,2194,0,2194,0
202012,1,3,2,Empty,170,0,170,0
202012,4,3,2,Empty,1058,0,1058,0
202012,2,3,2,Empty,962,0,962,0
202012,8,3,2,Empty,1800,0,1800,0
202012,5,3,2,Empty,1816,0,1816,0
202012,9,3,2,Empty,1600,0,1600,0
202012,6,3,2,Loaded,12888,12888,0,94960
202012,3,3,2,Loaded,1134,1134,0,8179
202012,1,3,2,Loaded,1764,1764,0,12166
202012,4,3,2,Loaded,148,148,0,1033
202012,2,3,2,Loaded,4742,4742,0,32506
202012,8,3,2,Loaded,106,106,0,993
202012,5,3,2,Loaded,502,502,0,4172
202012,9,3,2,Loaded,146,146,0,1028
202012,6,4,2,Empty,4766,0,4766,0
202012,3,4,2,Empty,1806,0,1806,0
202012,1,4,2,Empty,94,0,94,0
202012,4,4,2,Empty,30,0,30,0
202012,2,4,2,Empty,526,0,526,0
202012,8,4,2,Empty,510,0,510,0
202012,5,4,2,Empty,1398,0,1398,0
202012,9,4,2,Empty,474,0,474,0
202012,6,4,2,Loaded,2354,2354,0,19132
202012,3,4,2,Loaded,390,390,0,3301
202012,1,4,2,Loaded,168,168,0,1571
202012,4,4,2,Loaded,10,10,0,117
202012,2,4,2,Loaded,648,648,0,4511
202012,8,4,2,Loaded,98,98,0,650
202012,5,4,2,Loaded,54,54,0,207
202012,7,1,1,Empty,1084,0,1084,0
202012,7,1,1,Loaded,1180,1180,0,20136
202012,7,2,1,Empty,3,0,3,0
202012,7,2,1,Loaded,63,63,0,499
202012,7,3,1,Empty,4854,0,4854,0
202012,7,3,1,Loaded,2666,2666,0,26214
202012,7,4,1,Loaded,266,266,0,2379
202012,7,1,2,Empty,4,0,4,0
202012,7,1,2,Loaded,8911,8911,0,114874
202012,7,2,2,Empty,195,0,195,0
202012,7,2,2,Loaded,450,450,0,3274
202012,7,3,2,Empty,14,0,14,0
202012,7,3,2,Loaded,20070,20070,0,119761
202012,7,4,2,Empty,316,0,316,0
202012,7,4,2,Loaded,2564,2564,0,18353
202011,6,1,1,Empty,829,0,829,0
202011,3,1,1,Empty,97,0,97,0
202011,1,1,1,Empty,124,0,124,0
202011,4,1,1,Empty,2,0,2,0
202011,2,1,1,Empty,457,0,457,0
202011,5,1,1,Empty,67,0,67,0
202011,6,1,1,Loaded,7773,7773,0,138464
202011,3,1,1,Loaded,1600,1600,0,29658
202011,1,1,1,Loaded,259,259,0,4846
202011,4,1,1,Loaded,393,393,0,8024
202011,2,1,1,Loaded,1749,1749,0,32726
202011,8,1,1,Loaded,436,436,0,7466
202011,5,1,1,Loaded,988,988,0,18053
202011,9,1,1,Loaded,91,91,0,1763
202011,6,2,1,Empty,53,0,53,0
202011,2,2,1,Empty,12,0,12,0
202011,5,2,1,Empty,6,0,6,0
202011,6,2,1,Loaded,2427,2427,0,36406
202011,3,2,1,Loaded,368,368,0,5127
202011,1,2,1,Loaded,63,63,0,721
202011,4,2,1,Loaded,62,62,0,845
202011,2,2,1,Loaded,500,500,0,7324
202011,8,2,1,Loaded,160,160,0,2465
202011,5,2,1,Loaded,466,466,0,7036
202011,9,2,1,Loaded,26,26,0,436
202011,6,3,1,Empty,666,0,666,0
202011,3,3,1,Empty,108,0,108,0
202011,1,3,1,Empty,98,0,98,0
202011,2,3,1,Empty,1088,0,1088,0
202011,8,3,1,Empty,2,0,2,0
202011,5,3,1,Empty,20,0,20,0
202011,6,3,1,Loaded,20942,20942,0,241160
202011,3,3,1,Loaded,3450,3450,0,41394
202011,1,3,1,Loaded,864,864,0,10752
202011,4,3,1,Loaded,1078,1078,0,13360
202011,2,3,1,Loaded,6936,6936,0,87036
202011,8,3,1,Loaded,1612,1612,0,21012
202011,5,3,1,Loaded,2868,2868,0,35760
202011,9,3,1,Loaded,2154,2154,0,28740
202011,6,4,1,Empty,36,0,36,0
202011,3,4,1,Empty,4,0,4,0
202011,4,4,1,Empty,16,0,16,0
202011,2,4,1,Empty,4,0,4,0
202011,5,4,1,Empty,12,0,12,0
202011,6,4,1,Loaded,6152,6152,0,70451
202011,3,4,1,Loaded,1462,1462,0,16901
202011,1,4,1,Loaded,292,292,0,3007
202011,4,4,1,Loaded,180,180,0,2075
202011,2,4,1,Loaded,1072,1072,0,12853
202011,8,4,1,Loaded,650,650,0,8037
202011,5,4,1,Loaded,1200,1200,0,14887
202011,9,4,1,Loaded,264,264,0,3046
202011,6,1,2,Empty,1375,0,1375,0
202011,3,1,2,Empty,50,0,50,0
202011,4,1,2,Empty,666,0,666,0
202011,2,1,2,Empty,23,0,23,0
202011,8,1,2,Empty,77,0,77,0
202011,5,1,2,Empty,110,0,110,0
202011,9,1,2,Empty,77,0,77,0
202011,6,1,2,Loaded,4500,4500,0,76333
202011,3,1,2,Loaded,911,911,0,15976
202011,1,1,2,Loaded,617,617,0,8879
202011,4,1,2,Loaded,65,65,0,1270
202011,2,1,2,Loaded,2849,2849,0,40670
202011,8,1,2,Loaded,252,252,0,5282
202011,5,1,2,Loaded,592,592,0,11217
202011,9,1,2,Loaded,316,316,0,7096
202011,6,2,2,Empty,1741,0,1741,0
202011,3,2,2,Empty,366,0,366,0
202011,1,2,2,Empty,30,0,30,0
202011,4,2,2,Empty,113,0,113,0
202011,2,2,2,Empty,785,0,785,0
202011,8,2,2,Empty,580,0,580,0
202011,5,2,2,Empty,645,0,645,0
202011,9,2,2,Empty,40,0,40,0
202011,6,2,2,Loaded,155,155,0,1403
202011,3,2,2,Loaded,21,21,0,199
202011,1,2,2,Loaded,8,8,0,63
202011,4,2,2,Loaded,1,1,0,15
202011,2,2,2,Loaded,103,103,0,737
202011,8,2,2,Loaded,2,2,0,23
202011,6,3,2,Empty,9168,0,9168,0
202011,3,3,2,Empty,874,0,874,0
202011,1,3,2,Empty,36,0,36,0
202011,4,3,2,Empty,998,0,998,0
202011,2,3,2,Empty,1106,0,1106,0
202011,8,3,2,Empty,1646,0,1646,0
202011,5,3,2,Empty,3230,0,3230,0
202011,9,3,2,Empty,1812,0,1812,0
202011,6,3,2,Loaded,8874,8874,0,67225
202011,3,3,2,Loaded,1312,1312,0,8646
202011,1,3,2,Loaded,922,922,0,5475
202011,4,3,2,Loaded,120,120,0,806
202011,2,3,2,Loaded,5892,5892,0,38301
202011,8,3,2,Loaded,52,52,0,484
202011,5,3,2,Loaded,576,576,0,4425
202011,9,3,2,Loaded,234,234,0,2205
202011,6,4,2,Empty,1850,0,1850,0
202011,3,4,2,Empty,268,0,268,0
202011,1,4,2,Empty,20,0,20,0
202011,4,4,2,Empty,386,0,386,0
202011,2,4,2,Empty,370,0,370,0
202011,8,4,2,Empty,1330,0,1330,0
202011,5,4,2,Empty,1124,0,1124,0
202011,9,4,2,Empty,206,0,206,0
202011,6,4,2,Loaded,1962,1962,0,16653
202011,3,4,2,Loaded,230,230,0,1989
202011,1,4,2,Loaded,68,68,0,643
202011,4,4,2,Loaded,2,2,0,23
202011,2,4,2,Loaded,540,540,0,3495
202011,8,4,2,Loaded,118,118,0,820
202011,5,4,2,Loaded,56,56,0,279
202011,7,1,1,Empty,2521,0,2521,0
202011,7,1,1,Loaded,1077,1077,0,18008
202011,7,2,1,Empty,3,0,3,0
202011,7,2,1,Loaded,69,69,0,525
202011,7,3,1,Empty,4988,0,4988,0
202011,7,3,1,Loaded,3438,3438,0,36299
202011,7,4,1,Empty,2,0,2,0
202011,7,4,1,Loaded,236,236,0,1953
202011,7,1,2,Empty,24,0,24,0
202011,7,1,2,Loaded,9627,9627,0,129447
202011,7,2,2,Empty,244,0,244,0
202011,7,2,2,Loaded,362,362,0,2677
202011,7,3,2,Loaded,19236,19236,0,114132
202011,7,4,2,Empty,132,0,132,0
202011,7,4,2,Loaded,1942,1942,0,13017
202010,6,1,1,Empty,811,0,811,0
202010,3,1,1,Empty,119,0,119,0
202010,1,1,1,Empty,201,0,201,0
202010,4,1,1,Empty,22,0,22,0
202010,2,1,1,Empty,440,0,440,0
202010,8,1,1,Empty,53,0,53,0
202010,5,1,1,Empty,59,0,59,0
202010,9,1,1,Empty,6,0,6,0
202010,6,1,1,Loaded,8764,8764,0,154631
202010,3,1,1,Loaded,1285,1285,0,23522
202010,1,1,1,Loaded,643,643,0,12806
202010,4,1,1,Loaded,455,455,0,9357
202010,2,1,1,Loaded,1490,1490,0,26963
202010,8,1,1,Loaded,135,135,0,2509
202010,5,1,1,Loaded,911,911,0,16253
202010,9,1,1,Loaded,206,206,0,4353
202010,6,2,1,Empty,73,0,73,0
202010,4,2,1,Empty,1,0,1,0
202010,2,2,1,Empty,22,0,22,0
202010,8,2,1,Empty,10,0,10,0
202010,5,2,1,Empty,2,0,2,0
202010,6,2,1,Loaded,2502,2502,0,36802
202010,3,2,1,Loaded,368,368,0,4951
202010,1,2,1,Loaded,73,73,0,904
202010,4,2,1,Loaded,99,99,0,1426
202010,2,2,1,Loaded,454,454,0,6760
202010,8,2,1,Loaded,98,98,0,1502
202010,5,2,1,Loaded,417,417,0,6169
202010,9,2,1,Loaded,24,24,0,420
202010,6,3,1,Empty,638,0,638,0
202010,3,3,1,Empty,38,0,38,0
202010,1,3,1,Empty,250,0,250,0
202010,4,3,1,Empty,36,0,36,0
202010,2,3,1,Empty,1638,0,1638,0
202010,8,3,1,Empty,16,0,16,0
202010,5,3,1,Empty,2,0,2,0
202010,9,3,1,Empty,14,0,14,0
202010,6,3,1,Loaded,22976,22976,0,257448
202010,3,3,1,Loaded,3558,3558,0,42167
202010,1,3,1,Loaded,1036,1036,0,11848
202010,4,3,1,Loaded,926,926,0,11173
202010,2,3,1,Loaded,4832,4832,0,58256
202010,8,3,1,Loaded,360,360,0,4797
202010,5,3,1,Loaded,3258,3258,0,41476
202010,9,3,1,Loaded,984,984,0,12046
202010,6,4,1,Empty,86,0,86,0
202010,3,4,1,Empty,2,0,2,0
202010,2,4,1,Empty,10,0,10,0
202010,8,4,1,Empty,8,0,8,0
202010,5,4,1,Empty,6,0,6,0
202010,6,4,1,Loaded,7962,7962,0,91661
202010,3,4,1,Loaded,1392,1392,0,16159
202010,1,4,1,Loaded,262,262,0,2855
202010,4,4,1,Loaded,272,272,0,3102
202010,2,4,1,Loaded,1102,1102,0,13248
202010,8,4,1,Loaded,304,304,0,3569
202010,5,4,1,Loaded,1186,1186,0,14453
202010,9,4,1,Loaded,178,178,0,2100
202010,6,1,2,Empty,1366,0,1366,0
202010,3,1,2,Empty,344,0,344,0
202010,1,1,2,Empty,329,0,329,0
202010,4,1,2,Empty,432,0,432,0
202010,2,1,2,Empty,4,0,4,0
202010,5,1,2,Empty,475,0,475,0
202010,9,1,2,Empty,60,0,60,0
202010,6,1,2,Loaded,5305,5305,0,85092
202010,3,1,2,Loaded,897,897,0,15585
202010,1,1,2,Loaded,866,866,0,12941
202010,4,1,2,Loaded,184,184,0,3789
202010,2,1,2,Loaded,2142,2142,0,31033
202010,8,1,2,Loaded,257,257,0,4858
202010,5,1,2,Loaded,462,462,0,9190
202010,9,1,2,Loaded,84,84,0,1836
202010,6,2,2,Empty,1453,0,1453,0
202010,3,2,2,Empty,562,0,562,0
202010,1,2,2,Empty,6,0,6,0
202010,4,2,2,Empty,67,0,67,0
202010,2,2,2,Empty,583,0,583,0
202010,8,2,2,Empty,256,0,256,0
202010,5,2,2,Empty,195,0,195,0
202010,6,2,2,Loaded,265,265,0,2447
202010,3,2,2,Loaded,68,68,0,677
202010,1,2,2,Loaded,19,19,0,193
202010,2,2,2,Loaded,141,141,0,1136
202010,5,2,2,Loaded,1,1,0,11
202010,6,3,2,Empty,11800,0,11800,0
202010,3,3,2,Empty,962,0,962,0
202010,1,3,2,Empty,190,0,190,0
202010,4,3,2,Empty,714,0,714,0
202010,2,3,2,Empty,404,0,404,0
202010,8,3,2,Empty,1204,0,1204,0
202010,5,3,2,Empty,1484,0,1484,0
202010,9,3,2,Empty,2052,0,2052,0
202010,6,3,2,Loaded,12166,12166,0,95930
202010,3,3,2,Loaded,1012,1012,0,6923
202010,1,3,2,Loaded,1486,1486,0,9178
202010,4,3,2,Loaded,176,176,0,988
202010,2,3,2,Loaded,3982,3982,0,26942
202010,8,3,2,Loaded,66,66,0,583
202010,5,3,2,Loaded,538,538,0,4418
202010,9,3,2,Loaded,54,54,0,570
202010,6,4,2,Empty,2612,0,2612,0
202010,3,4,2,Empty,942,0,942,0
202010,1,4,2,Empty,536,0,536,0
202010,4,4,2,Empty,486,0,486,0
202010,2,4,2,Empty,842,0,842,0
202010,8,4,2,Empty,748,0,748,0
202010,5,4,2,Empty,574,0,574,0
202010,9,4,2,Empty,138,0,138,0
202010,6,4,2,Loaded,2614,2614,0,22467
202010,3,4,2,Loaded,412,412,0,3216
202010,1,4,2,Loaded,90,90,0,734
202010,4,4,2,Loaded,34,34,0,438
202010,2,4,2,Loaded,642,642,0,4413
202010,8,4,2,Loaded,52,52,0,357
202010,5,4,2,Loaded,78,78,0,175
202010,7,1,1,Empty,1174,0,1174,0
202010,7,1,1,Loaded,1147,1147,0,16632
202010,7,2,1,Empty,35,0,35,0
202010,7,2,1,Loaded,70,70,0,567
202010,7,3,1,Empty,2566,0,2566,0
202010,7,3,1,Loaded,3292,3292,0,32486
202010,7,4,1,Empty,4,0,4,0
202010,7,4,1,Loaded,286,286,0,2426
202010,7,1,2,Empty,28,0,28,0
202010,7,1,2,Loaded,9465,9465,0,122529
202010,7,2,2,Empty,305,0,305,0
202010,7,2,2,Loaded,555,555,0,3765
202010,7,3,2,Empty,50,0,50,0
202010,7,3,2,Loaded,19196,19196,0,115298
202010,7,4,2,Empty,70,0,70,0
202010,7,4,2,Loaded,2858,2858,0,19632
202009,6,1,1,Empty,1021,0,1021,0
202009,3,1,1,Empty,141,0,141,0
202009,1,1,1,Empty,252,0,252,0
202009,4,1,1,Empty,15,0,15,0
202009,2,1,1,Empty,611,0,611,0
202009,8,1,1,Empty,34,0,34,0
202009,5,1,1,Empty,98,0,98,0
202009,9,1,1,Empty,1,0,1,0
202009,6,1,1,Loaded,6302,6302,0,111037
202009,3,1,1,Loaded,1353,1353,0,25468
202009,1,1,1,Loaded,573,573,0,10550
202009,4,1,1,Loaded,407,407,0,8879
202009,2,1,1,Loaded,1648,1648,0,30504
202009,8,1,1,Loaded,114,114,0,2114
202009,5,1,1,Loaded,783,783,0,14516
202009,9,1,1,Loaded,345,345,0,6721
202009,6,2,1,Empty,66,0,66,0
202009,1,2,1,Empty,1,0,1,0
202009,2,2,1,Empty,8,0,8,0
202009,8,2,1,Empty,3,0,3,0
202009,5,2,1,Empty,14,0,14,0
202009,6,2,1,Loaded,1643,1643,0,23943
202009,3,2,1,Loaded,326,326,0,4372
202009,1,2,1,Loaded,51,51,0,660
202009,4,2,1,Loaded,90,90,0,1282
202009,2,2,1,Loaded,399,399,0,5776
202009,8,2,1,Loaded,57,57,0,931
202009,5,2,1,Loaded,470,470,0,6824
202009,9,2,1,Loaded,15,15,0,218
202009,6,3,1,Empty,528,0,528,0
202009,3,3,1,Empty,30,0,30,0
202009,1,3,1,Empty,582,0,582,0
202009,2,3,1,Empty,1476,0,1476,0
202009,8,3,1,Empty,18,0,18,0
202009,5,3,1,Empty,92,0,92,0
202009,9,3,1,Empty,10,0,10,0
202009,6,3,1,Loaded,15422,15422,0,171488
202009,3,3,1,Loaded,3204,3204,0,38459
202009,1,3,1,Loaded,808,808,0,8976
202009,4,3,1,Loaded,984,984,0,11893
202009,2,3,1,Loaded,4220,4220,0,51162
202009,8,3,1,Loaded,114,114,0,1456
202009,5,3,1,Loaded,1972,1972,0,24443
202009,9,3,1,Loaded,748,748,0,8602
202009,6,4,1,Empty,74,0,74,0
202009,3,4,1,Empty,2,0,2,0
202009,1,4,1,Empty,14,0,14,0
202009,2,4,1,Empty,14,0,14,0
202009,8,4,1,Empty,6,0,6,0
202009,5,4,1,Empty,24,0,24,0
202009,6,4,1,Loaded,7204,7204,0,82246
202009,3,4,1,Loaded,1472,1472,0,16806
202009,1,4,1,Loaded,328,328,0,3594
202009,4,4,1,Loaded,374,374,0,4211
202009,2,4,1,Loaded,1310,1310,0,15625
202009,8,4,1,Loaded,258,258,0,3192
202009,5,4,1,Loaded,1000,1000,0,12431
202009,9,4,1,Loaded,230,230,0,2651
202009,6,1,2,Empty,824,0,824,0
202009,3,1,2,Empty,200,0,200,0
202009,1,1,2,Empty,2,0,2,0
202009,4,1,2,Empty,118,0,118,0
202009,2,1,2,Empty,4,0,4,0
202009,5,1,2,Empty,1,0,1,0
202009,9,1,2,Empty,100,0,100,0
202009,6,1,2,Loaded,5833,5833,0,94212
202009,3,1,2,Loaded,793,793,0,14837
202009,1,1,2,Loaded,901,901,0,12884
202009,4,1,2,Loaded,145,145,0,2954
202009,2,1,2,Loaded,1859,1859,0,25215
202009,8,1,2,Loaded,249,249,0,5017
202009,5,1,2,Loaded,459,459,0,9313
202009,9,1,2,Loaded,333,333,0,7099
202009,6,2,2,Empty,299,0,299,0
202009,3,2,2,Empty,69,0,69,0
202009,4,2,2,Empty,70,0,70,0
202009,2,2,2,Empty,43,0,43,0
202009,8,2,2,Empty,180,0,180,0
202009,5,2,2,Empty,193,0,193,0
202009,9,2,2,Empty,65,0,65,0
202009,6,2,2,Loaded,227,227,0,1820
202009,3,2,2,Loaded,21,21,0,116
202009,1,2,2,Loaded,25,25,0,272
202009,2,2,2,Loaded,146,146,0,1130
202009,5,2,2,Loaded,5,5,0,12
202009,6,3,2,Empty,2882,0,2882,0
202009,3,3,2,Empty,646,0,646,0
202009,4,3,2,Empty,374,0,374,0
202009,8,3,2,Empty,314,0,314,0
202009,5,3,2,Empty,824,0,824,0
202009,9,3,2,Empty,584,0,584,0
202009,6,3,2,Loaded,11166,11166,0,82111
202009,3,3,2,Loaded,1010,1010,0,7636
202009,1,3,2,Loaded,1604,1604,0,9494
202009,4,3,2,Loaded,86,86,0,419
202009,2,3,2,Loaded,4000,4000,0,27242
202009,8,3,2,Loaded,38,38,0,253
202009,5,3,2,Loaded,626,626,0,5504
202009,9,3,2,Loaded,448,448,0,4007
202009,6,4,2,Empty,3992,0,3992,0
202009,3,4,2,Empty,502,0,502,0
202009,4,4,2,Empty,240,0,240,0
202009,2,4,2,Empty,704,0,704,0
202009,8,4,2,Empty,846,0,846,0
202009,5,4,2,Empty,704,0,704,0
202009,9,4,2,Empty,100,0,100,0
202009,6,4,2,Loaded,2492,2492,0,19870
202009,3,4,2,Loaded,228,228,0,1691
202009,1,4,2,Loaded,58,58,0,487
202009,4,4,2,Loaded,6,6,0,66
202009,2,4,2,Loaded,500,500,0,3501
202009,8,4,2,Loaded,18,18,0,102
202009,5,4,2,Loaded,50,50,0,207
202009,9,4,2,Loaded,14,14,0,157
202009,7,1,1,Empty,723,0,723,0
202009,7,1,1,Loaded,919,919,0,13584
202009,7,2,1,Empty,1,0,1,0
202009,7,2,1,Loaded,86,86,0,718
202009,7,3,1,Empty,2072,0,2072,0
202009,7,3,1,Loaded,2802,2802,0,27046
202009,7,4,1,Empty,22,0,22,0
202009,7,4,1,Loaded,326,326,0,2977
202009,7,1,2,Empty,105,0,105,0
202009,7,1,2,Loaded,6565,6565,0,88382
202009,7,2,2,Empty,273,0,273,0
202009,7,2,2,Loaded,387,387,0,2695
202009,7,3,2,Empty,22,0,22,0
202009,7,3,2,Loaded,13286,13286,0,83172
202009,7,4,2,Empty,28,0,28,0
202009,7,4,2,Loaded,1656,1656,0,11588
202008,6,1,1,Empty,2745,0,2745,0
202008,3,1,1,Empty,253,0,253,0
202008,1,1,1,Empty,267,0,267,0
202008,4,1,1,Empty,25,0,25,0
202008,2,1,1,Empty,680,0,680,0
202008,8,1,1,Empty,50,0,50,0
202008,5,1,1,Empty,48,0,48,0
202008,9,1,1,Empty,7,0,7,0
202008,6,1,1,Loaded,7145,7145,0,124839
202008,3,1,1,Loaded,1137,1137,0,20839
202008,1,1,1,Loaded,737,737,0,14062
202008,4,1,1,Loaded,516,516,0,11304
202008,2,1,1,Loaded,1303,1303,0,23596
202008,8,1,1,Loaded,205,205,0,3630
202008,5,1,1,Loaded,709,709,0,13246
202008,9,1,1,Loaded,562,562,0,11847
202008,6,2,1,Empty,187,0,187,0
202008,3,2,1,Empty,4,0,4,0
202008,2,2,1,Empty,4,0,4,0
202008,8,2,1,Empty,25,0,25,0
202008,5,2,1,Empty,107,0,107,0
202008,6,2,1,Loaded,2276,2276,0,33319
202008,3,2,1,Loaded,363,363,0,4869
202008,1,2,1,Loaded,49,49,0,628
202008,4,2,1,Loaded,58,58,0,758
202008,2,2,1,Loaded,300,300,0,4492
202008,8,2,1,Loaded,142,142,0,2288
202008,5,2,1,Loaded,436,436,0,6286
202008,9,2,1,Loaded,19,19,0,239
202008,6,3,1,Empty,1858,0,1858,0
202008,3,3,1,Empty,256,0,256,0
202008,1,3,1,Empty,234,0,234,0
202008,4,3,1,Empty,16,0,16,0
202008,2,3,1,Empty,1944,0,1944,0
202008,8,3,1,Empty,278,0,278,0
202008,5,3,1,Empty,62,0,62,0
202008,9,3,1,Empty,12,0,12,0
202008,6,3,1,Loaded,17138,17138,0,187429
202008,3,3,1,Loaded,4354,4354,0,52582
202008,1,3,1,Loaded,788,788,0,8586
202008,4,3,1,Loaded,1010,1010,0,11983
202008,2,3,1,Loaded,2914,2914,0,33943
202008,8,3,1,Loaded,200,200,0,2626
202008,5,3,1,Loaded,2096,2096,0,25804
202008,9,3,1,Loaded,780,780,0,8732
202008,6,4,1,Empty,370,0,370,0
202008,3,4,1,Empty,20,0,20,0
202008,1,4,1,Empty,6,0,6,0
202008,2,4,1,Empty,4,0,4,0
202008,8,4,1,Empty,26,0,26,0
202008,5,4,1,Empty,82,0,82,0
202008,6,4,1,Loaded,11928,11928,0,135201
202008,3,4,1,Loaded,2204,2204,0,24535
202008,1,4,1,Loaded,226,226,0,2399
202008,4,4,1,Loaded,480,480,0,5282
202008,2,4,1,Loaded,1126,1126,0,12816
202008,8,4,1,Loaded,412,412,0,4999
202008,5,4,1,Loaded,1068,1068,0,13086
202008,9,4,1,Loaded,180,180,0,2169
202008,6,1,2,Empty,690,0,690,0
202008,3,1,2,Empty,246,0,246,0
202008,1,1,2,Empty,98,0,98,0
202008,4,1,2,Empty,362,0,362,0
202008,2,1,2,Empty,24,0,24,0
202008,8,1,2,Empty,37,0,37,0
202008,5,1,2,Empty,120,0,120,0
202008,9,1,2,Empty,163,0,163,0
202008,6,1,2,Loaded,5042,5042,0,80189
202008,3,1,2,Loaded,910,910,0,16592
202008,1,1,2,Loaded,788,788,0,12243
202008,4,1,2,Loaded,147,147,0,2834
202008,2,1,2,Loaded,2127,2127,0,31984
202008,8,1,2,Loaded,452,452,0,10111
202008,5,1,2,Loaded,701,701,0,14257
202008,9,1,2,Loaded,535,535,0,11615
202008,6,2,2,Empty,1019,0,1019,0
202008,3,2,2,Empty,255,0,255,0
202008,1,2,2,Empty,50,0,50,0
202008,4,2,2,Empty,19,0,19,0
202008,2,2,2,Empty,215,0,215,0
202008,8,2,2,Empty,118,0,118,0
202008,5,2,2,Empty,539,0,539,0
202008,9,2,2,Empty,30,0,30,0
202008,6,2,2,Loaded,218,218,0,1954
202008,3,2,2,Loaded,26,26,0,170
202008,1,2,2,Loaded,17,17,0,165
202008,4,2,2,Loaded,2,2,0,0
202008,2,2,2,Loaded,95,95,0,805
202008,8,2,2,Loaded,3,3,0,19
202008,5,2,2,Loaded,14,14,0,122
202008,6,3,2,Empty,1974,0,1974,0
202008,3,3,2,Empty,1754,0,1754,0
202008,1,3,2,Empty,12,0,12,0
202008,4,3,2,Empty,552,0,552,0
202008,8,3,2,Empty,60,0,60,0
202008,5,3,2,Empty,1088,0,1088,0
202008,9,3,2,Empty,712,0,712,0
202008,6,3,2,Loaded,10306,10306,0,78545
202008,3,3,2,Loaded,1044,1044,0,7528
202008,1,3,2,Loaded,1290,1290,0,8107
202008,4,3,2,Loaded,74,74,0,516
202008,2,3,2,Loaded,3508,3508,0,24471
202008,8,3,2,Loaded,138,138,0,1192
202008,5,3,2,Loaded,1054,1054,0,8132
202008,9,3,2,Loaded,242,242,0,1846
202008,6,4,2,Empty,6128,0,6128,0
202008,3,4,2,Empty,1114,0,1114,0
202008,1,4,2,Empty,158,0,158,0
202008,4,4,2,Empty,160,0,160,0
202008,2,4,2,Empty,536,0,536,0
202008,8,4,2,Empty,390,0,390,0
202008,5,4,2,Empty,882,0,882,0
202008,9,4,2,Empty,184,0,184,0
202008,6,4,2,Loaded,2112,2112,0,17481
202008,3,4,2,Loaded,296,296,0,2425
202008,1,4,2,Loaded,48,48,0,399
202008,4,4,2,Loaded,10,10,0,109
202008,2,4,2,Loaded,524,524,0,3785
202008,8,4,2,Loaded,70,70,0,400
202008,5,4,2,Loaded,112,112,0,307
202008,7,1,1,Empty,3681,0,3681,0
202008,7,1,1,Loaded,1273,1273,0,18111
202008,7,2,1,Empty,3,0,3,0
202008,7,2,1,Loaded,139,139,0,1532
202008,7,3,1,Empty,4746,0,4746,0
202008,7,3,1,Loaded,3148,3148,0,28324
202008,7,4,1,Empty,476,0,476,0
202008,7,4,1,Loaded,386,386,0,3504
202008,7,1,2,Empty,90,0,90,0
202008,7,1,2,Loaded,10728,10728,0,138958
202008,7,2,2,Empty,277,0,277,0
202008,7,2,2,Loaded,691,691,0,4771
202008,7,3,2,Empty,20,0,20,0
202008,7,3,2,Loaded,21672,21672,0,130264
202008,7,4,2,Empty,736,0,736,0
202008,7,4,2,Loaded,3060,3060,0,21153
202007,6,1,1,Empty,2172,0,2172,0
202007,3,1,1,Empty,75,0,75,0
202007,1,1,1,Empty,296,0,296,0
202007,4,1,1,Empty,17,0,17,0
202007,2,1,1,Empty,534,0,534,0
202007,8,1,1,Empty,56,0,56,0
202007,5,1,1,Empty,148,0,148,0
202007,9,1,1,Empty,2,0,2,0
202007,6,1,1,Loaded,6564,6564,0,113680
202007,3,1,1,Loaded,1262,1262,0,23568
202007,1,1,1,Loaded,1078,1078,0,19784
202007,4,1,1,Loaded,328,328,0,6841
202007,2,1,1,Loaded,1651,1651,0,29754
202007,8,1,1,Loaded,499,499,0,8500
202007,5,1,1,Loaded,1247,1247,0,22858
202007,9,1,1,Loaded,369,369,0,8196
202007,6,2,1,Empty,68,0,68,0
202007,3,2,1,Empty,17,0,17,0
202007,2,2,1,Empty,18,0,18,0
202007,8,2,1,Empty,1,0,1,0
202007,5,2,1,Empty,14,0,14,0
202007,6,2,1,Loaded,2567,2567,0,39453
202007,3,2,1,Loaded,460,460,0,6384
202007,1,2,1,Loaded,96,96,0,1198
202007,4,2,1,Loaded,92,92,0,1344
202007,2,2,1,Loaded,463,463,0,6821
202007,8,2,1,Loaded,111,111,0,1889
202007,5,2,1,Loaded,657,657,0,10010
202007,9,2,1,Loaded,27,27,0,406
202007,6,3,1,Empty,1260,0,1260,0
202007,3,3,1,Empty,72,0,72,0
202007,1,3,1,Empty,252,0,252,0
202007,4,3,1,Empty,20,0,20,0
202007,2,3,1,Empty,1260,0,1260,0
202007,8,3,1,Empty,14,0,14,0
202007,5,3,1,Empty,14,0,14,0
202007,9,3,1,Empty,6,0,6,0
202007,6,3,1,Loaded,17208,17208,0,193159
202007,3,3,1,Loaded,4166,4166,0,49702
202007,1,3,1,Loaded,900,900,0,9621
202007,4,3,1,Loaded,1134,1134,0,13792
202007,2,3,1,Loaded,4464,4464,0,54559
202007,8,3,1,Loaded,1218,1218,0,16035
202007,5,3,1,Loaded,3002,3002,0,37886
202007,9,3,1,Loaded,894,894,0,10698
202007,6,4,1,Empty,86,0,86,0
202007,3,4,1,Empty,6,0,6,0
202007,1,4,1,Empty,4,0,4,0
202007,4,4,1,Empty,2,0,2,0
202007,2,4,1,Empty,52,0,52,0
202007,8,4,1,Empty,12,0,12,0
202007,5,4,1,Empty,26,0,26,0
202007,6,4,1,Loaded,12466,12466,0,142165
202007,3,4,1,Loaded,3960,3960,0,44706
202007,1,4,1,Loaded,482,482,0,5335
202007,4,4,1,Loaded,552,552,0,6089
202007,2,4,1,Loaded,1386,1386,0,16736
202007,8,4,1,Loaded,944,944,0,11761
202007,5,4,1,Loaded,1236,1236,0,15140
202007,9,4,1,Loaded,262,262,0,3225
202007,6,1,2,Empty,620,0,620,0
202007,3,1,2,Empty,5,0,5,0
202007,1,1,2,Empty,4,0,4,0
202007,4,1,2,Empty,110,0,110,0
202007,2,1,2,Empty,4,0,4,0
202007,8,1,2,Empty,347,0,347,0
202007,5,1,2,Empty,651,0,651,0
202007,9,1,2,Empty,150,0,150,0
202007,6,1,2,Loaded,4368,4368,0,70286
202007,3,1,2,Loaded,940,940,0,17932
202007,1,1,2,Loaded,888,888,0,13653
202007,4,1,2,Loaded,127,127,0,1960
202007,2,1,2,Loaded,2422,2422,0,37218
202007,8,1,2,Loaded,497,497,0,11117
202007,5,1,2,Loaded,475,475,0,9341
202007,9,1,2,Loaded,343,343,0,7885
202007,6,2,2,Empty,866,0,866,0
202007,3,2,2,Empty,395,0,395,0
202007,1,2,2,Empty,94,0,94,0
202007,4,2,2,Empty,30,0,30,0
202007,2,2,2,Empty,422,0,422,0
202007,8,2,2,Empty,253,0,253,0
202007,5,2,2,Empty,680,0,680,0
202007,6,2,2,Loaded,156,156,0,1293
202007,3,2,2,Loaded,42,42,0,263
202007,1,2,2,Loaded,21,21,0,201
202007,2,2,2,Loaded,130,130,0,1067
202007,8,2,2,Loaded,2,2,0,0
202007,5,2,2,Loaded,6,6,0,22
202007,6,3,2,Empty,3056,0,3056,0
202007,3,3,2,Empty,500,0,500,0
202007,4,3,2,Empty,620,0,620,0
202007,2,3,2,Empty,12,0,12,0
202007,8,3,2,Empty,958,0,958,0
202007,5,3,2,Empty,1614,0,1614,0
202007,9,3,2,Empty,650,0,650,0
202007,6,3,2,Loaded,9054,9054,0,75886
202007,3,3,2,Loaded,1318,1318,0,10867
202007,1,3,2,Loaded,1436,1436,0,9153
202007,4,3,2,Loaded,66,66,0,620
202007,2,3,2,Loaded,3592,3592,0,25452
202007,8,3,2,Loaded,90,90,0,872
202007,5,3,2,Loaded,660,660,0,5151
202007,9,3,2,Loaded,118,118,0,1027
202007,6,4,2,Empty,4650,0,4650,0
202007,3,4,2,Empty,2070,0,2070,0
202007,1,4,2,Empty,298,0,298,0
202007,4,4,2,Empty,812,0,812,0
202007,2,4,2,Empty,632,0,632,0
202007,8,4,2,Empty,1094,0,1094,0
202007,5,4,2,Empty,896,0,896,0
202007,9,4,2,Empty,356,0,356,0
202007,6,4,2,Loaded,2266,2266,0,18449
202007,3,4,2,Loaded,352,352,0,3037
202007,1,4,2,Loaded,110,110,0,995
202007,4,4,2,Loaded,22,22,0,227
202007,2,4,2,Loaded,428,428,0,2996
202007,8,4,2,Loaded,64,64,0,287
202007,5,4,2,Loaded,46,46,0,240
202007,7,1,1,Empty,3507,0,3507,0
202007,7,1,1,Loaded,1446,1446,0,21002
202007,7,2,1,Empty,25,0,25,0
202007,7,2,1,Loaded,160,160,0,1447
202007,7,3,1,Empty,2998,0,2998,0
202007,7,3,1,Loaded,4362,4362,0,41230
202007,7,4,1,Empty,394,0,394,0
202007,7,4,1,Loaded,570,570,0,5563
202007,7,1,2,Empty,54,0,54,0
202007,7,1,2,Loaded,9613,9613,0,129657
202007,7,2,2,Empty,400,0,400,0
202007,7,2,2,Loaded,606,606,0,4119
202007,7,3,2,Empty,66,0,66,0
202007,7,3,2,Loaded,18082,18082,0,114676
202007,7,4,2,Empty,50,0,50,0
202007,7,4,2,Loaded,2436,2436,0,17357
202006,6,1,1,Empty,594,0,594,0
202006,3,1,1,Empty,72,0,72,0
202006,1,1,1,Empty,358,0,358,0
202006,4,1,1,Empty,3,0,3,0
202006,2,1,1,Empty,517,0,517,0
202006,8,1,1,Empty,62,0,62,0
202006,5,1,1,Empty,28,0,28,0
202006,9,1,1,Empty,2,0,2,0
202006,6,1,1,Loaded,7307,7307,0,126570
202006,3,1,1,Loaded,1175,1175,0,21455
202006,1,1,1,Loaded,955,955,0,17799
202006,4,1,1,Loaded,295,295,0,5874
202006,2,1,1,Loaded,1914,1914,0,33550
202006,8,1,1,Loaded,432,432,0,7588
202006,5,1,1,Loaded,1476,1476,0,26757
202006,9,1,1,Loaded,382,382,0,8343
202006,6,2,1,Empty,11,0,11,0
202006,3,2,1,Empty,7,0,7,0
202006,2,2,1,Empty,2,0,2,0
202006,8,2,1,Empty,2,0,2,0
202006,5,2,1,Empty,6,0,6,0
202006,6,2,1,Loaded,2852,2852,0,43818
202006,3,2,1,Loaded,393,393,0,5435
202006,1,2,1,Loaded,81,81,0,1117
202006,4,2,1,Loaded,76,76,0,1077
202006,2,2,1,Loaded,510,510,0,7438
202006,8,2,1,Loaded,106,106,0,1638
202006,5,2,1,Loaded,681,681,0,10413
202006,9,2,1,Loaded,25,25,0,351
202006,6,3,1,Empty,400,0,400,0
202006,3,3,1,Empty,126,0,126,0
202006,1,3,1,Empty,208,0,208,0
202006,4,3,1,Empty,210,0,210,0
202006,2,3,1,Empty,1708,0,1708,0
202006,8,3,1,Empty,42,0,42,0
202006,5,3,1,Empty,112,0,112,0
202006,9,3,1,Empty,2,0,2,0
202006,6,3,1,Loaded,19460,19460,0,220423
202006,3,3,1,Loaded,4062,4062,0,48898
202006,1,3,1,Loaded,1046,1046,0,12198
202006,4,3,1,Loaded,1332,1332,0,16245
202006,2,3,1,Loaded,4588,4588,0,55907
202006,8,3,1,Loaded,790,790,0,10216
202006,5,3,1,Loaded,3008,3008,0,38098
202006,9,3,1,Loaded,894,894,0,10536
202006,6,4,1,Empty,46,0,46,0
202006,3,4,1,Empty,24,0,24,0
202006,1,4,1,Empty,2,0,2,0
202006,4,4,1,Empty,40,0,40,0
202006,2,4,1,Empty,8,0,8,0
202006,8,4,1,Empty,64,0,64,0
202006,5,4,1,Empty,18,0,18,0
202006,6,4,1,Loaded,10848,10848,0,123167
202006,3,4,1,Loaded,4716,4716,0,53242
202006,1,4,1,Loaded,530,530,0,5871
202006,4,4,1,Loaded,1158,1158,0,12974
202006,2,4,1,Loaded,1398,1398,0,16692
202006,8,4,1,Loaded,1006,1006,0,12485
202006,5,4,1,Loaded,1352,1352,0,16571
202006,9,4,1,Loaded,500,500,0,6286
202006,6,1,2,Empty,785,0,785,0
202006,1,1,2,Empty,1,0,1,0
202006,4,1,2,Empty,180,0,180,0
202006,2,1,2,Empty,210,0,210,0
202006,8,1,2,Empty,136,0,136,0
202006,5,1,2,Empty,423,0,423,0
202006,9,1,2,Empty,207,0,207,0
202006,6,1,2,Loaded,5820,5820,0,100240
202006,3,1,2,Loaded,832,832,0,15603
202006,1,1,2,Loaded,806,806,0,11708
202006,4,1,2,Loaded,128,128,0,2408
202006,2,1,2,Loaded,2170,2170,0,33131
202006,8,1,2,Loaded,382,382,0,8267
202006,5,1,2,Loaded,440,440,0,8658
202006,9,1,2,Loaded,245,245,0,5860
202006,6,2,2,Empty,1580,0,1580,0
202006,3,2,2,Empty,541,0,541,0
202006,1,2,2,Empty,40,0,40,0
202006,4,2,2,Empty,100,0,100,0
202006,2,2,2,Empty,545,0,545,0
202006,8,2,2,Empty,30,0,30,0
202006,5,2,2,Empty,567,0,567,0
202006,9,2,2,Empty,22,0,22,0
202006,6,2,2,Loaded,172,172,0,1342
202006,3,2,2,Loaded,30,30,0,293
202006,1,2,2,Loaded,21,21,0,210
202006,2,2,2,Loaded,170,170,0,1307
202006,8,2,2,Loaded,5,5,0,52
202006,5,2,2,Loaded,9,9,0,96
202006,6,3,2,Empty,4248,0,4248,0
202006,3,3,2,Empty,200,0,200,0
202006,1,3,2,Empty,10,0,10,0
202006,8,3,2,Empty,532,0,532,0
202006,5,3,2,Empty,2308,0,2308,0
202006,9,3,2,Empty,870,0,870,0
202006,6,3,2,Loaded,10210,10210,0,82505
202006,3,3,2,Loaded,884,884,0,7199
202006,1,3,2,Loaded,1342,1342,0,9097
202006,4,3,2,Loaded,56,56,0,425
202006,2,3,2,Loaded,3120,3120,0,21575
202006,8,3,2,Loaded,54,54,0,514
202006,5,3,2,Loaded,360,360,0,2534
202006,9,3,2,Loaded,34,34,0,263
202006,6,4,2,Empty,6546,0,6546,0
202006,3,4,2,Empty,4168,0,4168,0
202006,1,4,2,Empty,808,0,808,0
202006,4,4,2,Empty,2262,0,2262,0
202006,2,4,2,Empty,1606,0,1606,0
202006,8,4,2,Empty,934,0,934,0
202006,5,4,2,Empty,1696,0,1696,0
202006,9,4,2,Empty,498,0,498,0
202006,6,4,2,Loaded,1994,1994,0,16180
202006,3,4,2,Loaded,246,246,0,2269
202006,1,4,2,Loaded,98,98,0,996
202006,4,4,2,Loaded,22,22,0,233
202006,2,4,2,Loaded,468,468,0,3516
202006,8,4,2,Loaded,66,66,0,367
202006,5,4,2,Loaded,68,68,0,416
202006,7,1,1,Empty,2265,0,2265,0
202006,7,1,1,Loaded,821,821,0,11562
202006,7,2,1,Empty,120,0,120,0
202006,7,2,1,Loaded,79,79,0,605
202006,7,3,1,Empty,2156,0,2156,0
202006,7,3,1,Loaded,2560,2560,0,24309
202006,7,4,1,Empty,20,0,20,0
202006,7,4,1,Loaded,280,280,0,2606
202006,7,1,2,Empty,51,0,51,0
202006,7,1,2,Loaded,6702,6702,0,89773
202006,7,2,2,Empty,254,0,254,0
202006,7,2,2,Loaded,398,398,0,2773
202006,7,3,2,Loaded,11588,11588,0,74637
202006,7,4,2,Empty,54,0,54,0
202006,7,4,2,Loaded,1662,1662,0,12067
202005,6,1,1,Empty,1797,0,1797,0
202005,3,1,1,Empty,125,0,125,0
202005,1,1,1,Empty,331,0,331,0
202005,4,1,1,Empty,2,0,2,0
202005,2,1,1,Empty,697,0,697,0
202005,5,1,1,Empty,49,0,49,0
202005,9,1,1,Empty,6,0,6,0
202005,6,1,1,Loaded,6469,6469,0,110095
202005,3,1,1,Loaded,1191,1191,0,21531
202005,1,1,1,Loaded,769,769,0,13419
202005,4,1,1,Loaded,288,288,0,5359
202005,2,1,1,Loaded,1836,1836,0,32886
202005,8,1,1,Loaded,480,480,0,8346
202005,5,1,1,Loaded,1062,1062,0,19307
202005,9,1,1,Loaded,586,586,0,12514
202005,6,2,1,Empty,21,0,21,0
202005,8,2,1,Empty,1,0,1,0
202005,5,2,1,Empty,4,0,4,0
202005,6,2,1,Loaded,3012,3012,0,47131
202005,3,2,1,Loaded,455,455,0,6284
202005,1,2,1,Loaded,85,85,0,1141
202005,4,2,1,Loaded,52,52,0,640
202005,2,2,1,Loaded,610,610,0,9609
202005,8,2,1,Loaded,165,165,0,2740
202005,5,2,1,Loaded,533,533,0,7865
202005,9,2,1,Loaded,32,32,0,474
202005,6,3,1,Empty,1586,0,1586,0
202005,3,3,1,Empty,48,0,48,0
202005,1,3,1,Empty,174,0,174,0
202005,4,3,1,Empty,24,0,24,0
202005,2,3,1,Empty,2616,0,2616,0
202005,8,3,1,Empty,28,0,28,0
202005,5,3,1,Empty,226,0,226,0
202005,9,3,1,Empty,14,0,14,0
202005,6,3,1,Loaded,16516,16516,0,185608
202005,3,3,1,Loaded,3788,3788,0,45393
202005,1,3,1,Loaded,944,944,0,10545
202005,4,3,1,Loaded,826,826,0,9791
202005,2,3,1,Loaded,4440,4440,0,53558
202005,8,3,1,Loaded,1252,1252,0,16650
202005,5,3,1,Loaded,3184,3184,0,40695
202005,9,3,1,Loaded,1204,1204,0,15211
202005,6,4,1,Empty,168,0,168,0
202005,3,4,1,Empty,42,0,42,0
202005,2,4,1,Empty,42,0,42,0
202005,8,4,1,Empty,48,0,48,0
202005,5,4,1,Empty,32,0,32,0
202005,9,4,1,Empty,2,0,2,0
202005,6,4,1,Loaded,13912,13912,0,158370
202005,3,4,1,Loaded,6082,6082,0,69167
202005,1,4,1,Loaded,516,516,0,5716
202005,4,4,1,Loaded,1004,1004,0,11364
202005,2,4,1,Loaded,1586,1586,0,18782
202005,8,4,1,Loaded,714,714,0,9000
202005,5,4,1,Loaded,1988,1988,0,24003
202005,9,4,1,Loaded,462,462,0,5797
202005,6,1,2,Empty,661,0,661,0
202005,3,1,2,Empty,43,0,43,0
202005,4,1,2,Empty,82,0,82,0
202005,2,1,2,Empty,160,0,160,0
202005,8,1,2,Empty,189,0,189,0
202005,5,1,2,Empty,787,0,787,0
202005,9,1,2,Empty,575,0,575,0
202005,6,1,2,Loaded,4540,4540,0,72990
202005,3,1,2,Loaded,818,818,0,15573
202005,1,1,2,Loaded,794,794,0,12482
202005,4,1,2,Loaded,62,62,0,1066
202005,2,1,2,Loaded,2007,2007,0,28577
202005,8,1,2,Loaded,155,155,0,3117
202005,5,1,2,Loaded,463,463,0,8776
202005,9,1,2,Loaded,226,226,0,4964
202005,6,2,2,Empty,1275,0,1275,0
202005,3,2,2,Empty,644,0,644,0
202005,1,2,2,Empty,20,0,20,0
202005,4,2,2,Empty,63,0,63,0
202005,2,2,2,Empty,482,0,482,0
202005,8,2,2,Empty,159,0,159,0
202005,5,2,2,Empty,387,0,387,0
202005,9,2,2,Empty,118,0,118,0
202005,6,2,2,Loaded,173,173,0,1615
202005,3,2,2,Loaded,41,41,0,280
202005,1,2,2,Loaded,18,18,0,140
202005,2,2,2,Loaded,141,141,0,1071
202005,8,2,2,Loaded,3,3,0,42
202005,5,2,2,Loaded,18,18,0,163
202005,9,2,2,Loaded,1,1,0,16
202005,6,3,2,Empty,4564,0,4564,0
202005,3,3,2,Empty,154,0,154,0
202005,4,3,2,Empty,200,0,200,0
202005,2,3,2,Empty,162,0,162,0
202005,8,3,2,Empty,552,0,552,0
202005,5,3,2,Empty,1492,0,1492,0
202005,9,3,2,Empty,974,0,974,0
202005,6,3,2,Loaded,9370,9370,0,74665
202005,3,3,2,Loaded,904,904,0,7085
202005,1,3,2,Loaded,1248,1248,0,8645
202005,4,3,2,Loaded,64,64,0,548
202005,2,3,2,Loaded,3780,3780,0,28577
202005,8,3,2,Loaded,136,136,0,1042
202005,5,3,2,Loaded,534,534,0,3872
202005,9,3,2,Loaded,108,108,0,973
202005,6,4,2,Empty,6446,0,6446,0
202005,3,4,2,Empty,7344,0,7344,0
202005,1,4,2,Empty,462,0,462,0
202005,4,4,2,Empty,2640,0,2640,0
202005,2,4,2,Empty,1232,0,1232,0
202005,8,4,2,Empty,794,0,794,0
202005,5,4,2,Empty,1958,0,1958,0
202005,9,4,2,Empty,792,0,792,0
202005,6,4,2,Loaded,1892,1892,0,17531
202005,3,4,2,Loaded,310,310,0,2741
202005,1,4,2,Loaded,66,66,0,648
202005,4,4,2,Loaded,4,4,0,39
202005,2,4,2,Loaded,450,450,0,3485
202005,8,4,2,Loaded,50,50,0,225
202005,5,4,2,Loaded,168,168,0,506
202005,7,1,1,Empty,4544,0,4544,0
202005,7,1,1,Loaded,1492,1492,0,21583
202005,7,2,1,Empty,42,0,42,0
202005,7,2,1,Loaded,142,142,0,1407
202005,7,3,1,Empty,4260,0,4260,0
202005,7,3,1,Loaded,4028,4028,0,37539
202005,7,4,1,Empty,4,0,4,0
202005,7,4,1,Loaded,728,728,0,8163
202005,7,1,2,Empty,250,0,250,0
202005,7,1,2,Loaded,10210,10210,0,136905
202005,7,2,2,Empty,461,0,461,0
202005,7,2,2,Loaded,663,663,0,5103
202005,7,3,2,Empty,10,0,10,0
202005,7,3,2,Loaded,17872,17872,0,119458
202005,7,4,2,Empty,186,0,186,0
202005,7,4,2,Loaded,2858,2858,0,21561
202004,6,1,1,Empty,1349,0,1349,0
202004,3,1,1,Empty,79,0,79,0
202004,1,1,1,Empty,291,0,291,0
202004,4,1,1,Empty,2,0,2,0
202004,2,1,1,Empty,583,0,583,0
202004,8,1,1,Empty,2,0,2,0
202004,5,1,1,Empty,228,0,228,0
202004,9,1,1,Empty,1,0,1,0
202004,6,1,1,Loaded,6504,6504,0,109645
202004,3,1,1,Loaded,747,747,0,13625
202004,1,1,1,Loaded,589,589,0,10157
202004,4,1,1,Loaded,384,384,0,7390
202004,2,1,1,Loaded,1370,1370,0,23792
202004,8,1,1,Loaded,421,421,0,7255
202004,5,1,1,Loaded,913,913,0,16265
202004,9,1,1,Loaded,209,209,0,4413
202004,6,2,1,Empty,11,0,11,0
202004,3,2,1,Empty,13,0,13,0
202004,2,2,1,Empty,2,0,2,0
202004,8,2,1,Empty,3,0,3,0
202004,5,2,1,Empty,3,0,3,0
202004,6,2,1,Loaded,2811,2811,0,43249
202004,3,2,1,Loaded,458,458,0,6504
202004,1,2,1,Loaded,113,113,0,1592
202004,4,2,1,Loaded,61,61,0,761
202004,2,2,1,Loaded,396,396,0,6096
202004,8,2,1,Loaded,266,266,0,4502
202004,5,2,1,Loaded,594,594,0,9160
202004,9,2,1,Loaded,9,9,0,141
202004,6,3,1,Empty,1680,0,1680,0
202004,3,3,1,Empty,206,0,206,0
202004,1,3,1,Empty,522,0,522,0
202004,4,3,1,Empty,6,0,6,0
202004,2,3,1,Empty,812,0,812,0
202004,8,3,1,Empty,42,0,42,0
202004,5,3,1,Empty,96,0,96,0
202004,9,3,1,Empty,4,0,4,0
202004,6,3,1,Loaded,16064,16064,0,183279
202004,3,3,1,Loaded,1036,1036,0,12038
202004,1,3,1,Loaded,746,746,0,8878
202004,4,3,1,Loaded,538,538,0,6524
202004,2,3,1,Loaded,4872,4872,0,60974
202004,8,3,1,Loaded,1546,1546,0,20327
202004,5,3,1,Loaded,2668,2668,0,34511
202004,9,3,1,Loaded,286,286,0,3959
202004,6,4,1,Empty,46,0,46,0
202004,3,4,1,Empty,24,0,24,0
202004,2,4,1,Empty,4,0,4,0
202004,8,4,1,Empty,54,0,54,0
202004,5,4,1,Empty,6,0,6,0
202004,9,4,1,Empty,2,0,2,0
202004,6,4,1,Loaded,14312,14312,0,160730
202004,3,4,1,Loaded,7986,7986,0,95238
202004,1,4,1,Loaded,656,656,0,7497
202004,4,4,1,Loaded,1146,1146,0,13099
202004,2,4,1,Loaded,2010,2010,0,24923
202004,8,4,1,Loaded,1130,1130,0,14226
202004,5,4,1,Loaded,1630,1630,0,19497
202004,9,4,1,Loaded,274,274,0,3343
202004,6,1,2,Empty,423,0,423,0
202004,3,1,2,Empty,72,0,72,0
202004,1,1,2,Empty,1,0,1,0
202004,4,1,2,Empty,151,0,151,0
202004,2,1,2,Empty,70,0,70,0
202004,8,1,2,Empty,254,0,254,0
202004,5,1,2,Empty,350,0,350,0
202004,9,1,2,Empty,100,0,100,0
202004,6,1,2,Loaded,4377,4377,0,70940
202004,3,1,2,Loaded,733,733,0,12778
202004,1,1,2,Loaded,731,731,0,11552
202004,4,1,2,Loaded,96,96,0,1804
202004,2,1,2,Loaded,2059,2059,0,30897
202004,8,1,2,Loaded,274,274,0,5248
202004,5,1,2,Loaded,428,428,0,8503
202004,9,1,2,Loaded,157,157,0,3444
202004,6,2,2,Empty,1266,0,1266,0
202004,3,2,2,Empty,434,0,434,0
202004,1,2,2,Empty,194,0,194,0
202004,4,2,2,Empty,59,0,59,0
202004,2,2,2,Empty,676,0,676,0
202004,8,2,2,Empty,409,0,409,0
202004,5,2,2,Empty,697,0,697,0
202004,9,2,2,Empty,44,0,44,0
202004,6,2,2,Loaded,199,199,0,1869
202004,3,2,2,Loaded,36,36,0,291
202004,1,2,2,Loaded,6,6,0,65
202004,2,2,2,Loaded,119,119,0,824
202004,8,2,2,Loaded,3,3,0,22
202004,5,2,2,Loaded,8,8,0,76
202004,6,3,2,Empty,4464,0,4464,0
202004,3,3,2,Empty,690,0,690,0
202004,4,3,2,Empty,470,0,470,0
202004,2,3,2,Empty,634,0,634,0
202004,8,3,2,Empty,804,0,804,0
202004,5,3,2,Empty,654,0,654,0
202004,9,3,2,Empty,440,0,440,0
202004,6,3,2,Loaded,8790,8790,0,71273
202004,3,3,2,Loaded,1070,1070,0,8765
202004,1,3,2,Loaded,996,996,0,5794
202004,4,3,2,Loaded,136,136,0,1111
202004,2,3,2,Loaded,3636,3636,0,25233
202004,8,3,2,Loaded,188,188,0,1458
202004,5,3,2,Loaded,560,560,0,4263
202004,9,3,2,Loaded,42,42,0,295
202004,6,4,2,Empty,6098,0,6098,0
202004,3,4,2,Empty,4250,0,4250,0
202004,1,4,2,Empty,188,0,188,0
202004,4,4,2,Empty,1506,0,1506,0
202004,2,4,2,Empty,662,0,662,0
202004,8,4,2,Empty,994,0,994,0
202004,5,4,2,Empty,914,0,914,0
202004,9,4,2,Empty,294,0,294,0
202004,6,4,2,Loaded,1928,1928,0,17609
202004,3,4,2,Loaded,294,294,0,2580
202004,1,4,2,Loaded,70,70,0,631
202004,4,4,2,Loaded,32,32,0,232
202004,2,4,2,Loaded,400,400,0,2825
202004,8,4,2,Loaded,70,70,0,499
202004,5,4,2,Loaded,168,168,0,373
202004,7,1,1,Empty,2771,0,2771,0
202004,7,1,1,Loaded,937,937,0,12871
202004,7,2,1,Empty,43,0,43,0
202004,7,2,1,Loaded,111,111,0,927
202004,7,3,1,Empty,1880,0,1880,0
202004,7,3,1,Loaded,2030,2030,0,18382
202004,7,4,1,Empty,4,0,4,0
202004,7,4,1,Loaded,874,874,0,10221
202004,7,1,2,Empty,47,0,47,0
202004,7,1,2,Loaded,8131,8131,0,112280
202004,7,2,2,Empty,310,0,310,0
202004,7,2,2,Loaded,516,516,0,3426
202004,7,3,2,Loaded,14438,14438,0,92186
202004,7,4,2,Empty,122,0,122,0
202004,7,4,2,Loaded,2324,2324,0,16766
202003,6,1,1,Empty,455,0,455,0
202003,3,1,1,Empty,30,0,30,0
202003,1,1,1,Empty,192,0,192,0
202003,4,1,1,Empty,9,0,9,0
202003,2,1,1,Empty,311,0,311,0
202003,8,1,1,Empty,2,0,2,0
202003,5,1,1,Empty,120,0,120,0
202003,9,1,1,Empty,9,0,9,0
202003,6,1,1,Loaded,7648,7648,0,136786
202003,3,1,1,Loaded,1315,1315,0,24225
202003,1,1,1,Loaded,866,866,0,15477
202003,4,1,1,Loaded,400,400,0,7986
202003,2,1,1,Loaded,1914,1914,0,34038
202003,8,1,1,Loaded,214,214,0,3876
202003,5,1,1,Loaded,842,842,0,14990
202003,9,1,1,Loaded,655,655,0,14735
202003,6,2,1,Empty,46,0,46,0
202003,2,2,1,Empty,3,0,3,0
202003,8,2,1,Empty,3,0,3,0
202003,6,2,1,Loaded,2909,2909,0,45388
202003,3,2,1,Loaded,589,589,0,8527
202003,1,2,1,Loaded,101,101,0,1426
202003,4,2,1,Loaded,89,89,0,1308
202003,2,2,1,Loaded,647,647,0,10219
202003,8,2,1,Loaded,171,171,0,2937
202003,5,2,1,Loaded,864,864,0,13309
202003,9,2,1,Loaded,50,50,0,711
202003,6,3,1,Empty,412,0,412,0
202003,3,3,1,Empty,30,0,30,0
202003,1,3,1,Empty,70,0,70,0
202003,4,3,1,Empty,10,0,10,0
202003,2,3,1,Empty,762,0,762,0
202003,8,3,1,Empty,8,0,8,0
202003,5,3,1,Empty,26,0,26,0
202003,9,3,1,Empty,12,0,12,0
202003,6,3,1,Loaded,18814,18814,0,214465
202003,3,3,1,Loaded,4316,4316,0,52360
202003,1,3,1,Loaded,1144,1144,0,13057
202003,4,3,1,Loaded,1144,1144,0,13771
202003,2,3,1,Loaded,7252,7252,0,88746
202003,8,3,1,Loaded,634,634,0,8198
202003,5,3,1,Loaded,2890,2890,0,36713
202003,9,3,1,Loaded,1354,1354,0,16557
202003,6,4,1,Empty,100,0,100,0
202003,3,4,1,Empty,42,0,42,0
202003,1,4,1,Empty,2,0,2,0
202003,2,4,1,Empty,2,0,2,0
202003,8,4,1,Empty,38,0,38,0
202003,5,4,1,Empty,2,0,2,0
202003,6,4,1,Loaded,6878,6878,0,79556
202003,3,4,1,Loaded,6994,6994,0,86363
202003,1,4,1,Loaded,702,702,0,7811
202003,4,4,1,Loaded,978,978,0,11227
202003,2,4,1,Loaded,1514,1514,0,18057
202003,8,4,1,Loaded,834,834,0,10425
202003,5,4,1,Loaded,1728,1728,0,20786
202003,9,4,1,Loaded,650,650,0,8110
202003,6,1,2,Empty,1517,0,1517,0
202003,3,1,2,Empty,117,0,117,0
202003,1,1,2,Empty,50,0,50,0
202003,4,1,2,Empty,426,0,426,0
202003,2,1,2,Empty,76,0,76,0
202003,8,1,2,Empty,443,0,443,0
202003,5,1,2,Empty,680,0,680,0
202003,9,1,2,Empty,601,0,601,0
202003,6,1,2,Loaded,4785,4785,0,76613
202003,3,1,2,Loaded,731,731,0,13223
202003,1,1,2,Loaded,773,773,0,12104
202003,4,1,2,Loaded,90,90,0,1719
202003,2,1,2,Loaded,1846,1846,0,28020
202003,8,1,2,Loaded,135,135,0,2554
202003,5,1,2,Loaded,520,520,0,10089
202003,9,1,2,Loaded,359,359,0,8433
202003,6,2,2,Empty,1600,0,1600,0
202003,3,2,2,Empty,652,0,652,0
202003,1,2,2,Empty,157,0,157,0
202003,4,2,2,Empty,92,0,92,0
202003,2,2,2,Empty,514,0,514,0
202003,8,2,2,Empty,115,0,115,0
202003,5,2,2,Empty,677,0,677,0
202003,9,2,2,Empty,35,0,35,0
202003,6,2,2,Loaded,219,219,0,1888
202003,3,2,2,Loaded,22,22,0,177
202003,1,2,2,Loaded,16,16,0,144
202003,2,2,2,Loaded,97,97,0,725
202003,5,2,2,Loaded,9,9,0,56
202003,9,2,2,Loaded,3,3,0,55
202003,6,3,2,Empty,6358,0,6358,0
202003,3,3,2,Empty,962,0,962,0
202003,1,3,2,Empty,130,0,130,0
202003,4,3,2,Empty,570,0,570,0
202003,2,3,2,Empty,760,0,760,0
202003,8,3,2,Empty,1304,0,1304,0
202003,5,3,2,Empty,1902,0,1902,0
202003,9,3,2,Empty,1554,0,1554,0
202003,6,3,2,Loaded,10246,10246,0,78733
202003,3,3,2,Loaded,866,866,0,6525
202003,1,3,2,Loaded,1200,1200,0,7972
202003,4,3,2,Loaded,140,140,0,764
202003,2,3,2,Loaded,2954,2954,0,21251
202003,8,3,2,Loaded,32,32,0,286
202003,5,3,2,Loaded,708,708,0,5597
202003,9,3,2,Loaded,104,104,0,717
202003,6,4,2,Empty,3818,0,3818,0
202003,3,4,2,Empty,3998,0,3998,0
202003,1,4,2,Empty,320,0,320,0
202003,4,4,2,Empty,602,0,602,0
202003,2,4,2,Empty,796,0,796,0
202003,8,4,2,Empty,610,0,610,0
202003,5,4,2,Empty,1124,0,1124,0
202003,9,4,2,Empty,454,0,454,0
202003,6,4,2,Loaded,1938,1938,0,15973
202003,3,4,2,Loaded,302,302,0,2784
202003,1,4,2,Loaded,58,58,0,488
202003,4,4,2,Loaded,28,28,0,181
202003,2,4,2,Loaded,344,344,0,2918
202003,8,4,2,Loaded,34,34,0,225
202003,5,4,2,Loaded,116,116,0,245
202003,9,4,2,Loaded,14,14,0,163
202003,7,1,1,Empty,1900,0,1900,0
202003,7,1,1,Loaded,1582,1582,0,22547
202003,7,2,1,Loaded,150,150,0,1493
202003,7,3,1,Empty,2630,0,2630,0
202003,7,3,1,Loaded,3622,3622,0,31257
202003,7,4,1,Empty,12,0,12,0
202003,7,4,1,Loaded,1358,1358,0,15950
202003,7,1,2,Empty,57,0,57,0
202003,7,1,2,Loaded,9197,9197,0,134633
202003,7,2,2,Empty,285,0,285,0
202003,7,2,2,Loaded,547,547,0,4422
202003,7,3,2,Loaded,15134,15134,0,98453
202003,7,4,2,Empty,614,0,614,0
202003,7,4,2,Loaded,2028,2028,0,15825
202002,6,1,1,Empty,1459,0,1459,0
202002,3,1,1,Empty,9,0,9,0
202002,1,1,1,Empty,216,0,216,0
202002,4,1,1,Empty,14,0,14,0
202002,2,1,1,Empty,586,0,586,0
202002,5,1,1,Empty,85,0,85,0
202002,9,1,1,Empty,3,0,3,0
202002,6,1,1,Loaded,8406,8406,0,150626
202002,3,1,1,Loaded,1285,1285,0,23743
202002,1,1,1,Loaded,718,718,0,12676
202002,4,1,1,Loaded,305,305,0,6257
202002,2,1,1,Loaded,1477,1477,0,26603
202002,8,1,1,Loaded,347,347,0,6149
202002,5,1,1,Loaded,870,870,0,15945
202002,9,1,1,Loaded,330,330,0,6936
202002,6,2,1,Empty,31,0,31,0
202002,5,2,1,Empty,5,0,5,0
202002,6,2,1,Loaded,3482,3482,0,54238
202002,3,2,1,Loaded,548,548,0,7849
202002,1,2,1,Loaded,78,78,0,962
202002,4,2,1,Loaded,62,62,0,835
202002,2,2,1,Loaded,527,527,0,8220
202002,8,2,1,Loaded,273,273,0,4569
202002,5,2,1,Loaded,593,593,0,8858
202002,9,2,1,Loaded,31,31,0,434
202002,6,3,1,Empty,756,0,756,0
202002,3,3,1,Empty,56,0,56,0
202002,1,3,1,Empty,206,0,206,0
202002,4,3,1,Empty,18,0,18,0
202002,2,3,1,Empty,1672,0,1672,0
202002,5,3,1,Empty,88,0,88,0
202002,9,3,1,Empty,8,0,8,0
202002,6,3,1,Loaded,19422,19422,0,223597
202002,3,3,1,Loaded,3514,3514,0,42438
202002,1,3,1,Loaded,1074,1074,0,12296
202002,4,3,1,Loaded,912,912,0,10966
202002,2,3,1,Loaded,4916,4916,0,61385
202002,8,3,1,Loaded,796,796,0,10195
202002,5,3,1,Loaded,3154,3154,0,40113
202002,9,3,1,Loaded,1472,1472,0,18970
202002,6,4,1,Empty,192,0,192,0
202002,3,4,1,Empty,10,0,10,0
202002,1,4,1,Empty,4,0,4,0
202002,2,4,1,Empty,22,0,22,0
202002,5,4,1,Empty,50,0,50,0
202002,9,4,1,Empty,2,0,2,0
202002,6,4,1,Loaded,5852,5852,0,68638
202002,3,4,1,Loaded,3684,3684,0,46783
202002,1,4,1,Loaded,302,302,0,3297
202002,4,4,1,Loaded,292,292,0,3428
202002,2,4,1,Loaded,1288,1288,0,15316
202002,8,4,1,Loaded,460,460,0,5597
202002,5,4,1,Loaded,1288,1288,0,15549
202002,9,4,1,Loaded,374,374,0,4594
202002,6,1,2,Empty,982,0,982,0
202002,3,1,2,Empty,315,0,315,0
202002,1,1,2,Empty,103,0,103,0
202002,4,1,2,Empty,414,0,414,0
202002,2,1,2,Empty,67,0,67,0
202002,8,1,2,Empty,450,0,450,0
202002,5,1,2,Empty,841,0,841,0
202002,9,1,2,Empty,180,0,180,0
202002,6,1,2,Loaded,3881,3881,0,60216
202002,3,1,2,Loaded,762,762,0,13537
202002,1,1,2,Loaded,773,773,0,11625
202002,4,1,2,Loaded,138,138,0,2520
202002,2,1,2,Loaded,2143,2143,0,31063
202002,8,1,2,Loaded,136,136,0,2449
202002,5,1,2,Loaded,456,456,0,8555
202002,9,1,2,Loaded,196,196,0,4482
202002,6,2,2,Empty,1656,0,1656,0
202002,3,2,2,Empty,770,0,770,0
202002,1,2,2,Empty,170,0,170,0
202002,4,2,2,Empty,151,0,151,0
202002,2,2,2,Empty,365,0,365,0
202002,8,2,2,Empty,292,0,292,0
202002,5,2,2,Empty,457,0,457,0
202002,9,2,2,Empty,21,0,21,0
202002,6,2,2,Loaded,188,188,0,1546
202002,3,2,2,Loaded,28,28,0,205
202002,1,2,2,Loaded,13,13,0,85
202002,2,2,2,Loaded,122,122,0,772
202002,8,2,2,Loaded,1,1,0,6
202002,5,2,2,Loaded,5,5,0,25
202002,6,3,2,Empty,4140,0,4140,0
202002,3,3,2,Empty,1126,0,1126,0
202002,4,3,2,Empty,532,0,532,0
202002,2,3,2,Empty,392,0,392,0
202002,8,3,2,Empty,1192,0,1192,0
202002,5,3,2,Empty,2544,0,2544,0
202002,9,3,2,Empty,1316,0,1316,0
202002,6,3,2,Loaded,9642,9642,0,72091
202002,3,3,2,Loaded,1392,1392,0,11440
202002,1,3,2,Loaded,1210,1210,0,7848
202002,4,3,2,Loaded,126,126,0,577
202002,2,3,2,Loaded,3650,3650,0,24987
202002,8,3,2,Loaded,52,52,0,371
202002,5,3,2,Loaded,660,660,0,5474
202002,9,3,2,Loaded,118,118,0,863
202002,6,4,2,Empty,3484,0,3484,0
202002,3,4,2,Empty,4142,0,4142,0
202002,1,4,2,Empty,410,0,410,0
202002,4,4,2,Empty,490,0,490,0
202002,2,4,2,Empty,1188,0,1188,0
202002,8,4,2,Empty,1026,0,1026,0
202002,5,4,2,Empty,1238,0,1238,0
202002,9,4,2,Empty,466,0,466,0
202002,6,4,2,Loaded,1970,1970,0,16971
202002,3,4,2,Loaded,304,304,0,2634
202002,1,4,2,Loaded,62,62,0,651
202002,4,4,2,Loaded,20,20,0,150
202002,2,4,2,Loaded,512,512,0,3430
202002,8,4,2,Loaded,52,52,0,356
202002,5,4,2,Loaded,68,68,0,172
202002,7,1,1,Empty,2467,0,2467,0
202002,7,1,1,Loaded,1083,1083,0,14918
202002,7,2,1,Empty,1,0,1,0
202002,7,2,1,Loaded,137,137,0,1497
202002,7,3,1,Empty,2700,0,2700,0
202002,7,3,1,Loaded,2720,2720,0,22259
202002,7,4,1,Empty,10,0,10,0
202002,7,4,1,Loaded,1006,1006,0,11990
202002,7,1,2,Empty,51,0,51,0
202002,7,1,2,Loaded,8523,8523,0,116144
202002,7,2,2,Empty,422,0,422,0
202002,7,2,2,Loaded,477,477,0,3687
202002,7,3,2,Loaded,14810,14810,0,93491
202002,7,4,2,Empty,156,0,156,0
202002,7,4,2,Loaded,2134,2134,0,15686
202001,6,1,1,Empty,1784,0,1784,0
202001,3,1,1,Empty,20,0,20,0
202001,1,1,1,Empty,111,0,111,0
202001,4,1,1,Empty,2,0,2,0
202001,2,1,1,Empty,981,0,981,0
202001,8,1,1,Empty,50,0,50,0
202001,5,1,1,Empty,212,0,212,0
202001,9,1,1,Empty,4,0,4,0
202001,6,1,1,Loaded,8033,8033,0,143774
202001,3,1,1,Loaded,1440,1440,0,27173
202001,1,1,1,Loaded,761,761,0,13027
202001,4,1,1,Loaded,343,343,0,7130
202001,2,1,1,Loaded,1704,1704,0,30127
202001,8,1,1,Loaded,90,90,0,1579
202001,5,1,1,Loaded,931,931,0,17145
202001,9,1,1,Loaded,419,419,0,9049
202001,6,2,1,Empty,27,0,27,0
202001,1,2,1,Empty,1,0,1,0
202001,5,2,1,Empty,4,0,4,0
202001,6,2,1,Loaded,3336,3336,0,52440
202001,3,2,1,Loaded,439,439,0,6262
202001,1,2,1,Loaded,90,90,0,1276
202001,4,2,1,Loaded,65,65,0,907
202001,2,2,1,Loaded,621,621,0,9609
202001,8,2,1,Loaded,68,68,0,1058
202001,5,2,1,Loaded,454,454,0,6828
202001,9,2,1,Loaded,22,22,0,332
202001,6,3,1,Empty,2524,0,2524,0
202001,3,3,1,Empty,206,0,206,0
202001,1,3,1,Empty,268,0,268,0
202001,4,3,1,Empty,8,0,8,0
202001,2,3,1,Empty,2382,0,2382,0
202001,5,3,1,Empty,104,0,104,0
202001,9,3,1,Empty,18,0,18,0
202001,6,3,1,Loaded,19172,19172,0,227706
202001,3,3,1,Loaded,3272,3272,0,39483
202001,1,3,1,Loaded,912,912,0,10867
202001,4,3,1,Loaded,694,694,0,8352
202001,2,3,1,Loaded,5090,5090,0,63081
202001,8,3,1,Loaded,238,238,0,2655
202001,5,3,1,Loaded,2748,2748,0,35130
202001,9,3,1,Loaded,878,878,0,11014
202001,6,4,1,Empty,88,0,88,0
202001,1,4,1,Empty,2,0,2,0
202001,5,4,1,Empty,40,0,40,0
202001,6,4,1,Loaded,5882,5882,0,69372
202001,3,4,1,Loaded,2304,2304,0,29441
202001,1,4,1,Loaded,574,574,0,6210
202001,4,4,1,Loaded,196,196,0,2213
202001,2,4,1,Loaded,1436,1436,0,17629
202001,8,4,1,Loaded,68,68,0,778
202001,5,4,1,Loaded,1364,1364,0,16798
202001,9,4,1,Loaded,358,358,0,4377
202001,6,1,2,Empty,289,0,289,0
202001,3,1,2,Empty,332,0,332,0
202001,1,1,2,Empty,75,0,75,0
202001,4,1,2,Empty,259,0,259,0
202001,2,1,2,Empty,5,0,5,0
202001,8,1,2,Empty,290,0,290,0
202001,5,1,2,Empty,207,0,207,0
202001,9,1,2,Empty,300,0,300,0
202001,6,1,2,Loaded,4850,4850,0,74997
202001,3,1,2,Loaded,881,881,0,15030
202001,1,1,2,Loaded,1121,1121,0,17951
202001,4,1,2,Loaded,132,132,0,2366
202001,2,1,2,Loaded,2252,2252,0,31996
202001,8,1,2,Loaded,98,98,0,1714
202001,5,1,2,Loaded,517,517,0,9894
202001,9,1,2,Loaded,377,377,0,8601
202001,6,2,2,Empty,2536,0,2536,0
202001,3,2,2,Empty,761,0,761,0
202001,1,2,2,Empty,315,0,315,0
202001,4,2,2,Empty,89,0,89,0
202001,2,2,2,Empty,586,0,586,0
202001,8,2,2,Empty,120,0,120,0
202001,5,2,2,Empty,563,0,563,0
202001,9,2,2,Empty,86,0,86,0
202001,6,2,2,Loaded,285,285,0,2221
202001,3,2,2,Loaded,69,69,0,367
202001,1,2,2,Loaded,28,28,0,164
202001,2,2,2,Loaded,103,103,0,602
202001,5,2,2,Loaded,11,11,0,76
202001,6,3,2,Empty,2378,0,2378,0
202001,3,3,2,Empty,1506,0,1506,0
202001,1,3,2,Empty,102,0,102,0
202001,4,3,2,Empty,286,0,286,0
202001,2,3,2,Empty,282,0,282,0
202001,8,3,2,Empty,988,0,988,0
202001,5,3,2,Empty,2114,0,2114,0
202001,9,3,2,Empty,760,0,760,0
202001,6,3,2,Loaded,11512,11512,0,85069
202001,3,3,2,Loaded,1442,1442,0,9947
202001,1,3,2,Loaded,1658,1658,0,10557
202001,4,3,2,Loaded,96,96,0,478
202001,2,3,2,Loaded,4114,4114,0,27652
202001,8,3,2,Loaded,12,12,0,113
202001,5,3,2,Loaded,714,714,0,5386
202001,9,3,2,Loaded,92,92,0,611
202001,6,4,2,Empty,3028,0,3028,0
202001,3,4,2,Empty,5160,0,5160,0
202001,1,4,2,Empty,348,0,348,0
202001,4,4,2,Empty,394,0,394,0
202001,2,4,2,Empty,1148,0,1148,0
202001,8,4,2,Empty,700,0,700,0
202001,5,4,2,Empty,1036,0,1036,0
202001,9,4,2,Empty,484,0,484,0
202001,6,4,2,Loaded,2364,2364,0,20039
202001,3,4,2,Loaded,460,460,0,3635
202001,1,4,2,Loaded,160,160,0,1458
202001,4,4,2,Loaded,36,36,0,243
202001,2,4,2,Loaded,550,550,0,3671
202001,5,4,2,Loaded,112,112,0,244
202001,9,4,2,Loaded,2,2,0,25
202001,7,1,1,Empty,3772,0,3772,0
202001,7,1,1,Loaded,955,955,0,12836
202001,7,2,1,Empty,4,0,4,0
202001,7,2,1,Loaded,146,146,0,1872
202001,7,3,1,Empty,4402,0,4402,0
202001,7,3,1,Loaded,2708,2708,0,24886
202001,7,4,1,Empty,2,0,2,0
202001,7,4,1,Loaded,356,356,0,3086
202001,7,1,2,Empty,27,0,27,0
202001,7,1,2,Loaded,10663,10663,0,147948
202001,7,2,2,Empty,805,0,805,0
202001,7,2,2,Loaded,684,684,0,5078
202001,7,3,2,Empty,164,0,164,0
202001,7,3,2,Loaded,17754,17754,0,110028
202001,7,4,2,Empty,958,0,958,0
202001,7,4,2,Loaded,2722,2722,0,18495
201912,6,1,1,Empty,2033,0,2033,0
201912,3,1,1,Empty,78,0,78,0
201912,1,1,1,Empty,203,0,203,0
201912,4,1,1,Empty,4,0,4,0
201912,2,1,1,Empty,1091,0,1091,0
201912,8,1,1,Empty,50,0,50,0
201912,5,1,1,Empty,149,0,149,0
201912,9,1,1,Empty,10,0,10,0
201912,6,1,1,Loaded,9209,9209,0,162254
201912,3,1,1,Loaded,1415,1415,0,26421
201912,1,1,1,Loaded,554,554,0,10060
201912,4,1,1,Loaded,328,328,0,6608
201912,2,1,1,Loaded,2001,2001,0,35275
201912,8,1,1,Loaded,89,89,0,1481
201912,5,1,1,Loaded,884,884,0,16506
201912,9,1,1,Loaded,363,363,0,8543
201912,6,2,1,Empty,115,0,115,0
201912,1,2,1,Empty,1,0,1,0
201912,2,2,1,Empty,2,0,2,0
201912,5,2,1,Empty,4,0,4,0
201912,6,2,1,Loaded,3165,3165,0,48137
201912,3,2,1,Loaded,445,445,0,6414
201912,1,2,1,Loaded,76,76,0,1147
201912,4,2,1,Loaded,68,68,0,876
201912,2,2,1,Loaded,725,725,0,10908
201912,8,2,1,Loaded,33,33,0,506
201912,5,2,1,Loaded,528,528,0,8074
201912,9,2,1,Loaded,11,11,0,157
201912,6,3,1,Empty,2156,0,2156,0
201912,3,3,1,Empty,106,0,106,0
201912,1,3,1,Empty,368,0,368,0
201912,4,3,1,Empty,22,0,22,0
201912,2,3,1,Empty,1936,0,1936,0
201912,5,3,1,Empty,86,0,86,0
201912,9,3,1,Empty,14,0,14,0
201912,6,3,1,Loaded,26526,26526,0,311478
201912,3,3,1,Loaded,3404,3404,0,40075
201912,1,3,1,Loaded,636,636,0,7320
201912,4,3,1,Loaded,794,794,0,9345
201912,2,3,1,Loaded,6544,6544,0,81976
201912,8,3,1,Loaded,70,70,0,777
201912,5,3,1,Loaded,3100,3100,0,39642
201912,9,3,1,Loaded,980,980,0,12499
201912,6,4,1,Empty,42,0,42,0
201912,3,4,1,Empty,2,0,2,0
201912,1,4,1,Empty,6,0,6,0
201912,2,4,1,Empty,8,0,8,0
201912,5,4,1,Empty,18,0,18,0
201912,6,4,1,Loaded,6526,6526,0,77322
201912,3,4,1,Loaded,1250,1250,0,14440
201912,1,4,1,Loaded,352,352,0,3788
201912,4,4,1,Loaded,202,202,0,2361
201912,2,4,1,Loaded,1826,1826,0,21789
201912,8,4,1,Loaded,20,20,0,235
201912,5,4,1,Loaded,1140,1140,0,13908
201912,9,4,1,Loaded,146,146,0,1752
201912,6,1,2,Empty,442,0,442,0
201912,3,1,2,Empty,153,0,153,0
201912,1,1,2,Empty,2,0,2,0
201912,4,1,2,Empty,149,0,149,0
201912,2,1,2,Empty,15,0,15,0
201912,8,1,2,Empty,355,0,355,0
201912,5,1,2,Empty,378,0,378,0
201912,9,1,2,Empty,219,0,219,0
201912,6,1,2,Loaded,4457,4457,0,64825
201912,3,1,2,Loaded,595,595,0,10103
201912,1,1,2,Loaded,517,517,0,7063
201912,4,1,2,Loaded,152,152,0,2625
201912,2,1,2,Loaded,2355,2355,0,31527
201912,8,1,2,Loaded,54,54,0,798
201912,5,1,2,Loaded,468,468,0,8382
201912,9,1,2,Loaded,268,268,0,6416
201912,6,2,2,Empty,1968,0,1968,0
201912,3,2,2,Empty,441,0,441,0
201912,1,2,2,Empty,34,0,34,0
201912,4,2,2,Empty,86,0,86,0
201912,2,2,2,Empty,736,0,736,0
201912,8,2,2,Empty,205,0,205,0
201912,5,2,2,Empty,633,0,633,0
201912,9,2,2,Empty,36,0,36,0
201912,6,2,2,Loaded,240,240,0,1953
201912,3,2,2,Loaded,31,31,0,216
201912,1,2,2,Loaded,8,8,0,55
201912,2,2,2,Loaded,123,123,0,777
201912,5,2,2,Loaded,13,13,0,73
201912,6,3,2,Empty,4188,0,4188,0
201912,3,3,2,Empty,1518,0,1518,0
201912,1,3,2,Empty,2,0,2,0
201912,4,3,2,Empty,136,0,136,0
201912,2,3,2,Empty,886,0,886,0
201912,8,3,2,Empty,1418,0,1418,0
201912,5,3,2,Empty,1424,0,1424,0
201912,9,3,2,Empty,1056,0,1056,0
201912,6,3,2,Loaded,11230,11230,0,76594
201912,3,3,2,Loaded,966,966,0,6710
201912,1,3,2,Loaded,882,882,0,4935
201912,4,3,2,Loaded,128,128,0,690
201912,2,3,2,Loaded,3858,3858,0,25353
201912,8,3,2,Loaded,10,10,0,62
201912,5,3,2,Loaded,676,676,0,4663
201912,9,3,2,Loaded,88,88,0,864
201912,6,4,2,Empty,4012,0,4012,0
201912,3,4,2,Empty,3322,0,3322,0
201912,1,4,2,Empty,4,0,4,0
201912,4,4,2,Empty,558,0,558,0
201912,2,4,2,Empty,772,0,772,0
201912,8,4,2,Empty,564,0,564,0
201912,5,4,2,Empty,1888,0,1888,0
201912,9,4,2,Empty,162,0,162,0
201912,6,4,2,Loaded,2404,2404,0,19153
201912,3,4,2,Loaded,302,302,0,2938
201912,1,4,2,Loaded,36,36,0,295
201912,4,4,2,Loaded,48,48,0,154
201912,2,4,2,Loaded,608,608,0,4278
201912,5,4,2,Loaded,164,164,0,456
201912,9,4,2,Loaded,2,2,0,22
201912,7,1,1,Empty,5256,0,5256,0
201912,7,1,1,Loaded,1303,1303,0,17864
201912,7,2,1,Empty,1,0,1,0
201912,7,2,1,Loaded,223,223,0,2752
201912,7,3,1,Empty,4526,0,4526,0
201912,7,3,1,Loaded,2438,2438,0,19578
201912,7,4,1,Empty,2,0,2,0
201912,7,4,1,Loaded,406,406,0,3351
201912,7,1,2,Empty,63,0,63,0
201912,7,1,2,Loaded,9117,9117,0,122682
201912,7,2,2,Empty,486,0,486,0
201912,7,2,2,Loaded,524,524,0,3820
201912,7,3,2,Empty,8,0,8,0
201912,7,3,2,Loaded,15322,15322,0,93770
201912,7,4,2,Empty,422,0,422,0
201912,7,4,2,Loaded,2284,2284,0,16947
201911,6,1,1,Empty,1291,0,1291,0
201911,3,1,1,Empty,57,0,57,0
201911,1,1,1,Empty,437,0,437,0
201911,2,1,1,Empty,1069,0,1069,0
201911,8,1,1,Empty,60,0,60,0
201911,5,1,1,Empty,99,0,99,0
201911,9,1,1,Empty,1,0,1,0
201911,6,1,1,Loaded,8930,8930,0,157356
201911,3,1,1,Loaded,1417,1417,0,26127
201911,1,1,1,Loaded,741,741,0,13156
201911,4,1,1,Loaded,21,21,0,346
201911,2,1,1,Loaded,1872,1872,0,33258
201911,8,1,1,Loaded,71,71,0,1020
201911,5,1,1,Loaded,1056,1056,0,19935
201911,9,1,1,Loaded,326,326,0,7053
201911,6,2,1,Empty,23,0,23,0
201911,3,2,1,Empty,1,0,1,0
201911,2,2,1,Empty,1,0,1,0
201911,5,2,1,Empty,23,0,23,0
201911,6,2,1,Loaded,3047,3047,0,46627
201911,3,2,1,Loaded,329,329,0,4539
201911,1,2,1,Loaded,96,96,0,1369
201911,4,2,1,Loaded,9,9,0,148
201911,2,2,1,Loaded,669,669,0,10222
201911,8,2,1,Loaded,27,27,0,393
201911,5,2,1,Loaded,497,497,0,7724
201911,9,2,1,Loaded,9,9,0,131
201911,6,3,1,Empty,588,0,588,0
201911,3,3,1,Empty,132,0,132,0
201911,1,3,1,Empty,270,0,270,0
201911,2,3,1,Empty,1278,0,1278,0
201911,5,3,1,Empty,88,0,88,0
201911,9,3,1,Empty,6,0,6,0
201911,6,3,1,Loaded,23000,23000,0,267027
201911,3,3,1,Loaded,4016,4016,0,47724
201911,1,3,1,Loaded,1476,1476,0,18297
201911,4,3,1,Loaded,228,228,0,2776
201911,2,3,1,Loaded,7226,7226,0,90185
201911,8,3,1,Loaded,74,74,0,799
201911,5,3,1,Loaded,3122,3122,0,39691
201911,9,3,1,Loaded,1688,1688,0,21733
201911,6,4,1,Empty,44,0,44,0
201911,3,4,1,Empty,4,0,4,0
201911,1,4,1,Empty,8,0,8,0
201911,2,4,1,Empty,10,0,10,0
201911,5,4,1,Empty,34,0,34,0
201911,6,4,1,Loaded,5658,5658,0,66696
201911,3,4,1,Loaded,1184,1184,0,13855
201911,1,4,1,Loaded,540,540,0,5856
201911,4,4,1,Loaded,24,24,0,253
201911,2,4,1,Loaded,1600,1600,0,19210
201911,8,4,1,Loaded,38,38,0,455
201911,5,4,1,Loaded,906,906,0,11572
201911,9,4,1,Loaded,184,184,0,2206
201911,6,1,2,Empty,934,0,934,0
201911,3,1,2,Empty,60,0,60,0
201911,4,1,2,Empty,50,0,50,0
201911,2,1,2,Empty,6,0,6,0
201911,8,1,2,Empty,262,0,262,0
201911,5,1,2,Empty,730,0,730,0
201911,9,1,2,Empty,200,0,200,0
201911,6,1,2,Loaded,4844,4844,0,73768
201911,3,1,2,Loaded,828,828,0,14550
201911,1,1,2,Loaded,1047,1047,0,15044
201911,4,1,2,Loaded,11,11,0,130
201911,2,1,2,Loaded,2900,2900,0,42559
201911,8,1,2,Loaded,132,132,0,2131
201911,5,1,2,Loaded,614,614,0,11368
201911,9,1,2,Loaded,250,250,0,5743
201911,6,2,2,Empty,1987,0,1987,0
201911,3,2,2,Empty,490,0,490,0
201911,1,2,2,Empty,205,0,205,0
201911,4,2,2,Empty,13,0,13,0
201911,2,2,2,Empty,725,0,725,0
201911,8,2,2,Empty,52,0,52,0
201911,5,2,2,Empty,618,0,618,0
201911,9,2,2,Empty,61,0,61,0
201911,6,2,2,Loaded,303,303,0,2347
201911,3,2,2,Loaded,50,50,0,307
201911,1,2,2,Loaded,13,13,0,95
201911,2,2,2,Loaded,139,139,0,839
201911,5,2,2,Loaded,9,9,0,44
201911,6,3,2,Empty,8916,0,8916,0
201911,3,3,2,Empty,1216,0,1216,0
201911,4,3,2,Empty,68,0,68,0
201911,2,3,2,Empty,1456,0,1456,0
201911,8,3,2,Empty,1866,0,1866,0
201911,5,3,2,Empty,2722,0,2722,0
201911,9,3,2,Empty,1142,0,1142,0
201911,6,3,2,Loaded,11682,11682,0,82465
201911,3,3,2,Loaded,948,948,0,7086
201911,1,3,2,Loaded,1584,1584,0,10152
201911,4,3,2,Loaded,12,12,0,104
201911,2,3,2,Loaded,4796,4796,0,32780
201911,8,3,2,Loaded,20,20,0,186
201911,5,3,2,Loaded,698,698,0,4757
201911,9,3,2,Loaded,124,124,0,1365
201911,6,4,2,Empty,1854,0,1854,0
201911,3,4,2,Empty,1312,0,1312,0
201911,1,4,2,Empty,440,0,440,0
201911,4,4,2,Empty,38,0,38,0
201911,2,4,2,Empty,1100,0,1100,0
201911,8,4,2,Empty,652,0,652,0
201911,5,4,2,Empty,558,0,558,0
201911,9,4,2,Empty,94,0,94,0
201911,6,4,2,Loaded,2340,2340,0,19817
201911,3,4,2,Loaded,380,380,0,3843
201911,1,4,2,Loaded,76,76,0,621
201911,4,4,2,Loaded,2,2,0,25
201911,2,4,2,Loaded,598,598,0,4087
201911,8,4,2,Loaded,110,110,0,641
201911,5,4,2,Loaded,192,192,0,504
201911,7,1,1,Empty,3535,0,3535,0
201911,7,1,1,Loaded,1149,1149,0,15837
201911,7,2,1,Empty,4,0,4,0
201911,7,2,1,Loaded,178,178,0,2039
201911,7,3,1,Empty,2938,0,2938,0
201911,7,3,1,Loaded,3336,3336,0,29634
201911,7,4,1,Empty,22,0,22,0
201911,7,4,1,Loaded,446,446,0,3972
201911,7,1,2,Empty,134,0,134,0
201911,7,1,2,Loaded,12814,12814,0,170834
201911,7,2,2,Empty,386,0,386,0
201911,7,2,2,Loaded,825,825,0,6193
201911,7,3,2,Empty,72,0,72,0
201911,7,3,2,Loaded,23478,23478,0,144194
201911,7,4,2,Empty,86,0,86,0
201911,7,4,2,Loaded,3404,3404,0,24323
201910,6,1,1,Empty,1018,0,1018,0
201910,3,1,1,Empty,74,0,74,0
201910,1,1,1,Empty,145,0,145,0
201910,4,1,1,Empty,19,0,19,0
201910,2,1,1,Empty,313,0,313,0
201910,5,1,1,Empty,8,0,8,0
201910,9,1,1,Empty,11,0,11,0
201910,6,1,1,Loaded,9439,9439,0,166421
201910,3,1,1,Loaded,1487,1487,0,27684
201910,1,1,1,Loaded,789,789,0,14239
201910,4,1,1,Loaded,324,324,0,6053
201910,2,1,1,Loaded,1623,1623,0,29021
201910,8,1,1,Loaded,61,61,0,837
201910,5,1,1,Loaded,1010,1010,0,18369
201910,9,1,1,Loaded,320,320,0,7277
201910,6,2,1,Empty,86,0,86,0
201910,3,2,1,Empty,9,0,9,0
201910,4,2,1,Empty,1,0,1,0
201910,2,2,1,Empty,1,0,1,0
201910,5,2,1,Empty,1,0,1,0
201910,6,2,1,Loaded,3236,3236,0,48819
201910,3,2,1,Loaded,445,445,0,6144
201910,1,2,1,Loaded,63,63,0,807
201910,4,2,1,Loaded,79,79,0,969
201910,2,2,1,Loaded,502,502,0,7506
201910,8,2,1,Loaded,31,31,0,469
201910,5,2,1,Loaded,464,464,0,6548
201910,9,2,1,Loaded,24,24,0,349
201910,6,3,1,Empty,566,0,566,0
201910,3,3,1,Empty,64,0,64,0
201910,1,3,1,Empty,30,0,30,0
201910,4,3,1,Empty,18,0,18,0
201910,2,3,1,Empty,1300,0,1300,0
201910,5,3,1,Empty,62,0,62,0
201910,9,3,1,Empty,14,0,14,0
201910,6,3,1,Loaded,24624,24624,0,284526
201910,3,3,1,Loaded,4462,4462,0,53750
201910,1,3,1,Loaded,1266,1266,0,14193
201910,4,3,1,Loaded,1344,1344,0,16269
201910,2,3,1,Loaded,5090,5090,0,61918
201910,8,3,1,Loaded,76,76,0,813
201910,5,3,1,Loaded,3078,3078,0,39203
201910,9,3,1,Loaded,1550,1550,0,19224
201910,6,4,1,Empty,176,0,176,0
201910,3,4,1,Empty,4,0,4,0
201910,2,4,1,Empty,18,0,18,0
201910,6,4,1,Loaded,6498,6498,0,74555
201910,3,4,1,Loaded,1340,1340,0,15705
201910,1,4,1,Loaded,382,382,0,4295
201910,4,4,1,Loaded,234,234,0,2575
201910,2,4,1,Loaded,1712,1712,0,20687
201910,8,4,1,Loaded,20,20,0,218
201910,5,4,1,Loaded,1158,1158,0,14266
201910,9,4,1,Loaded,288,288,0,3572
201910,6,1,2,Empty,837,0,837,0
201910,3,1,2,Empty,203,0,203,0
201910,4,1,2,Empty,227,0,227,0
201910,8,1,2,Empty,256,0,256,0
201910,5,1,2,Empty,492,0,492,0
201910,6,1,2,Loaded,5780,5780,0,91619
201910,3,1,2,Loaded,987,987,0,16178
201910,1,1,2,Loaded,1041,1041,0,15024
201910,4,1,2,Loaded,157,157,0,2877
201910,2,1,2,Loaded,2576,2576,0,39065
201910,8,1,2,Loaded,155,155,0,2855
201910,5,1,2,Loaded,688,688,0,12859
201910,9,1,2,Loaded,358,358,0,8252
201910,6,2,2,Empty,1493,0,1493,0
201910,3,2,2,Empty,274,0,274,0
201910,1,2,2,Empty,78,0,78,0
201910,4,2,2,Empty,77,0,77,0
201910,2,2,2,Empty,353,0,353,0
201910,8,2,2,Empty,239,0,239,0
201910,5,2,2,Empty,167,0,167,0
201910,9,2,2,Empty,58,0,58,0
201910,6,2,2,Loaded,280,280,0,1996
201910,3,2,2,Loaded,54,54,0,354
201910,1,2,2,Loaded,25,25,0,152
201910,2,2,2,Loaded,119,119,0,830
201910,5,2,2,Loaded,7,7,0,48
201910,6,3,2,Empty,6900,0,6900,0
201910,3,3,2,Empty,2730,0,2730,0
201910,4,3,2,Empty,434,0,434,0
201910,2,3,2,Empty,678,0,678,0
201910,8,3,2,Empty,1474,0,1474,0
201910,5,3,2,Empty,2278,0,2278,0
201910,9,3,2,Empty,1352,0,1352,0
201910,6,3,2,Loaded,13864,13864,0,100985
201910,3,3,2,Loaded,1336,1336,0,9647
201910,1,3,2,Loaded,1474,1474,0,9090
201910,4,3,2,Loaded,150,150,0,829
201910,2,3,2,Loaded,4026,4026,0,28278
201910,8,3,2,Loaded,52,52,0,401
201910,5,3,2,Loaded,802,802,0,5795
201910,9,3,2,Loaded,210,210,0,2054
201910,6,4,2,Empty,3054,0,3054,0
201910,3,4,2,Empty,1002,0,1002,0
201910,1,4,2,Empty,558,0,558,0
201910,4,4,2,Empty,380,0,380,0
201910,2,4,2,Empty,1274,0,1274,0
201910,8,4,2,Empty,474,0,474,0
201910,5,4,2,Empty,470,0,470,0
201910,9,4,2,Empty,140,0,140,0
201910,6,4,2,Loaded,2488,2488,0,20852
201910,3,4,2,Loaded,380,380,0,3278
201910,1,4,2,Loaded,90,90,0,909
201910,4,4,2,Loaded,80,80,0,330
201910,2,4,2,Loaded,550,550,0,4462
201910,8,4,2,Loaded,50,50,0,315
201910,5,4,2,Loaded,118,118,0,328
201910,9,4,2,Loaded,4,4,0,43
201910,7,1,1,Empty,2030,0,2030,0
201910,7,1,1,Loaded,1072,1072,0,13949
201910,7,2,1,Empty,4,0,4,0
201910,7,2,1,Loaded,175,175,0,2062
201910,7,3,1,Empty,1744,0,1744,0
201910,7,3,1,Loaded,2256,2256,0,18084
201910,7,4,1,Loaded,308,308,0,2613
201910,7,1,2,Empty,64,0,64,0
201910,7,1,2,Loaded,9350,9350,0,123579
201910,7,2,2,Empty,369,0,369,0
201910,7,2,2,Loaded,636,636,0,4485
201910,7,3,2,Empty,18,0,18,0
201910,7,3,2,Loaded,16396,16396,0,97536
201910,7,4,2,Empty,44,0,44,0
201910,7,4,2,Loaded,2786,2786,0,19546
201909,6,1,1,Empty,1031,0,1031,0
201909,3,1,1,Empty,239,0,239,0
201909,1,1,1,Empty,401,0,401,0
201909,4,1,1,Empty,17,0,17,0
201909,2,1,1,Empty,1118,0,1118,0
201909,8,1,1,Empty,60,0,60,0
201909,5,1,1,Empty,272,0,272,0
201909,9,1,1,Empty,7,0,7,0
201909,6,1,1,Loaded,7163,7163,0,124932
201909,3,1,1,Loaded,1094,1094,0,19858
201909,1,1,1,Loaded,538,538,0,9220
201909,4,1,1,Loaded,398,398,0,7090
201909,2,1,1,Loaded,1317,1317,0,23608
201909,8,1,1,Loaded,46,46,0,650
201909,5,1,1,Loaded,670,670,0,12648
201909,9,1,1,Loaded,97,97,0,2112
201909,6,2,1,Empty,37,0,37,0
201909,3,2,1,Empty,2,0,2,0
201909,5,2,1,Empty,2,0,2,0
201909,6,2,1,Loaded,2334,2334,0,34457
201909,3,2,1,Loaded,268,268,0,3598
201909,1,2,1,Loaded,55,55,0,706
201909,4,2,1,Loaded,86,86,0,1408
201909,2,2,1,Loaded,467,467,0,7345
201909,8,2,1,Loaded,27,27,0,379
201909,5,2,1,Loaded,283,283,0,4009
201909,9,2,1,Loaded,23,23,0,397
201909,6,3,1,Empty,526,0,526,0
201909,3,3,1,Empty,158,0,158,0
201909,1,3,1,Empty,306,0,306,0
201909,4,3,1,Empty,8,0,8,0
201909,2,3,1,Empty,1438,0,1438,0
201909,5,3,1,Empty,248,0,248,0
201909,9,3,1,Empty,14,0,14,0
201909,6,3,1,Loaded,19138,19138,0,216336
201909,3,3,1,Loaded,4162,4162,0,50162
201909,1,3,1,Loaded,766,766,0,8155
201909,4,3,1,Loaded,876,876,0,10654
201909,2,3,1,Loaded,3136,3136,0,36615
201909,8,3,1,Loaded,86,86,0,867
201909,5,3,1,Loaded,1984,1984,0,25361
201909,9,3,1,Loaded,466,466,0,5641
201909,6,4,1,Empty,96,0,96,0
201909,3,4,1,Empty,16,0,16,0
201909,1,4,1,Empty,2,0,2,0
201909,4,4,1,Empty,16,0,16,0
201909,2,4,1,Empty,4,0,4,0
201909,5,4,1,Empty,10,0,10,0
201909,6,4,1,Loaded,7672,7672,0,87203
201909,3,4,1,Loaded,1266,1266,0,14593
201909,1,4,1,Loaded,352,352,0,3833
201909,4,4,1,Loaded,314,314,0,3382
201909,2,4,1,Loaded,1496,1496,0,18295
201909,8,4,1,Loaded,16,16,0,175
201909,5,4,1,Loaded,820,820,0,9889
201909,9,4,1,Loaded,122,122,0,1451
201909,6,1,2,Empty,507,0,507,0
201909,4,1,2,Empty,332,0,332,0
201909,2,1,2,Empty,5,0,5,0
201909,5,1,2,Empty,58,0,58,0
201909,6,1,2,Loaded,5202,5202,0,79268
201909,3,1,2,Loaded,849,849,0,15027
201909,1,1,2,Loaded,831,831,0,12091
201909,4,1,2,Loaded,188,188,0,3123
201909,2,1,2,Loaded,2534,2534,0,36784
201909,8,1,2,Loaded,111,111,0,2165
201909,5,1,2,Loaded,445,445,0,7873
201909,9,1,2,Loaded,229,229,0,5357
201909,6,2,2,Empty,738,0,738,0
201909,3,2,2,Empty,142,0,142,0
201909,1,2,2,Empty,42,0,42,0
201909,4,2,2,Empty,46,0,46,0
201909,2,2,2,Empty,271,0,271,0
201909,8,2,2,Empty,136,0,136,0
201909,5,2,2,Empty,116,0,116,0
201909,9,2,2,Empty,25,0,25,0
201909,6,2,2,Loaded,290,290,0,2002
201909,3,2,2,Loaded,43,43,0,208
201909,1,2,2,Loaded,21,21,0,166
201909,2,2,2,Loaded,116,116,0,638
201909,5,2,2,Loaded,7,7,0,11
201909,6,3,2,Empty,2348,0,2348,0
201909,3,3,2,Empty,1212,0,1212,0
201909,4,3,2,Empty,536,0,536,0
201909,2,3,2,Empty,2,0,2,0
201909,8,3,2,Empty,700,0,700,0
201909,5,3,2,Empty,444,0,444,0
201909,9,3,2,Empty,680,0,680,0
201909,6,3,2,Loaded,12064,12064,0,80850
201909,3,3,2,Loaded,1122,1122,0,8587
201909,1,3,2,Loaded,1310,1310,0,8202
201909,4,3,2,Loaded,146,146,0,910
201909,2,3,2,Loaded,4080,4080,0,26157
201909,8,3,2,Loaded,36,36,0,313
201909,5,3,2,Loaded,644,644,0,4969
201909,9,3,2,Loaded,24,24,0,217
201909,6,4,2,Empty,2274,0,2274,0
201909,3,4,2,Empty,812,0,812,0
201909,1,4,2,Empty,216,0,216,0
201909,4,4,2,Empty,576,0,576,0
201909,2,4,2,Empty,710,0,710,0
201909,8,4,2,Empty,498,0,498,0
201909,5,4,2,Empty,250,0,250,0
201909,9,4,2,Empty,206,0,206,0
201909,6,4,2,Loaded,2474,2474,0,19834
201909,3,4,2,Loaded,320,320,0,2729
201909,1,4,2,Loaded,134,134,0,1101
201909,4,4,2,Loaded,58,58,0,502
201909,2,4,2,Loaded,622,622,0,4544
201909,8,4,2,Loaded,4,4,0,26
201909,5,4,2,Loaded,162,162,0,353
201909,9,4,2,Loaded,2,2,0,23
201909,7,1,1,Empty,3677,0,3677,0
201909,7,1,1,Loaded,1081,1081,0,14596
201909,7,2,1,Empty,9,0,9,0
201909,7,2,1,Loaded,149,149,0,1819
201909,7,3,1,Empty,3414,0,3414,0
201909,7,3,1,Loaded,2618,2618,0,22111
201909,7,4,1,Empty,118,0,118,0
201909,7,4,1,Loaded,346,346,0,3211
201909,7,1,2,Empty,12,0,12,0
201909,7,1,2,Loaded,11238,11238,0,150043
201909,7,2,2,Empty,129,0,129,0
201909,7,2,2,Loaded,735,735,0,5201
201909,7,3,2,Empty,28,0,28,0
201909,7,3,2,Loaded,20088,20088,0,121865
201909,7,4,2,Empty,46,0,46,0
201909,7,4,2,Loaded,3090,3090,0,22079
201908,6,1,1,Empty,2172,0,2172,0
201908,3,1,1,Empty,48,0,48,0
201908,1,1,1,Empty,367,0,367,0
201908,4,1,1,Empty,26,0,26,0
201908,2,1,1,Empty,665,0,665,0
201908,8,1,1,Empty,5,0,5,0
201908,5,1,1,Empty,359,0,359,0
201908,9,1,1,Empty,24,0,24,0
201908,6,1,1,Loaded,7919,7919,0,139066
201908,3,1,1,Loaded,1531,1531,0,28591
201908,1,1,1,Loaded,687,687,0,11167
201908,4,1,1,Loaded,290,290,0,5458
201908,2,1,1,Loaded,1716,1716,0,30310
201908,8,1,1,Loaded,105,105,0,1700
201908,5,1,1,Loaded,584,584,0,10800
201908,9,1,1,Loaded,424,424,0,9596
201908,6,2,1,Empty,129,0,129,0
201908,3,2,1,Empty,11,0,11,0
201908,2,2,1,Empty,1,0,1,0
201908,5,2,1,Empty,21,0,21,0
201908,6,2,1,Loaded,2333,2333,0,33701
201908,3,2,1,Loaded,354,354,0,4727
201908,1,2,1,Loaded,52,52,0,625
201908,4,2,1,Loaded,57,57,0,878
201908,2,2,1,Loaded,423,423,0,6433
201908,8,2,1,Loaded,85,85,0,1446
201908,5,2,1,Loaded,331,331,0,4930
201908,9,2,1,Loaded,12,12,0,200
201908,6,3,1,Empty,842,0,842,0
201908,3,3,1,Empty,78,0,78,0
201908,1,3,1,Empty,192,0,192,0
201908,4,3,1,Empty,6,0,6,0
201908,2,3,1,Empty,1336,0,1336,0
201908,8,3,1,Empty,4,0,4,0
201908,5,3,1,Empty,80,0,80,0
201908,9,3,1,Empty,14,0,14,0
201908,6,3,1,Loaded,19172,19172,0,210960
201908,3,3,1,Loaded,4680,4680,0,55952
201908,1,3,1,Loaded,976,976,0,10523
201908,4,3,1,Loaded,1018,1018,0,12500
201908,2,3,1,Loaded,4586,4586,0,55988
201908,8,3,1,Loaded,84,84,0,1062
201908,5,3,1,Loaded,1776,1776,0,21534
201908,9,3,1,Loaded,616,616,0,7197
201908,6,4,1,Empty,262,0,262,0
201908,3,4,1,Empty,26,0,26,0
201908,2,4,1,Empty,112,0,112,0
201908,5,4,1,Empty,10,0,10,0
201908,6,4,1,Loaded,9412,9412,0,105099
201908,3,4,1,Loaded,2294,2294,0,25743
201908,1,4,1,Loaded,290,290,0,3090
201908,4,4,1,Loaded,414,414,0,4455
201908,2,4,1,Loaded,1534,1534,0,18366
201908,8,4,1,Loaded,66,66,0,797
201908,5,4,1,Loaded,810,810,0,9814
201908,9,4,1,Loaded,64,64,0,699
201908,6,1,2,Empty,247,0,247,0
201908,3,1,2,Empty,51,0,51,0
201908,1,1,2,Empty,2,0,2,0
201908,4,1,2,Empty,85,0,85,0
201908,2,1,2,Empty,44,0,44,0
201908,5,1,2,Empty,71,0,71,0
201908,9,1,2,Empty,120,0,120,0
201908,6,1,2,Loaded,5867,5867,0,90773
201908,3,1,2,Loaded,991,991,0,17069
201908,1,1,2,Loaded,980,980,0,12961
201908,4,1,2,Loaded,168,168,0,2751
201908,2,1,2,Loaded,2665,2665,0,40651
201908,8,1,2,Loaded,293,293,0,5903
201908,5,1,2,Loaded,512,512,0,9531
201908,9,1,2,Loaded,528,528,0,12032
201908,6,2,2,Empty,1049,0,1049,0
201908,3,2,2,Empty,422,0,422,0
201908,1,2,2,Empty,58,0,58,0
201908,4,2,2,Empty,51,0,51,0
201908,2,2,2,Empty,392,0,392,0
201908,8,2,2,Empty,61,0,61,0
201908,5,2,2,Empty,487,0,487,0
201908,9,2,2,Empty,28,0,28,0
201908,6,2,2,Loaded,262,262,0,1851
201908,3,2,2,Loaded,44,44,0,317
201908,1,2,2,Loaded,20,20,0,147
201908,2,2,2,Loaded,103,103,0,602
201908,8,2,2,Loaded,1,1,0,0
201908,5,2,2,Loaded,30,30,0,370
201908,6,3,2,Empty,2448,0,2448,0
201908,3,3,2,Empty,464,0,464,0
201908,1,3,2,Empty,2,0,2,0
201908,5,3,2,Empty,140,0,140,0
201908,9,3,2,Empty,734,0,734,0
201908,6,3,2,Loaded,12116,12116,0,86216
201908,3,3,2,Loaded,1064,1064,0,8082
201908,1,3,2,Loaded,1712,1712,0,10746
201908,4,3,2,Loaded,138,138,0,854
201908,2,3,2,Loaded,4138,4138,0,27926
201908,8,3,2,Loaded,48,48,0,403
201908,5,3,2,Loaded,750,750,0,5750
201908,9,3,2,Loaded,272,272,0,2488
201908,6,4,2,Empty,3698,0,3698,0
201908,3,4,2,Empty,888,0,888,0
201908,1,4,2,Empty,146,0,146,0
201908,4,4,2,Empty,176,0,176,0
201908,2,4,2,Empty,420,0,420,0
201908,5,4,2,Empty,510,0,510,0
201908,9,4,2,Empty,198,0,198,0
201908,6,4,2,Loaded,2554,2554,0,22142
201908,3,4,2,Loaded,230,230,0,2221
201908,1,4,2,Loaded,98,98,0,955
201908,4,4,2,Loaded,8,8,0,57
201908,2,4,2,Loaded,724,724,0,5701
201908,8,4,2,Loaded,4,4,0,24
201908,5,4,2,Loaded,130,130,0,255
201908,9,4,2,Loaded,4,4,0,45
201908,7,1,1,Empty,2520,0,2520,0
201908,7,1,1,Loaded,1306,1306,0,19035
201908,7,2,1,Empty,13,0,13,0
201908,7,2,1,Loaded,164,164,0,1843
201908,7,3,1,Empty,2484,0,2484,0
201908,7,3,1,Loaded,2844,2844,0,23613
201908,7,4,1,Empty,982,0,982,0
201908,7,4,1,Loaded,508,508,0,5113
201908,7,1,2,Empty,2,0,2,0
201908,7,1,2,Loaded,11006,11006,0,148291
201908,7,2,2,Empty,288,0,288,0
201908,7,2,2,Loaded,693,693,0,4847
201908,7,3,2,Loaded,18968,18968,0,118224
201908,7,4,2,Empty,216,0,216,0
201908,7,4,2,Loaded,3116,3116,0,22032
201907,6,1,1,Empty,1514,0,1514,0
201907,3,1,1,Empty,38,0,38,0
201907,1,1,1,Empty,125,0,125,0
201907,4,1,1,Empty,25,0,25,0
201907,2,1,1,Empty,613,0,613,0
201907,8,1,1,Empty,80,0,80,0
201907,5,1,1,Empty,207,0,207,0
201907,9,1,1,Empty,34,0,34,0
201907,6,1,1,Loaded,8469,8469,0,146398
201907,3,1,1,Loaded,1049,1049,0,19297
201907,1,1,1,Loaded,537,537,0,8840
201907,4,1,1,Loaded,237,237,0,4284
201907,2,1,1,Loaded,1865,1865,0,32450
201907,8,1,1,Loaded,263,263,0,4516
201907,5,1,1,Loaded,1479,1479,0,26466
201907,9,1,1,Loaded,488,488,0,11071
201907,6,2,1,Empty,3,0,3,0
201907,3,2,1,Empty,2,0,2,0
201907,1,2,1,Empty,1,0,1,0
201907,2,2,1,Empty,5,0,5,0
201907,5,2,1,Empty,18,0,18,0
201907,6,2,1,Loaded,3139,3139,0,47552
201907,3,2,1,Loaded,418,418,0,5902
201907,1,2,1,Loaded,45,45,0,621
201907,4,2,1,Loaded,88,88,0,1341
201907,2,2,1,Loaded,524,524,0,8058
201907,8,2,1,Loaded,136,136,0,2077
201907,5,2,1,Loaded,580,580,0,9080
201907,9,2,1,Loaded,24,24,0,363
201907,6,3,1,Empty,1438,0,1438,0
201907,3,3,1,Empty,64,0,64,0
201907,1,3,1,Empty,50,0,50,0
201907,4,3,1,Empty,26,0,26,0
201907,2,3,1,Empty,730,0,730,0
201907,8,3,1,Empty,2,0,2,0
201907,5,3,1,Empty,156,0,156,0
201907,9,3,1,Empty,84,0,84,0
201907,6,3,1,Loaded,20788,20788,0,236865
201907,3,3,1,Loaded,3206,3206,0,38441
201907,1,3,1,Loaded,718,718,0,7644
201907,4,3,1,Loaded,830,830,0,10150
201907,2,3,1,Loaded,4844,4844,0,59985
201907,8,3,1,Loaded,242,242,0,3097
201907,5,3,1,Loaded,3066,3066,0,38483
201907,9,3,1,Loaded,814,814,0,9804
201907,6,4,1,Empty,242,0,242,0
201907,3,4,1,Empty,10,0,10,0
201907,1,4,1,Empty,2,0,2,0
201907,2,4,1,Empty,10,0,10,0
201907,5,4,1,Empty,38,0,38,0
201907,6,4,1,Loaded,12018,12018,0,134153
201907,3,4,1,Loaded,3066,3066,0,34887
201907,1,4,1,Loaded,310,310,0,3337
201907,4,4,1,Loaded,518,518,0,5687
201907,2,4,1,Loaded,1316,1316,0,15490
201907,8,4,1,Loaded,250,250,0,3072
201907,5,4,1,Loaded,1332,1332,0,16413
201907,9,4,1,Loaded,182,182,0,2263
201907,6,1,2,Empty,448,0,448,0
201907,3,1,2,Empty,30,0,30,0
201907,4,1,2,Empty,29,0,29,0
201907,8,1,2,Empty,275,0,275,0
201907,5,1,2,Empty,289,0,289,0
201907,9,1,2,Empty,182,0,182,0
201907,6,1,2,Loaded,5711,5711,0,90602
201907,3,1,2,Loaded,797,797,0,14447
201907,1,1,2,Loaded,691,691,0,10565
201907,4,1,2,Loaded,106,106,0,1821
201907,2,1,2,Loaded,2608,2608,0,40778
201907,8,1,2,Loaded,530,530,0,10121
201907,5,1,2,Loaded,506,506,0,9147
201907,9,1,2,Loaded,271,271,0,6261
201907,6,2,2,Empty,1153,0,1153,0
201907,3,2,2,Empty,413,0,413,0
201907,1,2,2,Empty,129,0,129,0
201907,4,2,2,Empty,78,0,78,0
201907,2,2,2,Empty,363,0,363,0
201907,8,2,2,Empty,459,0,459,0
201907,5,2,2,Empty,1042,0,1042,0
201907,9,2,2,Empty,36,0,36,0
201907,6,2,2,Loaded,248,248,0,1615
201907,3,2,2,Loaded,37,37,0,237
201907,1,2,2,Loaded,18,18,0,129
201907,2,2,2,Loaded,123,123,0,612
201907,8,2,2,Loaded,3,3,0,33
201907,5,2,2,Loaded,24,24,0,181
201907,6,3,2,Empty,2396,0,2396,0
201907,3,3,2,Empty,102,0,102,0
201907,4,3,2,Empty,140,0,140,0
201907,2,3,2,Empty,100,0,100,0
201907,8,3,2,Empty,564,0,564,0
201907,5,3,2,Empty,1124,0,1124,0
201907,9,3,2,Empty,94,0,94,0
201907,6,3,2,Loaded,11152,11152,0,79645
201907,3,3,2,Loaded,718,718,0,4801
201907,1,3,2,Loaded,1000,1000,0,6483
201907,4,3,2,Loaded,88,88,0,539
201907,2,3,2,Loaded,4064,4064,0,27970
201907,8,3,2,Loaded,120,120,0,1115
201907,5,3,2,Loaded,614,614,0,4060
201907,9,3,2,Loaded,56,56,0,394
201907,6,4,2,Empty,4258,0,4258,0
201907,3,4,2,Empty,2118,0,2118,0
201907,1,4,2,Empty,60,0,60,0
201907,4,4,2,Empty,366,0,366,0
201907,2,4,2,Empty,844,0,844,0
201907,8,4,2,Empty,160,0,160,0
201907,5,4,2,Empty,670,0,670,0
201907,9,4,2,Empty,48,0,48,0
201907,6,4,2,Loaded,2224,2224,0,18413
201907,3,4,2,Loaded,222,222,0,2059
201907,1,4,2,Loaded,72,72,0,767
201907,4,4,2,Loaded,24,24,0,264
201907,2,4,2,Loaded,506,506,0,3944
201907,8,4,2,Loaded,74,74,0,532
201907,5,4,2,Loaded,240,240,0,857
201907,7,1,1,Empty,2673,0,2673,0
201907,7,1,1,Loaded,1055,1055,0,14278
201907,7,2,1,Empty,4,0,4,0
201907,7,2,1,Loaded,155,155,0,1873
201907,7,3,1,Empty,2352,0,2352,0
201907,7,3,1,Loaded,2820,2820,0,23581
201907,7,4,1,Empty,1278,0,1278,0
201907,7,4,1,Loaded,458,458,0,4376
201907,7,1,2,Empty,21,0,21,0
201907,7,1,2,Loaded,10367,10367,0,137663
201907,7,2,2,Empty,429,0,429,0
201907,7,2,2,Loaded,664,664,0,4445
201907,7,3,2,Empty,18,0,18,0
201907,7,3,2,Loaded,18304,18304,0,115437
201907,7,4,2,Empty,28,0,28,0
201907,7,4,2,Loaded,2576,2576,0,18184
201906,6,1,1,Empty,780,0,780,0
201906,3,1,1,Empty,134,0,134,0
201906,1,1,1,Empty,185,0,185,0
201906,4,1,1,Empty,138,0,138,0
201906,2,1,1,Empty,826,0,826,0
201906,8,1,1,Empty,7,0,7,0
201906,5,1,1,Empty,20,0,20,0
201906,9,1,1,Empty,9,0,9,0
201906,6,1,1,Loaded,7998,7998,0,139757
201906,3,1,1,Loaded,1380,1380,0,25289
201906,1,1,1,Loaded,755,755,0,12985
201906,4,1,1,Loaded,398,398,0,7137
201906,2,1,1,Loaded,2192,2192,0,38661
201906,8,1,1,Loaded,487,487,0,8715
201906,5,1,1,Loaded,1144,1144,0,21023
201906,9,1,1,Loaded,559,559,0,12569
201906,6,2,1,Empty,5,0,5,0
201906,3,2,1,Empty,13,0,13,0
201906,1,2,1,Empty,1,0,1,0
201906,4,2,1,Empty,6,0,6,0
201906,2,2,1,Empty,3,0,3,0
201906,8,2,1,Empty,13,0,13,0
201906,5,2,1,Empty,11,0,11,0
201906,6,2,1,Loaded,2956,2956,0,46059
201906,3,2,1,Loaded,471,471,0,6650
201906,1,2,1,Loaded,112,112,0,1654
201906,4,2,1,Loaded,89,89,0,1338
201906,2,2,1,Loaded,626,626,0,9659
201906,8,2,1,Loaded,210,210,0,3385
201906,5,2,1,Loaded,661,661,0,10248
201906,9,2,1,Loaded,17,17,0,236
201906,6,3,1,Empty,914,0,914,0
201906,3,3,1,Empty,34,0,34,0
201906,1,3,1,Empty,304,0,304,0
201906,4,3,1,Empty,16,0,16,0
201906,2,3,1,Empty,1490,0,1490,0
201906,8,3,1,Empty,20,0,20,0
201906,5,3,1,Empty,58,0,58,0
201906,9,3,1,Empty,28,0,28,0
201906,6,3,1,Loaded,17754,17754,0,197871
201906,3,3,1,Loaded,4372,4372,0,52399
201906,1,3,1,Loaded,1186,1186,0,13691
201906,4,3,1,Loaded,1442,1442,0,17620
201906,2,3,1,Loaded,5438,5438,0,67928
201906,8,3,1,Loaded,728,728,0,9504
201906,5,3,1,Loaded,2878,2878,0,36652
201906,9,3,1,Loaded,928,928,0,11448
201906,6,4,1,Empty,32,0,32,0
201906,3,4,1,Empty,66,0,66,0
201906,1,4,1,Empty,4,0,4,0
201906,4,4,1,Empty,50,0,50,0
201906,2,4,1,Empty,18,0,18,0
201906,8,4,1,Empty,6,0,6,0
201906,5,4,1,Empty,48,0,48,0
201906,6,4,1,Loaded,10200,10200,0,113525
201906,3,4,1,Loaded,6012,6012,0,68577
201906,1,4,1,Loaded,600,600,0,6803
201906,4,4,1,Loaded,1390,1390,0,15577
201906,2,4,1,Loaded,1610,1610,0,18728
201906,8,4,1,Loaded,792,792,0,9761
201906,5,4,1,Loaded,1222,1222,0,15027
201906,9,4,1,Loaded,246,246,0,3112
201906,6,1,2,Empty,437,0,437,0
201906,3,1,2,Empty,102,0,102,0
201906,4,1,2,Empty,96,0,96,0
201906,8,1,2,Empty,215,0,215,0
201906,5,1,2,Empty,235,0,235,0
201906,9,1,2,Empty,226,0,226,0
201906,6,1,2,Loaded,5627,5627,0,88361
201906,3,1,2,Loaded,904,904,0,17071
201906,1,1,2,Loaded,819,819,0,12122
201906,4,1,2,Loaded,143,143,0,2593
201906,2,1,2,Loaded,2735,2735,0,43070
201906,8,1,2,Loaded,338,338,0,7315
201906,5,1,2,Loaded,505,505,0,9697
201906,9,1,2,Loaded,279,279,0,6664
201906,6,2,2,Empty,1666,0,1666,0
201906,3,2,2,Empty,471,0,471,0
201906,1,2,2,Empty,121,0,121,0
201906,4,2,2,Empty,280,0,280,0
201906,2,2,2,Empty,696,0,696,0
201906,8,2,2,Empty,497,0,497,0
201906,5,2,2,Empty,677,0,677,0
201906,9,2,2,Empty,30,0,30,0
201906,6,2,2,Loaded,271,271,0,1910
201906,3,2,2,Loaded,48,48,0,498
201906,1,2,2,Loaded,16,16,0,130
201906,2,2,2,Loaded,118,118,0,682
201906,8,2,2,Loaded,2,2,0,19
201906,5,2,2,Loaded,14,14,0,109
201906,6,3,2,Empty,1730,0,1730,0
201906,3,3,2,Empty,1478,0,1478,0
201906,1,3,2,Empty,2,0,2,0
201906,4,3,2,Empty,282,0,282,0
201906,2,3,2,Empty,100,0,100,0
201906,8,3,2,Empty,530,0,530,0
201906,5,3,2,Empty,1202,0,1202,0
201906,9,3,2,Empty,228,0,228,0
201906,6,3,2,Loaded,11142,11142,0,79940
201906,3,3,2,Loaded,904,904,0,7098
201906,1,3,2,Loaded,1350,1350,0,8708
201906,4,3,2,Loaded,144,144,0,888
201906,2,3,2,Loaded,3808,3808,0,25865
201906,8,3,2,Loaded,66,66,0,608
201906,5,3,2,Loaded,550,550,0,3955
201906,9,3,2,Loaded,52,52,0,283
201906,6,4,2,Empty,4888,0,4888,0
201906,3,4,2,Empty,4270,0,4270,0
201906,1,4,2,Empty,424,0,424,0
201906,4,4,2,Empty,1362,0,1362,0
201906,2,4,2,Empty,1638,0,1638,0
201906,8,4,2,Empty,1026,0,1026,0
201906,5,4,2,Empty,1516,0,1516,0
201906,9,4,2,Empty,450,0,450,0
201906,6,4,2,Loaded,1870,1870,0,15813
201906,3,4,2,Loaded,242,242,0,2316
201906,1,4,2,Loaded,150,150,0,1503
201906,4,4,2,Loaded,76,76,0,526
201906,2,4,2,Loaded,510,510,0,3930
201906,8,4,2,Loaded,16,16,0,142
201906,5,4,2,Loaded,170,170,0,552
201906,9,4,2,Loaded,2,2,0,24
201906,7,1,1,Empty,3724,0,3724,0
201906,7,1,1,Loaded,1313,1313,0,18996
201906,7,2,1,Empty,29,0,29,0
201906,7,2,1,Loaded,152,152,0,1650
201906,7,3,1,Empty,3778,0,3778,0
201906,7,3,1,Loaded,3470,3470,0,32387
201906,7,4,1,Empty,130,0,130,0
201906,7,4,1,Loaded,496,496,0,4729
201906,7,1,2,Empty,36,0,36,0
201906,7,1,2,Loaded,10131,10131,0,133285
201906,7,2,2,Empty,464,0,464,0
201906,7,2,2,Loaded,717,717,0,4905
201906,7,3,2,Empty,24,0,24,0
201906,7,3,2,Loaded,17144,17144,0,107093
201906,7,4,2,Empty,144,0,144,0
201906,7,4,2,Loaded,2300,2300,0,16003
201905,6,1,1,Empty,707,0,707,0
201905,3,1,1,Empty,149,0,149,0
201905,1,1,1,Empty,278,0,278,0
201905,4,1,1,Empty,181,0,181,0
201905,2,1,1,Empty,490,0,490,0
201905,8,1,1,Empty,6,0,6,0
201905,5,1,1,Empty,28,0,28,0
201905,9,1,1,Empty,12,0,12,0
201905,6,1,1,Loaded,8228,8228,0,142255
201905,3,1,1,Loaded,1361,1361,0,25173
201905,1,1,1,Loaded,384,384,0,5692
201905,4,1,1,Loaded,535,535,0,9371
201905,2,1,1,Loaded,2288,2288,0,40303
201905,8,1,1,Loaded,435,435,0,7420
201905,5,1,1,Loaded,971,971,0,17658
201905,9,1,1,Loaded,542,542,0,12469
201905,6,2,1,Empty,12,0,12,0
201905,1,2,1,Empty,2,0,2,0
201905,4,2,1,Empty,4,0,4,0
201905,2,2,1,Empty,2,0,2,0
201905,5,2,1,Empty,4,0,4,0
201905,6,2,1,Loaded,3578,3578,0,55373
201905,3,2,1,Loaded,537,537,0,7599
201905,1,2,1,Loaded,91,91,0,1344
201905,4,2,1,Loaded,187,187,0,2867
201905,2,2,1,Loaded,854,854,0,13546
201905,8,2,1,Loaded,346,346,0,5823
201905,5,2,1,Loaded,749,749,0,11582
201905,9,2,1,Loaded,43,43,0,605
201905,6,3,1,Empty,656,0,656,0
201905,3,3,1,Empty,52,0,52,0
201905,1,3,1,Empty,420,0,420,0
201905,4,3,1,Empty,40,0,40,0
201905,2,3,1,Empty,1152,0,1152,0
201905,8,3,1,Empty,2,0,2,0
201905,5,3,1,Empty,146,0,146,0
201905,9,3,1,Empty,16,0,16,0
201905,6,3,1,Loaded,19688,19688,0,219218
201905,3,3,1,Loaded,3886,3886,0,46466
201905,1,3,1,Loaded,1142,1142,0,12730
201905,4,3,1,Loaded,1286,1286,0,15498
201905,2,3,1,Loaded,6120,6120,0,75773
201905,8,3,1,Loaded,1118,1118,0,14825
201905,5,3,1,Loaded,2998,2998,0,36890
201905,9,3,1,Loaded,1308,1308,0,16406
201905,6,4,1,Empty,54,0,54,0
201905,3,4,1,Empty,32,0,32,0
201905,1,4,1,Empty,12,0,12,0
201905,4,4,1,Empty,10,0,10,0
201905,5,4,1,Empty,6,0,6,0
201905,6,4,1,Loaded,12570,12570,0,140194
201905,3,4,1,Loaded,6590,6590,0,75963
201905,1,4,1,Loaded,488,488,0,5518
201905,4,4,1,Loaded,2288,2288,0,26012
201905,2,4,1,Loaded,1802,1802,0,21157
201905,8,4,1,Loaded,1178,1178,0,14152
201905,5,4,1,Loaded,1630,1630,0,19646
201905,9,4,1,Loaded,382,382,0,4802
201905,6,1,2,Empty,973,0,973,0
201905,3,1,2,Empty,201,0,201,0
201905,4,1,2,Empty,210,0,210,0
201905,2,1,2,Empty,6,0,6,0
201905,8,1,2,Empty,252,0,252,0
201905,5,1,2,Empty,570,0,570,0
201905,9,1,2,Empty,469,0,469,0
201905,6,1,2,Loaded,5112,5112,0,76072
201905,3,1,2,Loaded,840,840,0,15178
201905,1,1,2,Loaded,891,891,0,13102
201905,4,1,2,Loaded,162,162,0,2574
201905,2,1,2,Loaded,2549,2549,0,38461
201905,8,1,2,Loaded,242,242,0,4808
201905,5,1,2,Loaded,426,426,0,7443
201905,9,1,2,Loaded,280,280,0,6477
201905,6,2,2,Empty,1694,0,1694,0
201905,3,2,2,Empty,612,0,612,0
201905,1,2,2,Empty,68,0,68,0
201905,4,2,2,Empty,228,0,228,0
201905,2,2,2,Empty,888,0,888,0
201905,8,2,2,Empty,401,0,401,0
201905,5,2,2,Empty,822,0,822,0
201905,9,2,2,Empty,60,0,60,0
201905,6,2,2,Loaded,207,207,0,1522
201905,3,2,2,Loaded,39,39,0,249
201905,1,2,2,Loaded,23,23,0,211
201905,4,2,2,Loaded,1,1,0,6
201905,2,2,2,Loaded,135,135,0,734
201905,8,2,2,Loaded,3,3,0,2
201905,5,2,2,Loaded,19,19,0,70
201905,6,3,2,Empty,2384,0,2384,0
201905,3,3,2,Empty,2384,0,2384,0
201905,4,3,2,Empty,444,0,444,0
201905,2,3,2,Empty,1164,0,1164,0
201905,8,3,2,Empty,948,0,948,0
201905,5,3,2,Empty,1974,0,1974,0
201905,9,3,2,Empty,2068,0,2068,0
201905,6,3,2,Loaded,10936,10936,0,81376
201905,3,3,2,Loaded,1112,1112,0,8712
201905,1,3,2,Loaded,1362,1362,0,8891
201905,4,3,2,Loaded,228,228,0,1743
201905,2,3,2,Loaded,4222,4222,0,29286
201905,8,3,2,Loaded,58,58,0,472
201905,5,3,2,Loaded,770,770,0,5545
201905,9,3,2,Loaded,138,138,0,1343
201905,6,4,2,Empty,4484,0,4484,0
201905,3,4,2,Empty,6094,0,6094,0
201905,1,4,2,Empty,384,0,384,0
201905,4,4,2,Empty,3170,0,3170,0
201905,2,4,2,Empty,1198,0,1198,0
201905,8,4,2,Empty,1456,0,1456,0
201905,5,4,2,Empty,1332,0,1332,0
201905,9,4,2,Empty,592,0,592,0
201905,6,4,2,Loaded,2116,2116,0,18615
201905,3,4,2,Loaded,334,334,0,3127
201905,1,4,2,Loaded,110,110,0,1183
201905,4,4,2,Loaded,102,102,0,707
201905,2,4,2,Loaded,516,516,0,3711
201905,8,4,2,Loaded,18,18,0,154
201905,5,4,2,Loaded,198,198,0,535
201905,9,4,2,Loaded,2,2,0,29
201905,7,1,1,Empty,6533,0,6533,0
201905,7,1,1,Loaded,1034,1034,0,12441
201905,7,2,1,Empty,10,0,10,0
201905,7,2,1,Loaded,128,128,0,1176
201905,7,3,1,Empty,5904,0,5904,0
201905,7,3,1,Loaded,2930,2930,0,26136
201905,7,4,1,Empty,2,0,2,0
201905,7,4,1,Loaded,944,944,0,11068
201905,7,1,2,Empty,10,0,10,0
201905,7,1,2,Loaded,9430,9430,0,124756
201905,7,2,2,Empty,348,0,348,0
201905,7,2,2,Loaded,697,697,0,4728
201905,7,3,2,Empty,10,0,10,0
201905,7,3,2,Loaded,16918,16918,0,105118
201905,7,4,2,Empty,418,0,418,0
201905,7,4,2,Loaded,2932,2932,0,21075
201904,6,1,1,Empty,1476,0,1476,0
201904,3,1,1,Empty,44,0,44,0
201904,1,1,1,Empty,196,0,196,0
201904,4,1,1,Empty,60,0,60,0
201904,2,1,1,Empty,281,0,281,0
201904,8,1,1,Empty,61,0,61,0
201904,5,1,1,Empty,25,0,25,0
201904,9,1,1,Empty,10,0,10,0
201904,6,1,1,Loaded,8475,8475,0,148669
201904,3,1,1,Loaded,1223,1223,0,22619
201904,1,1,1,Loaded,377,377,0,6377
201904,4,1,1,Loaded,378,378,0,7153
201904,2,1,1,Loaded,2057,2057,0,35311
201904,8,1,1,Loaded,430,430,0,7365
201904,5,1,1,Loaded,1156,1156,0,21676
201904,9,1,1,Loaded,316,316,0,6795
201904,6,2,1,Empty,1,0,1,0
201904,4,2,1,Empty,1,0,1,0
201904,2,2,1,Empty,8,0,8,0
201904,8,2,1,Empty,1,0,1,0
201904,5,2,1,Empty,22,0,22,0
201904,6,2,1,Loaded,3676,3676,0,56311
201904,3,2,1,Loaded,540,540,0,7619
201904,1,2,1,Loaded,87,87,0,1265
201904,4,2,1,Loaded,130,130,0,2008
201904,2,2,1,Loaded,646,646,0,9845
201904,8,2,1,Loaded,334,334,0,5427
201904,5,2,1,Loaded,841,841,0,13316
201904,9,2,1,Loaded,22,22,0,288
201904,6,3,1,Empty,576,0,576,0
201904,3,3,1,Empty,32,0,32,0
201904,1,3,1,Empty,202,0,202,0
201904,4,3,1,Empty,4,0,4,0
201904,2,3,1,Empty,478,0,478,0
201904,8,3,1,Empty,4,0,4,0
201904,5,3,1,Empty,42,0,42,0
201904,9,3,1,Empty,8,0,8,0
201904,6,3,1,Loaded,20974,20974,0,237852
201904,3,3,1,Loaded,4202,4202,0,50699
201904,1,3,1,Loaded,958,958,0,11864
201904,4,3,1,Loaded,1154,1154,0,14033
201904,2,3,1,Loaded,5828,5828,0,72548
201904,8,3,1,Loaded,1400,1400,0,18349
201904,5,3,1,Loaded,2976,2976,0,37334
201904,9,3,1,Loaded,1350,1350,0,16773
201904,6,4,1,Empty,16,0,16,0
201904,3,4,1,Empty,2,0,2,0
201904,4,4,1,Empty,8,0,8,0
201904,2,4,1,Empty,2,0,2,0
201904,8,4,1,Empty,2,0,2,0
201904,5,4,1,Empty,34,0,34,0
201904,6,4,1,Loaded,10110,10110,0,112495
201904,3,4,1,Loaded,7486,7486,0,89524
201904,1,4,1,Loaded,664,664,0,7813
201904,4,4,1,Loaded,1872,1872,0,21570
201904,2,4,1,Loaded,1628,1628,0,19680
201904,8,4,1,Loaded,1118,1118,0,14239
201904,5,4,1,Loaded,1908,1908,0,23184
201904,9,4,1,Loaded,280,280,0,3534
201904,6,1,2,Empty,504,0,504,0
201904,3,1,2,Empty,291,0,291,0
201904,4,1,2,Empty,250,0,250,0
201904,2,1,2,Empty,1,0,1,0
201904,8,1,2,Empty,650,0,650,0
201904,5,1,2,Empty,428,0,428,0
201904,9,1,2,Empty,142,0,142,0
201904,6,1,2,Loaded,5918,5918,0,92743
201904,3,1,2,Loaded,866,866,0,15337
201904,1,1,2,Loaded,723,723,0,10138
201904,4,1,2,Loaded,111,111,0,1751
201904,2,1,2,Loaded,2384,2384,0,35328
201904,8,1,2,Loaded,236,236,0,4552
201904,5,1,2,Loaded,595,595,0,11263
201904,9,1,2,Loaded,192,192,0,4218
201904,6,2,2,Empty,1950,0,1950,0
201904,3,2,2,Empty,396,0,396,0
201904,1,2,2,Empty,197,0,197,0
201904,4,2,2,Empty,94,0,94,0
201904,2,2,2,Empty,687,0,687,0
201904,8,2,2,Empty,314,0,314,0
201904,5,2,2,Empty,942,0,942,0
201904,9,2,2,Empty,49,0,49,0
201904,6,2,2,Loaded,242,242,0,2067
201904,3,2,2,Loaded,35,35,0,267
201904,1,2,2,Loaded,18,18,0,122
201904,4,2,2,Loaded,4,4,0,54
201904,2,2,2,Loaded,127,127,0,701
201904,5,2,2,Loaded,22,22,0,90
201904,6,3,2,Empty,2640,0,2640,0
201904,3,3,2,Empty,1616,0,1616,0
201904,4,3,2,Empty,300,0,300,0
201904,2,3,2,Empty,406,0,406,0
201904,8,3,2,Empty,898,0,898,0
201904,5,3,2,Empty,2476,0,2476,0
201904,9,3,2,Empty,1398,0,1398,0
201904,6,3,2,Loaded,12070,12070,0,87092
201904,3,3,2,Loaded,1232,1232,0,10743
201904,1,3,2,Loaded,1242,1242,0,7998
201904,4,3,2,Loaded,176,176,0,1132
201904,2,3,2,Loaded,4108,4108,0,28092
201904,8,3,2,Loaded,152,152,0,882
201904,5,3,2,Loaded,874,874,0,6136
201904,9,3,2,Loaded,52,52,0,382
201904,6,4,2,Empty,5038,0,5038,0
201904,3,4,2,Empty,6112,0,6112,0
201904,1,4,2,Empty,474,0,474,0
201904,4,4,2,Empty,2786,0,2786,0
201904,2,4,2,Empty,1358,0,1358,0
201904,8,4,2,Empty,1162,0,1162,0
201904,5,4,2,Empty,1692,0,1692,0
201904,9,4,2,Empty,210,0,210,0
201904,6,4,2,Loaded,2140,2140,0,17998
201904,3,4,2,Loaded,320,320,0,3092
201904,1,4,2,Loaded,104,104,0,1119
201904,4,4,2,Loaded,86,86,0,615
201904,2,4,2,Loaded,472,472,0,3427
201904,8,4,2,Loaded,38,38,0,291
201904,5,4,2,Loaded,196,196,0,944
201904,7,1,1,Empty,3625,0,3625,0
201904,7,1,1,Loaded,1184,1184,0,15358
201904,7,2,1,Empty,2,0,2,0
201904,7,2,1,Loaded,136,136,0,1464
201904,7,3,1,Empty,5074,0,5074,0
201904,7,3,1,Loaded,3278,3278,0,28196
201904,7,4,1,Empty,56,0,56,0
201904,7,4,1,Loaded,1604,1604,0,19688
201904,7,1,2,Empty,28,0,28,0
201904,7,1,2,Loaded,9707,9707,0,130702
201904,7,2,2,Empty,489,0,489,0
201904,7,2,2,Loaded,600,600,0,4249
201904,7,3,2,Empty,36,0,36,0
201904,7,3,2,Loaded,16918,16918,0,105011
201904,7,4,2,Empty,576,0,576,0
201904,7,4,2,Loaded,2610,2610,0,18647
201903,6,1,1,Empty,1726,0,1726,0
201903,3,1,1,Empty,4,0,4,0
201903,1,1,1,Empty,351,0,351,0
201903,4,1,1,Empty,103,0,103,0
201903,2,1,1,Empty,299,0,299,0
201903,8,1,1,Empty,51,0,51,0
201903,5,1,1,Empty,6,0,6,0
201903,9,1,1,Empty,1,0,1,0
201903,6,1,1,Loaded,9198,9198,0,159084
201903,3,1,1,Loaded,1441,1441,0,26875
201903,1,1,1,Loaded,549,549,0,9564
201903,4,1,1,Loaded,405,405,0,7722
201903,2,1,1,Loaded,2119,2119,0,37402
201903,8,1,1,Loaded,366,366,0,6354
201903,5,1,1,Loaded,1416,1416,0,26282
201903,9,1,1,Loaded,357,357,0,7441
201903,6,2,1,Empty,41,0,41,0
201903,3,2,1,Empty,9,0,9,0
201903,4,2,1,Empty,4,0,4,0
201903,2,2,1,Empty,13,0,13,0
201903,8,2,1,Empty,28,0,28,0
201903,5,2,1,Empty,15,0,15,0
201903,6,2,1,Loaded,4295,4295,0,67145
201903,3,2,1,Loaded,481,481,0,6811
201903,1,2,1,Loaded,125,125,0,1895
201903,4,2,1,Loaded,127,127,0,1919
201903,2,2,1,Loaded,541,541,0,8219
201903,8,2,1,Loaded,290,290,0,4536
201903,5,2,1,Loaded,780,780,0,12094
201903,9,2,1,Loaded,16,16,0,224
201903,6,3,1,Empty,692,0,692,0
201903,3,3,1,Empty,62,0,62,0
201903,1,3,1,Empty,240,0,240,0
201903,4,3,1,Empty,452,0,452,0
201903,2,3,1,Empty,1266,0,1266,0
201903,8,3,1,Empty,4,0,4,0
201903,5,3,1,Empty,66,0,66,0
201903,9,3,1,Empty,12,0,12,0
201903,6,3,1,Loaded,22958,22958,0,259081
201903,3,3,1,Loaded,3300,3300,0,40065
201903,1,3,1,Loaded,1178,1178,0,13821
201903,4,3,1,Loaded,1404,1404,0,17431
201903,2,3,1,Loaded,5524,5524,0,67876
201903,8,3,1,Loaded,1064,1064,0,13874
201903,5,3,1,Loaded,3706,3706,0,46700
201903,9,3,1,Loaded,1390,1390,0,17244
201903,6,4,1,Empty,80,0,80,0
201903,3,4,1,Empty,26,0,26,0
201903,4,4,1,Empty,34,0,34,0
201903,2,4,1,Empty,24,0,24,0
201903,8,4,1,Empty,44,0,44,0
201903,5,4,1,Empty,22,0,22,0
201903,6,4,1,Loaded,6704,6704,0,78102
201903,3,4,1,Loaded,6302,6302,0,76941
201903,1,4,1,Loaded,662,662,0,7511
201903,4,4,1,Loaded,1258,1258,0,14315
201903,2,4,1,Loaded,1716,1716,0,20838
201903,8,4,1,Loaded,1050,1050,0,12922
201903,5,4,1,Loaded,2306,2306,0,27739
201903,9,4,1,Loaded,292,292,0,3641
201903,6,1,2,Empty,408,0,408,0
201903,3,1,2,Empty,190,0,190,0
201903,1,1,2,Empty,94,0,94,0
201903,4,1,2,Empty,443,0,443,0
201903,2,1,2,Empty,6,0,6,0
201903,8,1,2,Empty,614,0,614,0
201903,5,1,2,Empty,220,0,220,0
201903,6,1,2,Loaded,4840,4840,0,74014
201903,3,1,2,Loaded,704,704,0,12636
201903,1,1,2,Loaded,943,943,0,13543
201903,4,1,2,Loaded,137,137,0,2346
201903,2,1,2,Loaded,2453,2453,0,37062
201903,8,1,2,Loaded,185,185,0,3344
201903,5,1,2,Loaded,494,494,0,8985
201903,9,1,2,Loaded,243,243,0,5218
201903,6,2,2,Empty,2332,0,2332,0
201903,3,2,2,Empty,619,0,619,0
201903,1,2,2,Empty,109,0,109,0
201903,4,2,2,Empty,196,0,196,0
201903,2,2,2,Empty,763,0,763,0
201903,8,2,2,Empty,411,0,411,0
201903,5,2,2,Empty,1058,0,1058,0
201903,9,2,2,Empty,14,0,14,0
201903,6,2,2,Loaded,212,212,0,1752
201903,3,2,2,Loaded,13,13,0,115
201903,1,2,2,Loaded,34,34,0,261
201903,2,2,2,Loaded,73,73,0,474
201903,8,2,2,Loaded,4,4,0,15
201903,5,2,2,Loaded,17,17,0,78
201903,9,2,2,Loaded,1,1,0,7
201903,6,3,2,Empty,6498,0,6498,0
201903,3,3,2,Empty,1022,0,1022,0
201903,4,3,2,Empty,190,0,190,0
201903,2,3,2,Empty,200,0,200,0
201903,8,3,2,Empty,722,0,722,0
201903,5,3,2,Empty,1990,0,1990,0
201903,9,3,2,Empty,892,0,892,0
201903,6,3,2,Loaded,10548,10548,0,78513
201903,3,3,2,Loaded,878,878,0,6794
201903,1,3,2,Loaded,1506,1506,0,9759
201903,4,3,2,Loaded,258,258,0,1493
201903,2,3,2,Loaded,3444,3444,0,23615
201903,8,3,2,Loaded,456,456,0,3189
201903,5,3,2,Loaded,780,780,0,6103
201903,9,3,2,Loaded,252,252,0,2225
201903,6,4,2,Empty,3870,0,3870,0
201903,3,4,2,Empty,3102,0,3102,0
201903,1,4,2,Empty,452,0,452,0
201903,4,4,2,Empty,2322,0,2322,0
201903,2,4,2,Empty,1312,0,1312,0
201903,8,4,2,Empty,1004,0,1004,0
201903,5,4,2,Empty,1434,0,1434,0
201903,9,4,2,Empty,214,0,214,0
201903,6,4,2,Loaded,2162,2162,0,19871
201903,3,4,2,Loaded,230,230,0,2142
201903,1,4,2,Loaded,142,142,0,1500
201903,4,4,2,Loaded,8,8,0,72
201903,2,4,2,Loaded,380,380,0,3185
201903,8,4,2,Loaded,66,66,0,445
201903,5,4,2,Loaded,152,152,0,368
201903,9,4,2,Loaded,16,16,0,176
201903,7,1,1,Empty,3457,0,3457,0
201903,7,1,1,Loaded,1245,1245,0,17511
201903,7,2,1,Empty,1,0,1,0
201903,7,2,1,Loaded,179,179,0,2200
201903,7,3,1,Empty,3792,0,3792,0
201903,7,3,1,Loaded,2950,2950,0,24863
201903,7,4,1,Empty,154,0,154,0
201903,7,4,1,Loaded,1472,1472,0,17693
201903,7,1,2,Empty,31,0,31,0
201903,7,1,2,Loaded,9666,9666,0,133734
201903,7,2,2,Empty,572,0,572,0
201903,7,2,2,Loaded,644,644,0,5030
201903,7,3,2,Loaded,16220,16220,0,103151
201903,7,4,2,Empty,1100,0,1100,0
201903,7,4,2,Loaded,2640,2640,0,20632
201902,6,1,1,Empty,1596,0,1596,0
201902,3,1,1,Empty,10,0,10,0
201902,1,1,1,Empty,287,0,287,0
201902,4,1,1,Empty,41,0,41,0
201902,2,1,1,Empty,652,0,652,0
201902,8,1,1,Empty,110,0,110,0
201902,5,1,1,Empty,52,0,52,0
201902,9,1,1,Empty,4,0,4,0
201902,6,1,1,Loaded,8363,8363,0,148135
201902,3,1,1,Loaded,1284,1284,0,24243
201902,1,1,1,Loaded,493,493,0,8471
201902,4,1,1,Loaded,265,265,0,4927
201902,2,1,1,Loaded,1613,1613,0,27954
201902,8,1,1,Loaded,25,25,0,383
201902,5,1,1,Loaded,1517,1517,0,27939
201902,9,1,1,Loaded,314,314,0,6832
201902,6,2,1,Empty,55,0,55,0
201902,5,2,1,Empty,4,0,4,0
201902,6,2,1,Loaded,3723,3723,0,58190
201902,3,2,1,Loaded,456,456,0,6516
201902,1,2,1,Loaded,71,71,0,1021
201902,4,2,1,Loaded,82,82,0,1232
201902,2,2,1,Loaded,470,470,0,7179
201902,8,2,1,Loaded,37,37,0,620
201902,5,2,1,Loaded,846,846,0,12841
201902,9,2,1,Loaded,13,13,0,170
201902,6,3,1,Empty,886,0,886,0
201902,3,3,1,Empty,52,0,52,0
201902,1,3,1,Empty,308,0,308,0
201902,4,3,1,Empty,20,0,20,0
201902,2,3,1,Empty,2710,0,2710,0
201902,5,3,1,Empty,56,0,56,0
201902,9,3,1,Empty,6,0,6,0
201902,6,3,1,Loaded,18660,18660,0,215251
201902,3,3,1,Loaded,3370,3370,0,40390
201902,1,3,1,Loaded,1210,1210,0,14359
201902,4,3,1,Loaded,1052,1052,0,12595
201902,2,3,1,Loaded,5298,5298,0,65379
201902,8,3,1,Loaded,38,38,0,486
201902,5,3,1,Loaded,3236,3236,0,41550
201902,9,3,1,Loaded,1386,1386,0,17438
201902,6,4,1,Empty,78,0,78,0
201902,2,4,1,Empty,10,0,10,0
201902,5,4,1,Empty,14,0,14,0
201902,6,4,1,Loaded,5468,5468,0,64599
201902,3,4,1,Loaded,2962,2962,0,37568
201902,1,4,1,Loaded,506,506,0,5539
201902,4,4,1,Loaded,248,248,0,2716
201902,2,4,1,Loaded,1426,1426,0,17213
201902,8,4,1,Loaded,28,28,0,337
201902,5,4,1,Loaded,2392,2392,0,28124
201902,9,4,1,Loaded,268,268,0,3356
201902,6,1,2,Empty,710,0,710,0
201902,3,1,2,Empty,110,0,110,0
201902,1,1,2,Empty,3,0,3,0
201902,4,1,2,Empty,108,0,108,0
201902,2,1,2,Empty,4,0,4,0
201902,8,1,2,Empty,600,0,600,0
201902,5,1,2,Empty,350,0,350,0
201902,9,1,2,Empty,2,0,2,0
201902,6,1,2,Loaded,4838,4838,0,70915
201902,3,1,2,Loaded,757,757,0,12776
201902,1,1,2,Loaded,776,776,0,11722
201902,4,1,2,Loaded,115,115,0,1953
201902,2,1,2,Loaded,2394,2394,0,34406
201902,8,1,2,Loaded,224,224,0,4095
201902,5,1,2,Loaded,565,565,0,10054
201902,9,1,2,Loaded,381,381,0,8694
201902,6,2,2,Empty,1879,0,1879,0
201902,3,2,2,Empty,302,0,302,0
201902,1,2,2,Empty,49,0,49,0
201902,4,2,2,Empty,64,0,64,0
201902,2,2,2,Empty,283,0,283,0
201902,8,2,2,Empty,187,0,187,0
201902,5,2,2,Empty,508,0,508,0
201902,9,2,2,Empty,35,0,35,0
201902,6,2,2,Loaded,234,234,0,1804
201902,3,2,2,Loaded,33,33,0,359
201902,1,2,2,Loaded,21,21,0,161
201902,4,2,2,Loaded,3,3,0,50
201902,2,2,2,Loaded,98,98,0,579
201902,8,2,2,Loaded,1,1,0,18
201902,5,2,2,Loaded,12,12,0,35
201902,6,3,2,Empty,3182,0,3182,0
201902,3,3,2,Empty,584,0,584,0
201902,1,3,2,Empty,2,0,2,0
201902,4,3,2,Empty,100,0,100,0
201902,2,3,2,Empty,10,0,10,0
201902,8,3,2,Empty,934,0,934,0
201902,5,3,2,Empty,1696,0,1696,0
201902,9,3,2,Empty,1266,0,1266,0
201902,6,3,2,Loaded,10272,10272,0,76749
201902,3,3,2,Loaded,1166,1166,0,8859
201902,1,3,2,Loaded,1242,1242,0,8935
201902,4,3,2,Loaded,188,188,0,1111
201902,2,3,2,Loaded,4968,4968,0,35312
201902,8,3,2,Loaded,276,276,0,2024
201902,5,3,2,Loaded,1208,1208,0,8935
201902,9,3,2,Loaded,100,100,0,667
201902,6,4,2,Empty,3566,0,3566,0
201902,3,4,2,Empty,3188,0,3188,0
201902,1,4,2,Empty,104,0,104,0
201902,4,4,2,Empty,766,0,766,0
201902,2,4,2,Empty,830,0,830,0
201902,8,4,2,Empty,660,0,660,0
201902,5,4,2,Empty,1796,0,1796,0
201902,9,4,2,Empty,1014,0,1014,0
201902,6,4,2,Loaded,2170,2170,0,18742
201902,3,4,2,Loaded,260,260,0,2361
201902,1,4,2,Loaded,84,84,0,826
201902,4,4,2,Loaded,8,8,0,89
201902,2,4,2,Loaded,446,446,0,3463
201902,8,4,2,Loaded,38,38,0,326
201902,5,4,2,Loaded,48,48,0,284
201902,9,4,2,Loaded,6,6,0,66
201902,7,1,1,Empty,2553,0,2553,0
201902,7,1,1,Loaded,1101,1101,0,15397
201902,7,2,1,Loaded,137,137,0,1553
201902,7,3,1,Empty,2934,0,2934,0
201902,7,3,1,Loaded,2760,2760,0,23387
201902,7,4,1,Loaded,1514,1514,0,18377
201902,7,1,2,Empty,41,0,41,0
201902,7,1,2,Loaded,9447,9447,0,122544
201902,7,2,2,Empty,523,0,523,0
201902,7,2,2,Loaded,620,620,0,4285
201902,7,3,2,Empty,42,0,42,0
201902,7,3,2,Loaded,17962,17962,0,110041
201902,7,4,2,Empty,444,0,444,0
201902,7,4,2,Loaded,2786,2786,0,19122
201901,6,1,1,Empty,1435,0,1435,0
201901,3,1,1,Empty,81,0,81,0
201901,1,1,1,Empty,364,0,364,0
201901,4,1,1,Empty,30,0,30,0
201901,2,1,1,Empty,1208,0,1208,0
201901,8,1,1,Empty,30,0,30,0
201901,5,1,1,Empty,144,0,144,0
201901,9,1,1,Empty,6,0,6,0
201901,6,1,1,Loaded,7361,7361,0,129319
201901,3,1,1,Loaded,1489,1489,0,28082
201901,1,1,1,Loaded,220,220,0,3202
201901,4,1,1,Loaded,293,293,0,5511
201901,2,1,1,Loaded,1382,1382,0,24656
201901,8,1,1,Loaded,92,92,0,1514
201901,5,1,1,Loaded,1799,1799,0,32058
201901,9,1,1,Loaded,358,358,0,7909
201901,6,2,1,Empty,1,0,1,0
201901,1,2,1,Empty,1,0,1,0
201901,5,2,1,Empty,6,0,6,0
201901,6,2,1,Loaded,3655,3655,0,57422
201901,3,2,1,Loaded,460,460,0,6711
201901,1,2,1,Loaded,70,70,0,983
201901,4,2,1,Loaded,82,82,0,1238
201901,2,2,1,Loaded,419,419,0,6375
201901,8,2,1,Loaded,40,40,0,644
201901,5,2,1,Loaded,660,660,0,10576
201901,9,2,1,Loaded,19,19,0,251
201901,6,3,1,Empty,1064,0,1064,0
201901,3,3,1,Empty,56,0,56,0
201901,1,3,1,Empty,468,0,468,0
201901,4,3,1,Empty,6,0,6,0
201901,2,3,1,Empty,1964,0,1964,0
201901,5,3,1,Empty,248,0,248,0
201901,9,3,1,Empty,16,0,16,0
201901,6,3,1,Loaded,18268,18268,0,216588
201901,3,3,1,Loaded,2606,2606,0,31500
201901,1,3,1,Loaded,880,880,0,10638
201901,4,3,1,Loaded,526,526,0,6221
201901,2,3,1,Loaded,4770,4770,0,60741
201901,8,3,1,Loaded,190,190,0,2220
201901,5,3,1,Loaded,4940,4940,0,63694
201901,9,3,1,Loaded,1334,1334,0,16904
201901,6,4,1,Empty,14,0,14,0
201901,3,4,1,Empty,4,0,4,0
201901,5,4,1,Empty,32,0,32,0
201901,6,4,1,Loaded,4100,4100,0,48118
201901,3,4,1,Loaded,1868,1868,0,23491
201901,1,4,1,Loaded,444,444,0,4673
201901,4,4,1,Loaded,240,240,0,2754
201901,2,4,1,Loaded,1206,1206,0,14483
201901,8,4,1,Loaded,148,148,0,1819
201901,5,4,1,Loaded,1654,1654,0,19519
201901,9,4,1,Loaded,188,188,0,2240
201901,6,1,2,Empty,485,0,485,0
201901,3,1,2,Empty,318,0,318,0
201901,4,1,2,Empty,132,0,132,0
201901,2,1,2,Empty,21,0,21,0
201901,8,1,2,Empty,398,0,398,0
201901,5,1,2,Empty,570,0,570,0
201901,9,1,2,Empty,168,0,168,0
201901,6,1,2,Loaded,5263,5263,0,75953
201901,3,1,2,Loaded,951,951,0,16888
201901,1,1,2,Loaded,858,858,0,12745
201901,4,1,2,Loaded,91,91,0,1387
201901,2,1,2,Loaded,2314,2314,0,32626
201901,8,1,2,Loaded,250,250,0,4582
201901,5,1,2,Loaded,531,531,0,10233
201901,9,1,2,Loaded,236,236,0,5124
201901,6,2,2,Empty,1774,0,1774,0
201901,3,2,2,Empty,490,0,490,0
201901,1,2,2,Empty,163,0,163,0
201901,4,2,2,Empty,193,0,193,0
201901,2,2,2,Empty,573,0,573,0
201901,8,2,2,Empty,197,0,197,0
201901,5,2,2,Empty,613,0,613,0
201901,9,2,2,Empty,20,0,20,0
201901,6,2,2,Loaded,223,223,0,1423
201901,3,2,2,Loaded,28,28,0,215
201901,1,2,2,Loaded,18,18,0,152
201901,2,2,2,Loaded,107,107,0,692
201901,8,2,2,Loaded,2,2,0,27
201901,5,2,2,Loaded,16,16,0,40
201901,6,3,2,Empty,4108,0,4108,0
201901,3,3,2,Empty,1480,0,1480,0
201901,1,3,2,Empty,2,0,2,0
201901,4,3,2,Empty,200,0,200,0
201901,2,3,2,Empty,2,0,2,0
201901,8,3,2,Empty,2204,0,2204,0
201901,5,3,2,Empty,770,0,770,0
201901,9,3,2,Empty,1170,0,1170,0
201901,6,3,2,Loaded,10942,10942,0,81526
201901,3,3,2,Loaded,1376,1376,0,11395
201901,1,3,2,Loaded,1290,1290,0,7718
201901,4,3,2,Loaded,138,138,0,759
201901,2,3,2,Loaded,4592,4592,0,32777
201901,8,3,2,Loaded,80,80,0,545
201901,5,3,2,Loaded,760,760,0,5226
201901,9,3,2,Loaded,174,174,0,1347
201901,6,4,2,Empty,2282,0,2282,0
201901,3,4,2,Empty,3880,0,3880,0
201901,1,4,2,Empty,146,0,146,0
201901,4,4,2,Empty,804,0,804,0
201901,2,4,2,Empty,1774,0,1774,0
201901,8,4,2,Empty,554,0,554,0
201901,5,4,2,Empty,1236,0,1236,0
201901,9,4,2,Empty,518,0,518,0
201901,6,4,2,Loaded,2506,2506,0,21481
201901,3,4,2,Loaded,292,292,0,2891
201901,1,4,2,Loaded,114,114,0,1083
201901,4,4,2,Loaded,4,4,0,46
201901,2,4,2,Loaded,396,396,0,2946
201901,8,4,2,Loaded,80,80,0,541
201901,5,4,2,Loaded,104,104,0,316
201901,9,4,2,Loaded,10,10,0,102
201901,7,1,1,Empty,3807,0,3807,0
201901,7,1,1,Loaded,934,934,0,14204
201901,7,2,1,Loaded,180,180,0,2331
201901,7,3,1,Empty,5720,0,5720,0
201901,7,3,1,Loaded,2444,2444,0,20885
201901,7,4,1,Empty,12,0,12,0
201901,7,4,1,Loaded,348,348,0,3572
201901,7,1,2,Empty,25,0,25,0
201901,7,1,2,Loaded,9987,9987,0,139495
201901,7,2,2,Empty,439,0,439,0
201901,7,2,2,Loaded,638,638,0,4862
201901,7,3,2,Loaded,17930,17930,0,112961
201901,7,4,2,Empty,74,0,74,0
201901,7,4,2,Loaded,2262,2262,0,16414
201812,6,1,1,Empty,818,0,818,0
201812,3,1,1,Empty,118,0,118,0
201812,1,1,1,Empty,201,0,201,0
201812,4,1,1,Empty,4,0,4,0
201812,2,1,1,Empty,731,0,731,0
201812,8,1,1,Empty,30,0,30,0
201812,5,1,1,Empty,44,0,44,0
201812,9,1,1,Empty,8,0,8,0
201812,6,1,1,Loaded,9409,9409,0,165460
201812,3,1,1,Loaded,1312,1312,0,24096
201812,1,1,1,Loaded,421,421,0,7146
201812,4,1,1,Loaded,303,303,0,5615
201812,2,1,1,Loaded,1737,1737,0,31234
201812,8,1,1,Loaded,52,52,0,770
201812,5,1,1,Loaded,1680,1680,0,31110
201812,9,1,1,Loaded,218,218,0,4845
201812,6,2,1,Empty,2,0,2,0
201812,3,2,1,Empty,1,0,1,0
201812,2,2,1,Empty,1,0,1,0
201812,6,2,1,Loaded,3785,3785,0,58408
201812,3,2,1,Loaded,516,516,0,7448
201812,1,2,1,Loaded,85,85,0,1195
201812,4,2,1,Loaded,89,89,0,1207
201812,2,2,1,Loaded,487,487,0,6932
201812,8,2,1,Loaded,33,33,0,492
201812,5,2,1,Loaded,706,706,0,11131
201812,9,2,1,Loaded,21,21,0,314
201812,6,3,1,Empty,612,0,612,0
201812,3,3,1,Empty,166,0,166,0
201812,1,3,1,Empty,92,0,92,0
201812,4,3,1,Empty,16,0,16,0
201812,2,3,1,Empty,774,0,774,0
201812,5,3,1,Empty,128,0,128,0
201812,9,3,1,Empty,8,0,8,0
201812,6,3,1,Loaded,24380,24380,0,282423
201812,3,3,1,Loaded,3928,3928,0,47084
201812,1,3,1,Loaded,1338,1338,0,15925
201812,4,3,1,Loaded,864,864,0,10483
201812,2,3,1,Loaded,8090,8090,0,102750
201812,8,3,1,Loaded,118,118,0,1281
201812,5,3,1,Loaded,3524,3524,0,45286
201812,9,3,1,Loaded,1428,1428,0,18091
201812,6,4,1,Empty,32,0,32,0
201812,1,4,1,Empty,2,0,2,0
201812,6,4,1,Loaded,5086,5086,0,59994
201812,3,4,1,Loaded,1222,1222,0,14117
201812,1,4,1,Loaded,452,452,0,4809
201812,4,4,1,Loaded,230,230,0,2545
201812,2,4,1,Loaded,1388,1388,0,16656
201812,8,4,1,Loaded,50,50,0,621
201812,5,4,1,Loaded,1362,1362,0,16440
201812,9,4,1,Loaded,218,218,0,2533
201812,6,1,2,Empty,480,0,480,0
201812,3,1,2,Empty,1,0,1,0
201812,4,1,2,Empty,50,0,50,0
201812,2,1,2,Empty,71,0,71,0
201812,8,1,2,Empty,806,0,806,0
201812,5,1,2,Empty,444,0,444,0
201812,9,1,2,Empty,160,0,160,0
201812,6,1,2,Loaded,5759,5759,0,84598
201812,3,1,2,Loaded,978,978,0,17635
201812,1,1,2,Loaded,820,820,0,10864
201812,4,1,2,Loaded,72,72,0,1019
201812,2,1,2,Loaded,2718,2718,0,37964
201812,8,1,2,Loaded,299,299,0,5192
201812,5,1,2,Loaded,496,496,0,8696
201812,9,1,2,Loaded,131,131,0,3014
201812,6,2,2,Empty,2499,0,2499,0
201812,3,2,2,Empty,789,0,789,0
201812,1,2,2,Empty,102,0,102,0
201812,4,2,2,Empty,82,0,82,0
201812,2,2,2,Empty,512,0,512,0
201812,8,2,2,Empty,516,0,516,0
201812,5,2,2,Empty,1154,0,1154,0
201812,9,2,2,Empty,25,0,25,0
201812,6,2,2,Loaded,229,229,0,1623
201812,3,2,2,Loaded,40,40,0,247
201812,1,2,2,Loaded,13,13,0,105
201812,2,2,2,Loaded,148,148,0,847
201812,8,2,2,Loaded,2,2,0,18
201812,5,2,2,Loaded,26,26,0,219
201812,6,3,2,Empty,3308,0,3308,0
201812,3,3,2,Empty,1864,0,1864,0
201812,4,3,2,Empty,432,0,432,0
201812,2,3,2,Empty,1318,0,1318,0
201812,8,3,2,Empty,1352,0,1352,0
201812,5,3,2,Empty,2388,0,2388,0
201812,9,3,2,Empty,940,0,940,0
201812,6,3,2,Loaded,11162,11162,0,78772
201812,3,3,2,Loaded,1030,1030,0,7581
201812,1,3,2,Loaded,1422,1422,0,8919
201812,4,3,2,Loaded,170,170,0,958
201812,2,3,2,Loaded,4822,4822,0,31517
201812,8,3,2,Loaded,104,104,0,843
201812,5,3,2,Loaded,940,940,0,6350
201812,9,3,2,Loaded,100,100,0,895
201812,6,4,2,Empty,1454,0,1454,0
201812,3,4,2,Empty,2434,0,2434,0
201812,1,4,2,Empty,170,0,170,0
201812,4,4,2,Empty,400,0,400,0
201812,2,4,2,Empty,1208,0,1208,0
201812,8,4,2,Empty,642,0,642,0
201812,5,4,2,Empty,892,0,892,0
201812,9,4,2,Empty,200,0,200,0
201812,6,4,2,Loaded,2128,2128,0,17792
201812,3,4,2,Loaded,256,256,0,2339
201812,1,4,2,Loaded,82,82,0,658
201812,4,4,2,Loaded,16,16,0,31
201812,2,4,2,Loaded,460,460,0,3551
201812,8,4,2,Loaded,60,60,0,352
201812,5,4,2,Loaded,96,96,0,287
201812,9,4,2,Loaded,2,2,0,24
201812,7,1,1,Empty,3547,0,3547,0
201812,7,1,1,Loaded,1086,1086,0,14578
201812,7,2,1,Empty,2,0,2,0
201812,7,2,1,Loaded,164,164,0,1875
201812,7,3,1,Empty,3088,0,3088,0
201812,7,3,1,Loaded,3190,3190,0,28821
201812,7,4,1,Empty,2,0,2,0
201812,7,4,1,Loaded,386,386,0,3554
201812,7,1,2,Empty,9,0,9,0
201812,7,1,2,Loaded,10921,10921,0,144529
201812,7,2,2,Empty,412,0,412,0
201812,7,2,2,Loaded,717,717,0,5018
201812,7,3,2,Loaded,20286,20286,0,124513
201812,7,4,2,Empty,290,0,290,0
201812,7,4,2,Loaded,2974,2974,0,22909
201811,6,1,1,Empty,916,0,916,0
201811,3,1,1,Empty,118,0,118,0
201811,1,1,1,Empty,327,0,327,0
201811,4,1,1,Empty,30,0,30,0
201811,2,1,1,Empty,738,0,738,0
201811,5,1,1,Empty,134,0,134,0
201811,9,1,1,Empty,4,0,4,0
201811,6,1,1,Loaded,9005,9005,0,155731
201811,3,1,1,Loaded,1155,1155,0,20581
201811,1,1,1,Loaded,369,369,0,5671
201811,4,1,1,Loaded,269,269,0,4664
201811,2,1,1,Loaded,1682,1682,0,29474
201811,8,1,1,Loaded,43,43,0,503
201811,5,1,1,Loaded,1840,1840,0,33785
201811,9,1,1,Loaded,311,311,0,6979
201811,6,2,1,Empty,2,0,2,0
201811,2,2,1,Empty,1,0,1,0
201811,6,2,1,Loaded,3418,3418,0,53598
201811,3,2,1,Loaded,397,397,0,5586
201811,1,2,1,Loaded,98,98,0,1346
201811,4,2,1,Loaded,77,77,0,1092
201811,2,2,1,Loaded,452,452,0,6816
201811,8,2,1,Loaded,18,18,0,262
201811,5,2,1,Loaded,627,627,0,10207
201811,9,2,1,Loaded,15,15,0,194
201811,6,3,1,Empty,572,0,572,0
201811,3,3,1,Empty,56,0,56,0
201811,1,3,1,Empty,82,0,82,0
201811,2,3,1,Empty,774,0,774,0
201811,5,3,1,Empty,116,0,116,0
201811,9,3,1,Empty,14,0,14,0
201811,6,3,1,Loaded,23462,23462,0,267387
201811,3,3,1,Loaded,3152,3152,0,37563
201811,1,3,1,Loaded,1878,1878,0,22690
201811,4,3,1,Loaded,758,758,0,9259
201811,2,3,1,Loaded,5414,5414,0,66000
201811,8,3,1,Loaded,172,172,0,1996
201811,5,3,1,Loaded,3830,3830,0,49119
201811,9,3,1,Loaded,1584,1584,0,20318
201811,6,4,1,Empty,6,0,6,0
201811,3,4,1,Empty,30,0,30,0
201811,5,4,1,Empty,4,0,4,0
201811,9,4,1,Empty,2,0,2,0
201811,6,4,1,Loaded,4712,4712,0,54074
201811,3,4,1,Loaded,1000,1000,0,11624
201811,1,4,1,Loaded,508,508,0,5440
201811,4,4,1,Loaded,180,180,0,1958
201811,2,4,1,Loaded,994,994,0,11660
201811,8,4,1,Loaded,52,52,0,624
201811,5,4,1,Loaded,982,982,0,12149
201811,9,4,1,Loaded,124,124,0,1481
201811,6,1,2,Empty,576,0,576,0
201811,1,1,2,Empty,20,0,20,0
201811,4,1,2,Empty,58,0,58,0
201811,8,1,2,Empty,856,0,856,0
201811,5,1,2,Empty,501,0,501,0
201811,9,1,2,Empty,216,0,216,0
201811,6,1,2,Loaded,6914,6914,0,106653
201811,3,1,2,Loaded,909,909,0,16124
201811,1,1,2,Loaded,873,873,0,13218
201811,4,1,2,Loaded,68,68,0,1132
201811,2,1,2,Loaded,2934,2934,0,43782
201811,8,1,2,Loaded,117,117,0,2242
201811,5,1,2,Loaded,426,426,0,7855
201811,9,1,2,Loaded,253,253,0,5877
201811,6,2,2,Empty,1710,0,1710,0
201811,3,2,2,Empty,314,0,314,0
201811,1,2,2,Empty,58,0,58,0
201811,4,2,2,Empty,33,0,33,0
201811,2,2,2,Empty,630,0,630,0
201811,8,2,2,Empty,17,0,17,0
201811,5,2,2,Empty,300,0,300,0
201811,9,2,2,Empty,40,0,40,0
201811,6,2,2,Loaded,354,354,0,2835
201811,3,2,2,Loaded,28,28,0,251
201811,1,2,2,Loaded,22,22,0,173
201811,2,2,2,Loaded,137,137,0,819
201811,8,2,2,Loaded,6,6,0,22
201811,5,2,2,Loaded,15,15,0,17
201811,6,3,2,Empty,5788,0,5788,0
201811,3,3,2,Empty,814,0,814,0
201811,1,3,2,Empty,36,0,36,0
201811,4,3,2,Empty,160,0,160,0
201811,8,3,2,Empty,1318,0,1318,0
201811,5,3,2,Empty,1892,0,1892,0
201811,9,3,2,Empty,1396,0,1396,0
201811,6,3,2,Loaded,13760,13760,0,94600
201811,3,3,2,Loaded,906,906,0,7322
201811,1,3,2,Loaded,1434,1434,0,9378
201811,4,3,2,Loaded,82,82,0,608
201811,2,3,2,Loaded,4282,4282,0,27782
201811,8,3,2,Loaded,90,90,0,916
201811,5,3,2,Loaded,604,604,0,4575
201811,9,3,2,Loaded,178,178,0,1746
201811,6,4,2,Empty,1402,0,1402,0
201811,3,4,2,Empty,998,0,998,0
201811,1,4,2,Empty,234,0,234,0
201811,4,4,2,Empty,120,0,120,0
201811,2,4,2,Empty,660,0,660,0
201811,8,4,2,Empty,782,0,782,0
201811,5,4,2,Empty,766,0,766,0
201811,9,4,2,Empty,190,0,190,0
201811,6,4,2,Loaded,2478,2478,0,21197
201811,3,4,2,Loaded,278,278,0,2527
201811,1,4,2,Loaded,100,100,0,968
201811,4,4,2,Loaded,4,4,0,51
201811,2,4,2,Loaded,464,464,0,3665
201811,8,4,2,Loaded,64,64,0,409
201811,5,4,2,Loaded,138,138,0,330
201811,7,1,1,Empty,3023,0,3023,0
201811,7,1,1,Loaded,858,858,0,11687
201811,7,2,1,Empty,1,0,1,0
201811,7,2,1,Loaded,171,171,0,1969
201811,7,3,1,Empty,4224,0,4224,0
201811,7,3,1,Loaded,2606,2606,0,24719
201811,7,4,1,Empty,2,0,2,0
201811,7,4,1,Loaded,420,420,0,4151
201811,7,1,2,Empty,22,0,22,0
201811,7,1,2,Loaded,10873,10873,0,144508
201811,7,2,2,Empty,293,0,293,0
201811,7,2,2,Loaded,680,680,0,5377
201811,7,3,2,Empty,8,0,8,0
201811,7,3,2,Loaded,19738,19738,0,122601
201811,7,4,2,Empty,58,0,58,0
201811,7,4,2,Loaded,2756,2756,0,19064
201810,6,1,1,Empty,1308,0,1308,0
201810,3,1,1,Empty,97,0,97,0
201810,1,1,1,Empty,452,0,452,0
201810,4,1,1,Empty,20,0,20,0
201810,2,1,1,Empty,912,0,912,0
201810,8,1,1,Empty,80,0,80,0
201810,5,1,1,Empty,106,0,106,0
201810,9,1,1,Empty,7,0,7,0
201810,6,1,1,Loaded,9020,9020,0,157788
201810,3,1,1,Loaded,1256,1256,0,23526
201810,1,1,1,Loaded,374,374,0,6026
201810,4,1,1,Loaded,331,331,0,6291
201810,2,1,1,Loaded,2074,2074,0,37138
201810,8,1,1,Loaded,70,70,0,1001
201810,5,1,1,Loaded,1234,1234,0,22848
201810,9,1,1,Loaded,284,284,0,6467
201810,6,2,1,Empty,31,0,31,0
201810,3,2,1,Empty,1,0,1,0
201810,5,2,1,Empty,9,0,9,0
201810,6,2,1,Loaded,2802,2802,0,42798
201810,3,2,1,Loaded,444,444,0,5990
201810,1,2,1,Loaded,54,54,0,673
201810,4,2,1,Loaded,81,81,0,1154
201810,2,2,1,Loaded,539,539,0,8443
201810,8,2,1,Loaded,16,16,0,191
201810,5,2,1,Loaded,640,640,0,9969
201810,9,2,1,Loaded,24,24,0,363
201810,6,3,1,Empty,914,0,914,0
201810,3,3,1,Empty,58,0,58,0
201810,1,3,1,Empty,302,0,302,0
201810,4,3,1,Empty,18,0,18,0
201810,2,3,1,Empty,1314,0,1314,0
201810,5,3,1,Empty,68,0,68,0
201810,9,3,1,Empty,6,0,6,0
201810,6,3,1,Loaded,22690,22690,0,257311
201810,3,3,1,Loaded,4002,4002,0,47394
201810,1,3,1,Loaded,918,918,0,10431
201810,4,3,1,Loaded,1024,1024,0,12404
201810,2,3,1,Loaded,4710,4710,0,56306
201810,8,3,1,Loaded,32,32,0,348
201810,5,3,1,Loaded,3216,3216,0,40467
201810,9,3,1,Loaded,1196,1196,0,15077
201810,6,4,1,Empty,94,0,94,0
201810,3,4,1,Empty,2,0,2,0
201810,1,4,1,Empty,4,0,4,0
201810,5,4,1,Empty,16,0,16,0
201810,6,4,1,Loaded,7056,7056,0,81112
201810,3,4,1,Loaded,1096,1096,0,12792
201810,1,4,1,Loaded,264,264,0,3007
201810,4,4,1,Loaded,244,244,0,2774
201810,2,4,1,Loaded,1348,1348,0,15930
201810,8,4,1,Loaded,16,16,0,188
201810,5,4,1,Loaded,1112,1112,0,13746
201810,9,4,1,Loaded,112,112,0,1365
201810,6,1,2,Empty,691,0,691,0
201810,4,1,2,Empty,436,0,436,0
201810,2,1,2,Empty,1,0,1,0
201810,5,1,2,Empty,215,0,215,0
201810,9,1,2,Empty,56,0,56,0
201810,6,1,2,Loaded,6432,6432,0,102609
201810,3,1,2,Loaded,1220,1220,0,21882
201810,1,1,2,Loaded,897,897,0,12662
201810,4,1,2,Loaded,161,161,0,2730
201810,2,1,2,Loaded,3267,3267,0,48925
201810,8,1,2,Loaded,483,483,0,9552
201810,5,1,2,Loaded,629,629,0,11131
201810,9,1,2,Loaded,290,290,0,6575
201810,6,2,2,Empty,1468,0,1468,0
201810,3,2,2,Empty,123,0,123,0
201810,1,2,2,Empty,1,0,1,0
201810,4,2,2,Empty,200,0,200,0
201810,2,2,2,Empty,364,0,364,0
201810,8,2,2,Empty,412,0,412,0
201810,5,2,2,Empty,422,0,422,0
201810,9,2,2,Empty,50,0,50,0
201810,6,2,2,Loaded,285,285,0,2316
201810,3,2,2,Loaded,43,43,0,400
201810,1,2,2,Loaded,27,27,0,243
201810,2,2,2,Loaded,160,160,0,950
201810,8,2,2,Loaded,2,2,0,24
201810,5,2,2,Loaded,16,16,0,20
201810,6,3,2,Empty,6836,0,6836,0
201810,3,3,2,Empty,1230,0,1230,0
201810,1,3,2,Empty,8,0,8,0
201810,4,3,2,Empty,422,0,422,0
201810,2,3,2,Empty,2,0,2,0
201810,8,3,2,Empty,1120,0,1120,0
201810,5,3,2,Empty,2138,0,2138,0
201810,9,3,2,Empty,1710,0,1710,0
201810,6,3,2,Loaded,12064,12064,0,88365
201810,3,3,2,Loaded,1372,1372,0,11140
201810,1,3,2,Loaded,1384,1384,0,8992
201810,4,3,2,Loaded,126,126,0,800
201810,2,3,2,Loaded,4670,4670,0,32166
201810,8,3,2,Loaded,98,98,0,908
201810,5,3,2,Loaded,864,864,0,6449
201810,9,3,2,Loaded,208,208,0,2328
201810,6,4,2,Empty,3728,0,3728,0
201810,3,4,2,Empty,528,0,528,0
201810,1,4,2,Empty,30,0,30,0
201810,4,4,2,Empty,378,0,378,0
201810,2,4,2,Empty,306,0,306,0
201810,8,4,2,Empty,928,0,928,0
201810,5,4,2,Empty,428,0,428,0
201810,9,4,2,Empty,174,0,174,0
201810,6,4,2,Loaded,2514,2514,0,21998
201810,3,4,2,Loaded,354,354,0,3176
201810,1,4,2,Loaded,74,74,0,713
201810,4,4,2,Loaded,72,72,0,204
201810,2,4,2,Loaded,538,538,0,4150
201810,8,4,2,Loaded,128,128,0,877
201810,5,4,2,Loaded,106,106,0,194
201810,9,4,2,Loaded,2,2,0,24
201810,7,1,1,Empty,2707,0,2707,0
201810,7,1,1,Loaded,1398,1398,0,19721
201810,7,2,1,Empty,5,0,5,0
201810,7,2,1,Loaded,231,231,0,2800
201810,7,3,1,Empty,4160,0,4160,0
201810,7,3,1,Loaded,3506,3506,0,30916
201810,7,4,1,Empty,42,0,42,0
201810,7,4,1,Loaded,650,650,0,6484
201810,7,1,2,Empty,9,0,9,0
201810,7,1,2,Loaded,11935,11935,0,154713
201810,7,2,2,Empty,168,0,168,0
201810,7,2,2,Loaded,737,737,0,5474
201810,7,3,2,Empty,98,0,98,0
201810,7,3,2,Loaded,21436,21436,0,131254
201810,7,4,2,Empty,140,0,140,0
201810,7,4,2,Loaded,3122,3122,0,22865
201809,6,1,1,Empty,1589,0,1589,0
201809,3,1,1,Empty,38,0,38,0
201809,1,1,1,Empty,234,0,234,0
201809,4,1,1,Empty,79,0,79,0
201809,2,1,1,Empty,2092,0,2092,0
201809,8,1,1,Empty,30,0,30,0
201809,5,1,1,Empty,163,0,163,0
201809,9,1,1,Empty,14,0,14,0
201809,6,1,1,Loaded,7638,7638,0,134975
201809,3,1,1,Loaded,1392,1392,0,26263
201809,1,1,1,Loaded,308,308,0,5110
201809,4,1,1,Loaded,373,373,0,7302
201809,2,1,1,Loaded,1636,1636,0,29201
201809,8,1,1,Loaded,103,103,0,1500
201809,5,1,1,Loaded,701,701,0,13531
201809,9,1,1,Loaded,169,169,0,3902
201809,6,2,1,Empty,4,0,4,0
201809,3,2,1,Empty,7,0,7,0
201809,1,2,1,Empty,1,0,1,0
201809,5,2,1,Empty,3,0,3,0
201809,6,2,1,Loaded,2216,2216,0,33535
201809,3,2,1,Loaded,349,349,0,4686
201809,1,2,1,Loaded,73,73,0,945
201809,4,2,1,Loaded,127,127,0,2165
201809,2,2,1,Loaded,572,572,0,8484
201809,8,2,1,Loaded,33,33,0,532
201809,5,2,1,Loaded,397,397,0,5985
201809,9,2,1,Loaded,14,14,0,206
201809,6,3,1,Empty,430,0,430,0
201809,3,3,1,Empty,44,0,44,0
201809,1,3,1,Empty,64,0,64,0
201809,4,3,1,Empty,4,0,4,0
201809,2,3,1,Empty,2612,0,2612,0
201809,5,3,1,Empty,12,0,12,0
201809,9,3,1,Empty,16,0,16,0
201809,6,3,1,Loaded,18110,18110,0,202986
201809,3,3,1,Loaded,3740,3740,0,45351
201809,1,3,1,Loaded,1110,1110,0,12221
201809,4,3,1,Loaded,1072,1072,0,13034
201809,2,3,1,Loaded,4154,4154,0,49263
201809,8,3,1,Loaded,56,56,0,668
201809,5,3,1,Loaded,1770,1770,0,21612
201809,9,3,1,Loaded,650,650,0,7797
201809,6,4,1,Empty,60,0,60,0
201809,3,4,1,Empty,44,0,44,0
201809,2,4,1,Empty,2,0,2,0
201809,5,4,1,Empty,2,0,2,0
201809,6,4,1,Loaded,9538,9538,0,107014
201809,3,4,1,Loaded,964,964,0,11121
201809,1,4,1,Loaded,236,236,0,2659
201809,4,4,1,Loaded,284,284,0,3299
201809,2,4,1,Loaded,1648,1648,0,20005
201809,8,4,1,Loaded,8,8,0,85
201809,5,4,1,Loaded,688,688,0,8406
201809,9,4,1,Loaded,98,98,0,1204
201809,6,1,2,Empty,996,0,996,0
201809,4,1,2,Empty,276,0,276,0
201809,9,1,2,Empty,1,0,1,0
201809,6,1,2,Loaded,6727,6727,0,101113
201809,3,1,2,Loaded,849,849,0,14963
201809,1,1,2,Loaded,866,866,0,12425
201809,4,1,2,Loaded,130,130,0,1976
201809,2,1,2,Loaded,2665,2665,0,40325
201809,8,1,2,Loaded,323,323,0,6818
201809,5,1,2,Loaded,526,526,0,9827
201809,9,1,2,Loaded,241,241,0,5306
201809,6,2,2,Empty,626,0,626,0
201809,3,2,2,Empty,855,0,855,0
201809,1,2,2,Empty,13,0,13,0
201809,4,2,2,Empty,16,0,16,0
201809,2,2,2,Empty,323,0,323,0
201809,8,2,2,Empty,349,0,349,0
201809,5,2,2,Empty,527,0,527,0
201809,9,2,2,Empty,28,0,28,0
201809,6,2,2,Loaded,365,365,0,3208
201809,3,2,2,Loaded,25,25,0,180
201809,1,2,2,Loaded,20,20,0,187
201809,2,2,2,Loaded,127,127,0,738
201809,8,2,2,Loaded,3,3,0,26
201809,5,2,2,Loaded,15,15,0,67
201809,6,3,2,Empty,4274,0,4274,0
201809,3,3,2,Empty,504,0,504,0
201809,1,3,2,Empty,4,0,4,0
201809,4,3,2,Empty,764,0,764,0
201809,2,3,2,Empty,4,0,4,0
201809,8,3,2,Empty,258,0,258,0
201809,5,3,2,Empty,356,0,356,0
201809,9,3,2,Empty,480,0,480,0
201809,6,3,2,Loaded,13400,13400,0,94844
201809,3,3,2,Loaded,1054,1054,0,7890
201809,1,3,2,Loaded,1242,1242,0,7612
201809,4,3,2,Loaded,110,110,0,837
201809,2,3,2,Loaded,4336,4336,0,29217
201809,8,3,2,Loaded,110,110,0,1071
201809,5,3,2,Loaded,654,654,0,4911
201809,9,3,2,Loaded,76,76,0,595
201809,6,4,2,Empty,2614,0,2614,0
201809,3,4,2,Empty,120,0,120,0
201809,1,4,2,Empty,24,0,24,0
201809,4,4,2,Empty,128,0,128,0
201809,2,4,2,Empty,526,0,526,0
201809,8,4,2,Empty,534,0,534,0
201809,5,4,2,Empty,10,0,10,0
201809,9,4,2,Empty,2,0,2,0
201809,6,4,2,Loaded,1684,1684,0,12802
201809,3,4,2,Loaded,178,178,0,1462
201809,1,4,2,Loaded,98,98,0,879
201809,4,4,2,Loaded,52,52,0,451
201809,2,4,2,Loaded,476,476,0,4179
201809,8,4,2,Loaded,126,126,0,848
201809,5,4,2,Loaded,108,108,0,230
201809,7,1,1,Empty,627,0,627,0
201809,7,1,1,Loaded,2007,2007,0,27916
201809,7,2,1,Empty,37,0,37,0
201809,7,2,1,Loaded,427,427,0,5450
201809,7,3,1,Empty,1388,0,1388,0
201809,7,3,1,Loaded,5130,5130,0,45979
201809,7,4,1,Empty,80,0,80,0
201809,7,4,1,Loaded,972,972,0,8979
201809,7,1,2,Empty,15,0,15,0
201809,7,1,2,Loaded,10852,10852,0,137840
201809,7,2,2,Empty,254,0,254,0
201809,7,2,2,Loaded,679,679,0,4675
201809,7,3,2,Empty,30,0,30,0
201809,7,3,2,Loaded,20422,20422,0,126602
201809,7,4,2,Empty,66,0,66,0
201809,7,4,2,Loaded,3464,3464,0,28295
201808,6,1,1,Empty,2360,0,2360,0
201808,3,1,1,Empty,25,0,25,0
201808,1,1,1,Empty,267,0,267,0
201808,4,1,1,Empty,13,0,13,0
201808,2,1,1,Empty,1288,0,1288,0
201808,8,1,1,Empty,50,0,50,0
201808,5,1,1,Empty,139,0,139,0
201808,9,1,1,Empty,2,0,2,0
201808,6,1,1,Loaded,6871,6871,0,121574
201808,3,1,1,Loaded,1431,1431,0,26746
201808,1,1,1,Loaded,285,285,0,4270
201808,4,1,1,Loaded,465,465,0,8668
201808,2,1,1,Loaded,1281,1281,0,22474
201808,8,1,1,Loaded,94,94,0,1613
201808,5,1,1,Loaded,516,516,0,9792
201808,9,1,1,Loaded,360,360,0,7936
201808,6,2,1,Empty,13,0,13,0
201808,3,2,1,Empty,7,0,7,0
201808,2,2,1,Empty,8,0,8,0
201808,5,2,1,Empty,3,0,3,0
201808,9,2,1,Empty,1,0,1,0
201808,6,2,1,Loaded,2072,2072,0,30532
201808,3,2,1,Loaded,441,441,0,5866
201808,1,2,1,Loaded,71,71,0,967
201808,4,2,1,Loaded,147,147,0,2270
201808,2,2,1,Loaded,271,271,0,4024
201808,8,2,1,Loaded,97,97,0,1424
201808,5,2,1,Loaded,322,322,0,4732
201808,9,2,1,Loaded,6,6,0,93
201808,6,3,1,Empty,1720,0,1720,0
201808,3,3,1,Empty,84,0,84,0
201808,1,3,1,Empty,68,0,68,0
201808,4,3,1,Empty,2,0,2,0
201808,2,3,1,Empty,2488,0,2488,0
201808,8,3,1,Empty,2,0,2,0
201808,5,3,1,Empty,164,0,164,0
201808,9,3,1,Empty,6,0,6,0
201808,6,3,1,Loaded,15940,15940,0,178866
201808,3,3,1,Loaded,3584,3584,0,43484
201808,1,3,1,Loaded,862,862,0,9117
201808,4,3,1,Loaded,1032,1032,0,12397
201808,2,3,1,Loaded,3052,3052,0,35808
201808,8,3,1,Loaded,216,216,0,2626
201808,5,3,1,Loaded,1562,1562,0,18846
201808,9,3,1,Loaded,760,760,0,8760
201808,6,4,1,Empty,64,0,64,0
201808,3,4,1,Empty,24,0,24,0
201808,2,4,1,Empty,8,0,8,0
201808,8,4,1,Empty,4,0,4,0
201808,5,4,1,Empty,20,0,20,0
201808,6,4,1,Loaded,8364,8364,0,93633
201808,3,4,1,Loaded,1880,1880,0,21224
201808,1,4,1,Loaded,146,146,0,1551
201808,4,4,1,Loaded,348,348,0,4037
201808,2,4,1,Loaded,1154,1154,0,13877
201808,8,4,1,Loaded,238,238,0,2892
201808,5,4,1,Loaded,468,468,0,5677
201808,9,4,1,Loaded,28,28,0,331
201808,6,1,2,Empty,908,0,908,0
201808,3,1,2,Empty,50,0,50,0
201808,4,1,2,Empty,84,0,84,0
201808,5,1,2,Empty,102,0,102,0
201808,9,1,2,Empty,1,0,1,0
201808,6,1,2,Loaded,5250,5250,0,81127
201808,3,1,2,Loaded,977,977,0,17383
201808,1,1,2,Loaded,775,775,0,11123
201808,4,1,2,Loaded,145,145,0,2470
201808,2,1,2,Loaded,2605,2605,0,39398
201808,8,1,2,Loaded,348,348,0,6978
201808,5,1,2,Loaded,403,403,0,6937
201808,9,1,2,Loaded,450,450,0,9863
201808,6,2,2,Empty,1059,0,1059,0
201808,3,2,2,Empty,404,0,404,0
201808,1,2,2,Empty,174,0,174,0
201808,4,2,2,Empty,344,0,344,0
201808,2,2,2,Empty,477,0,477,0
201808,8,2,2,Empty,239,0,239,0
201808,5,2,2,Empty,224,0,224,0
201808,9,2,2,Empty,17,0,17,0
201808,6,2,2,Loaded,214,214,0,1542
201808,3,2,2,Loaded,46,46,0,538
201808,1,2,2,Loaded,22,22,0,204
201808,4,2,2,Loaded,2,2,0,31
201808,2,2,2,Loaded,123,123,0,803
201808,5,2,2,Loaded,15,15,0,119
201808,9,2,2,Loaded,1,1,0,5
201808,6,3,2,Empty,2396,0,2396,0
201808,3,3,2,Empty,1516,0,1516,0
201808,4,3,2,Empty,580,0,580,0
201808,2,3,2,Empty,8,0,8,0
201808,8,3,2,Empty,2,0,2,0
201808,5,3,2,Empty,470,0,470,0
201808,9,3,2,Empty,876,0,876,0
201808,6,3,2,Loaded,10164,10164,0,79009
201808,3,3,2,Loaded,974,974,0,6674
201808,1,3,2,Loaded,1110,1110,0,6548
201808,4,3,2,Loaded,132,132,0,846
201808,2,3,2,Loaded,3796,3796,0,25571
201808,8,3,2,Loaded,84,84,0,508
201808,5,3,2,Loaded,596,596,0,3619
201808,9,3,2,Loaded,154,154,0,1120
201808,6,4,2,Empty,3746,0,3746,0
201808,3,4,2,Empty,572,0,572,0
201808,1,4,2,Empty,132,0,132,0
201808,4,4,2,Empty,852,0,852,0
201808,2,4,2,Empty,396,0,396,0
201808,8,4,2,Empty,350,0,350,0
201808,5,4,2,Empty,44,0,44,0
201808,9,4,2,Empty,12,0,12,0
201808,6,4,2,Loaded,1262,1262,0,10708
201808,3,4,2,Loaded,230,230,0,2168
201808,1,4,2,Loaded,118,118,0,1045
201808,4,4,2,Loaded,18,18,0,108
201808,2,4,2,Loaded,466,466,0,3828
201808,8,4,2,Loaded,78,78,0,539
201808,5,4,2,Loaded,70,70,0,245
201808,7,1,1,Empty,3174,0,3174,0
201808,7,1,1,Loaded,1881,1881,0,27930
201808,7,2,1,Empty,139,0,139,0
201808,7,2,1,Loaded,447,447,0,6226
201808,7,3,1,Empty,4964,0,4964,0
201808,7,3,1,Loaded,4256,4256,0,39190
201808,7,4,1,Empty,180,0,180,0
201808,7,4,1,Loaded,848,848,0,8728
201808,7,1,2,Empty,20,0,20,0
201808,7,1,2,Loaded,10010,10010,0,131051
201808,7,2,2,Empty,436,0,436,0
201808,7,2,2,Loaded,641,641,0,4369
201808,7,3,2,Empty,482,0,482,0
201808,7,3,2,Loaded,18670,18670,0,116967
201808,7,4,2,Empty,118,0,118,0
201808,7,4,2,Loaded,2896,2896,0,23681
201807,6,1,1,Empty,1787,0,1787,0
201807,3,1,1,Empty,90,0,90,0
201807,1,1,1,Empty,268,0,268,0
201807,4,1,1,Empty,87,0,87,0
201807,2,1,1,Empty,1050,0,1050,0
201807,8,1,1,Empty,102,0,102,0
201807,5,1,1,Empty,195,0,195,0
201807,6,1,1,Loaded,7135,7135,0,123134
201807,3,1,1,Loaded,1421,1421,0,26500
201807,1,1,1,Loaded,503,503,0,8558
201807,4,1,1,Loaded,430,430,0,7903
201807,2,1,1,Loaded,1510,1510,0,26160
201807,8,1,1,Loaded,384,384,0,6667
201807,5,1,1,Loaded,1353,1353,0,25443
201807,9,1,1,Loaded,256,256,0,5870
201807,6,2,1,Empty,9,0,9,0
201807,4,2,1,Empty,1,0,1,0
201807,2,2,1,Empty,10,0,10,0
201807,5,2,1,Empty,1,0,1,0
201807,6,2,1,Loaded,3541,3541,0,55570
201807,3,2,1,Loaded,536,536,0,7480
201807,1,2,1,Loaded,75,75,0,1017
201807,4,2,1,Loaded,220,220,0,3551
201807,2,2,1,Loaded,502,502,0,7560
201807,8,2,1,Loaded,202,202,0,3136
201807,5,2,1,Loaded,774,774,0,12194
201807,9,2,1,Loaded,15,15,0,197
201807,6,3,1,Empty,1208,0,1208,0
201807,3,3,1,Empty,130,0,130,0
201807,1,3,1,Empty,520,0,520,0
201807,4,3,1,Empty,14,0,14,0
201807,2,3,1,Empty,2596,0,2596,0
201807,5,3,1,Empty,192,0,192,0
201807,9,3,1,Empty,12,0,12,0
201807,6,3,1,Loaded,17874,17874,0,208588
201807,3,3,1,Loaded,3228,3228,0,38232
201807,1,3,1,Loaded,1066,1066,0,11975
201807,4,3,1,Loaded,1248,1248,0,15023
201807,2,3,1,Loaded,4692,4692,0,57709
201807,8,3,1,Loaded,964,964,0,12601
201807,5,3,1,Loaded,3572,3572,0,45377
201807,9,3,1,Loaded,596,596,0,7082
201807,6,4,1,Empty,98,0,98,0
201807,3,4,1,Empty,4,0,4,0
201807,4,4,1,Empty,18,0,18,0
201807,2,4,1,Empty,8,0,8,0
201807,8,4,1,Empty,4,0,4,0
201807,5,4,1,Empty,2,0,2,0
201807,6,4,1,Loaded,8718,8718,0,99544
201807,3,4,1,Loaded,3124,3124,0,35295
201807,1,4,1,Loaded,300,300,0,3470
201807,4,4,1,Loaded,990,990,0,11048
201807,2,4,1,Loaded,1316,1316,0,15838
201807,8,4,1,Loaded,684,684,0,8620
201807,5,4,1,Loaded,792,792,0,9691
201807,9,4,1,Loaded,136,136,0,1706
201807,6,1,2,Empty,1095,0,1095,0
201807,3,1,2,Empty,101,0,101,0
201807,4,1,2,Empty,160,0,160,0
201807,8,1,2,Empty,461,0,461,0
201807,5,1,2,Empty,601,0,601,0
201807,9,1,2,Empty,81,0,81,0
201807,6,1,2,Loaded,6243,6243,0,98708
201807,3,1,2,Loaded,821,821,0,14329
201807,1,1,2,Loaded,880,880,0,12300
201807,4,1,2,Loaded,261,261,0,4236
201807,2,1,2,Loaded,2782,2782,0,41867
201807,8,1,2,Loaded,569,569,0,11059
201807,5,1,2,Loaded,433,433,0,7249
201807,9,1,2,Loaded,398,398,0,9214
201807,6,2,2,Empty,1609,0,1609,0
201807,3,2,2,Empty,466,0,466,0
201807,1,2,2,Empty,138,0,138,0
201807,4,2,2,Empty,284,0,284,0
201807,2,2,2,Empty,634,0,634,0
201807,8,2,2,Empty,622,0,622,0
201807,5,2,2,Empty,817,0,817,0
201807,9,2,2,Empty,11,0,11,0
201807,6,2,2,Loaded,212,212,0,1486
201807,3,2,2,Loaded,35,35,0,301
201807,1,2,2,Loaded,46,46,0,511
201807,4,2,2,Loaded,10,10,0,157
201807,2,2,2,Loaded,156,156,0,888
201807,8,2,2,Loaded,1,1,0,6
201807,5,2,2,Loaded,15,15,0,82
201807,6,3,2,Empty,4180,0,4180,0
201807,3,3,2,Empty,1334,0,1334,0
201807,4,3,2,Empty,838,0,838,0
201807,2,3,2,Empty,18,0,18,0
201807,8,3,2,Empty,692,0,692,0
201807,5,3,2,Empty,2614,0,2614,0
201807,9,3,2,Empty,524,0,524,0
201807,6,3,2,Loaded,11692,11692,0,87367
201807,3,3,2,Loaded,944,944,0,7406
201807,1,3,2,Loaded,1470,1470,0,9306
201807,4,3,2,Loaded,470,470,0,3333
201807,2,3,2,Loaded,3932,3932,0,26242
201807,8,3,2,Loaded,106,106,0,787
201807,5,3,2,Loaded,902,902,0,6545
201807,9,3,2,Loaded,62,62,0,411
201807,6,4,2,Empty,5438,0,5438,0
201807,3,4,2,Empty,1618,0,1618,0
201807,1,4,2,Empty,108,0,108,0
201807,4,4,2,Empty,1258,0,1258,0
201807,2,4,2,Empty,1380,0,1380,0
201807,8,4,2,Empty,572,0,572,0
201807,5,4,2,Empty,770,0,770,0
201807,9,4,2,Empty,96,0,96,0
201807,6,4,2,Loaded,1048,1048,0,8201
201807,3,4,2,Loaded,270,270,0,2689
201807,1,4,2,Loaded,128,128,0,1340
201807,4,4,2,Loaded,84,84,0,692
201807,2,4,2,Loaded,454,454,0,3897
201807,8,4,2,Loaded,116,116,0,746
201807,5,4,2,Loaded,130,130,0,401
201807,7,1,1,Empty,3637,0,3637,0
201807,7,1,1,Loaded,2879,2879,0,43989
201807,7,2,1,Empty,23,0,23,0
201807,7,2,1,Loaded,684,684,0,9285
201807,7,3,1,Empty,6734,0,6734,0
201807,7,3,1,Loaded,6340,6340,0,58698
201807,7,4,1,Empty,6,0,6,0
201807,7,4,1,Loaded,1884,1884,0,19963
201807,7,1,2,Empty,4,0,4,0
201807,7,1,2,Loaded,10859,10859,0,140716
201807,7,2,2,Empty,763,0,763,0
201807,7,2,2,Loaded,776,776,0,5512
201807,7,3,2,Empty,18,0,18,0
201807,7,3,2,Loaded,19550,19550,0,124619
201807,7,4,2,Empty,272,0,272,0
201807,7,4,2,Loaded,3670,3670,0,29842
201806,6,1,1,Empty,1311,0,1311,0
201806,3,1,1,Empty,9,0,9,0
201806,1,1,1,Empty,251,0,251,0
201806,4,1,1,Empty,1,0,1,0
201806,2,1,1,Empty,598,0,598,0
201806,8,1,1,Empty,3,0,3,0
201806,5,1,1,Empty,79,0,79,0
201806,9,1,1,Empty,3,0,3,0
201806,6,1,1,Loaded,7722,7722,0,132801
201806,3,1,1,Loaded,1790,1790,0,33256
201806,1,1,1,Loaded,360,360,0,6054
201806,4,1,1,Loaded,236,236,0,4215
201806,2,1,1,Loaded,1837,1837,0,32263
201806,8,1,1,Loaded,402,402,0,7106
201806,5,1,1,Loaded,1225,1225,0,22486
201806,9,1,1,Loaded,236,236,0,5202
201806,6,2,1,Empty,24,0,24,0
201806,2,2,1,Empty,1,0,1,0
201806,6,2,1,Loaded,3715,3715,0,58590
201806,3,2,1,Loaded,642,642,0,8991
201806,1,2,1,Loaded,88,88,0,1217
201806,4,2,1,Loaded,119,119,0,1732
201806,2,2,1,Loaded,603,603,0,9151
201806,8,2,1,Loaded,142,142,0,2259
201806,5,2,1,Loaded,648,648,0,9898
201806,9,2,1,Loaded,22,22,0,312
201806,6,3,1,Empty,1416,0,1416,0
201806,3,3,1,Empty,48,0,48,0
201806,1,3,1,Empty,252,0,252,0
201806,4,3,1,Empty,30,0,30,0
201806,2,3,1,Empty,2628,0,2628,0
201806,8,3,1,Empty,22,0,22,0
201806,5,3,1,Empty,48,0,48,0
201806,9,3,1,Empty,10,0,10,0
201806,6,3,1,Loaded,18076,18076,0,207927
201806,3,3,1,Loaded,3896,3896,0,46922
201806,1,3,1,Loaded,1092,1092,0,12133
201806,4,3,1,Loaded,924,924,0,11281
201806,2,3,1,Loaded,4784,4784,0,58255
201806,8,3,1,Loaded,548,548,0,7242
201806,5,3,1,Loaded,3706,3706,0,47137
201806,9,3,1,Loaded,710,710,0,8254
201806,6,4,1,Empty,16,0,16,0
201806,3,4,1,Empty,2,0,2,0
201806,2,4,1,Empty,6,0,6,0
201806,5,4,1,Empty,20,0,20,0
201806,6,4,1,Loaded,10108,10108,0,114089
201806,3,4,1,Loaded,4936,4936,0,56465
201806,1,4,1,Loaded,378,378,0,4392
201806,4,4,1,Loaded,1800,1800,0,19701
201806,2,4,1,Loaded,1524,1524,0,17990
201806,8,4,1,Loaded,664,664,0,8197
201806,5,4,1,Loaded,1184,1184,0,14382
201806,9,4,1,Loaded,178,178,0,2257
201806,6,1,2,Empty,539,0,539,0
201806,3,1,2,Empty,420,0,420,0
201806,1,1,2,Empty,100,0,100,0
201806,4,1,2,Empty,362,0,362,0
201806,2,1,2,Empty,58,0,58,0
201806,8,1,2,Empty,370,0,370,0
201806,5,1,2,Empty,466,0,466,0
201806,9,1,2,Empty,144,0,144,0
201806,6,1,2,Loaded,5101,5101,0,79120
201806,3,1,2,Loaded,628,628,0,10508
201806,1,1,2,Loaded,865,865,0,12343
201806,4,1,2,Loaded,199,199,0,3186
201806,2,1,2,Loaded,2775,2775,0,41224
201806,8,1,2,Loaded,306,306,0,5820
201806,5,1,2,Loaded,497,497,0,8730
201806,9,1,2,Loaded,278,278,0,6250
201806,6,2,2,Empty,1597,0,1597,0
201806,3,2,2,Empty,630,0,630,0
201806,1,2,2,Empty,175,0,175,0
201806,4,2,2,Empty,131,0,131,0
201806,2,2,2,Empty,484,0,484,0
201806,8,2,2,Empty,296,0,296,0
201806,5,2,2,Empty,654,0,654,0
201806,9,2,2,Empty,37,0,37,0
201806,6,2,2,Loaded,187,187,0,1395
201806,3,2,2,Loaded,24,24,0,214
201806,1,2,2,Loaded,28,28,0,243
201806,4,2,2,Loaded,6,6,0,91
201806,2,2,2,Loaded,162,162,0,1064
201806,5,2,2,Loaded,15,15,0,107
201806,6,3,2,Empty,4430,0,4430,0
201806,3,3,2,Empty,1682,0,1682,0
201806,1,3,2,Empty,124,0,124,0
201806,4,3,2,Empty,1108,0,1108,0
201806,2,3,2,Empty,482,0,482,0
201806,8,3,2,Empty,836,0,836,0
201806,5,3,2,Empty,740,0,740,0
201806,9,3,2,Empty,666,0,666,0
201806,6,3,2,Loaded,10328,10328,0,76954
201806,3,3,2,Loaded,760,760,0,5826
201806,1,3,2,Loaded,1288,1288,0,8273
201806,4,3,2,Loaded,232,232,0,1465
201806,2,3,2,Loaded,4210,4210,0,28114
201806,8,3,2,Loaded,106,106,0,828
201806,5,3,2,Loaded,878,878,0,6768
201806,9,3,2,Loaded,48,48,0,288
201806,6,4,2,Empty,5142,0,5142,0
201806,3,4,2,Empty,4482,0,4482,0
201806,1,4,2,Empty,116,0,116,0
201806,4,4,2,Empty,2442,0,2442,0
201806,2,4,2,Empty,1166,0,1166,0
201806,8,4,2,Empty,624,0,624,0
201806,5,4,2,Empty,722,0,722,0
201806,9,4,2,Empty,244,0,244,0
201806,6,4,2,Loaded,1008,1008,0,8435
201806,3,4,2,Loaded,292,292,0,2836
201806,1,4,2,Loaded,156,156,0,1718
201806,4,4,2,Loaded,30,30,0,307
201806,2,4,2,Loaded,450,450,0,3759
201806,8,4,2,Loaded,116,116,0,762
201806,5,4,2,Loaded,82,82,0,334
201806,7,1,1,Empty,2197,0,2197,0
201806,7,1,1,Loaded,2270,2270,0,33918
201806,7,2,1,Empty,15,0,15,0
201806,7,2,1,Loaded,625,625,0,8660
201806,7,3,1,Empty,3506,0,3506,0
201806,7,3,1,Loaded,5048,5048,0,45494
201806,7,4,1,Empty,4,0,4,0
201806,7,4,1,Loaded,1584,1584,0,16769
201806,7,1,2,Empty,43,0,43,0
201806,7,1,2,Loaded,9795,9795,0,126310
201806,7,2,2,Empty,516,0,516,0
201806,7,2,2,Loaded,948,948,0,6483
201806,7,3,2,Empty,226,0,226,0
201806,7,3,2,Loaded,16594,16594,0,101417
201806,7,4,2,Empty,104,0,104,0
201806,7,4,2,Loaded,3056,3056,0,24641
201805,6,1,1,Empty,1622,0,1622,0
201805,3,1,1,Empty,8,0,8,0
201805,1,1,1,Empty,186,0,186,0
201805,4,1,1,Empty,98,0,98,0
201805,2,1,1,Empty,742,0,742,0
201805,8,1,1,Empty,92,0,92,0
201805,5,1,1,Empty,73,0,73,0
201805,9,1,1,Empty,2,0,2,0
201805,6,1,1,Loaded,7423,7423,0,127804
201805,3,1,1,Loaded,1599,1599,0,29529
201805,1,1,1,Loaded,427,427,0,7149
201805,4,1,1,Loaded,337,337,0,6069
201805,2,1,1,Loaded,1405,1405,0,24369
201805,8,1,1,Loaded,432,432,0,7625
201805,5,1,1,Loaded,1024,1024,0,18859
201805,9,1,1,Loaded,322,322,0,6952
201805,6,2,1,Empty,3,0,3,0
201805,2,2,1,Empty,6,0,6,0
201805,5,2,1,Empty,30,0,30,0
201805,6,2,1,Loaded,3874,3874,0,60660
201805,3,2,1,Loaded,573,573,0,7971
201805,1,2,1,Loaded,76,76,0,1014
201805,4,2,1,Loaded,153,153,0,2365
201805,2,2,1,Loaded,579,579,0,8700
201805,8,2,1,Loaded,325,325,0,5041
201805,5,2,1,Loaded,718,718,0,10691
201805,9,2,1,Loaded,45,45,0,695
201805,6,3,1,Empty,1918,0,1918,0
201805,3,3,1,Empty,76,0,76,0
201805,1,3,1,Empty,342,0,342,0
201805,4,3,1,Empty,18,0,18,0
201805,2,3,1,Empty,1356,0,1356,0
201805,8,3,1,Empty,106,0,106,0
201805,5,3,1,Empty,90,0,90,0
201805,9,3,1,Empty,6,0,6,0
201805,6,3,1,Loaded,17808,17808,0,204401
201805,3,3,1,Loaded,3788,3788,0,45717
201805,1,3,1,Loaded,1108,1108,0,12254
201805,4,3,1,Loaded,1204,1204,0,14615
201805,2,3,1,Loaded,4054,4054,0,48387
201805,8,3,1,Loaded,816,816,0,10812
201805,5,3,1,Loaded,3200,3200,0,40379
201805,9,3,1,Loaded,1062,1062,0,12684
201805,6,4,1,Empty,440,0,440,0
201805,3,4,1,Empty,2,0,2,0
201805,1,4,1,Empty,2,0,2,0
201805,2,4,1,Empty,2,0,2,0
201805,5,4,1,Empty,52,0,52,0
201805,6,4,1,Loaded,11864,11864,0,134489
201805,3,4,1,Loaded,6358,6358,0,73014
201805,1,4,1,Loaded,464,464,0,5411
201805,4,4,1,Loaded,2016,2016,0,22612
201805,2,4,1,Loaded,1456,1456,0,17736
201805,8,4,1,Loaded,804,804,0,9955
201805,5,4,1,Loaded,1810,1810,0,21970
201805,9,4,1,Loaded,262,262,0,3301
201805,6,1,2,Empty,1072,0,1072,0
201805,3,1,2,Empty,92,0,92,0
201805,1,1,2,Empty,1,0,1,0
201805,4,1,2,Empty,114,0,114,0
201805,2,1,2,Empty,16,0,16,0
201805,8,1,2,Empty,353,0,353,0
201805,5,1,2,Empty,545,0,545,0
201805,9,1,2,Empty,225,0,225,0
201805,6,1,2,Loaded,5415,5415,0,79408
201805,3,1,2,Loaded,748,748,0,13324
201805,1,1,2,Loaded,820,820,0,11715
201805,4,1,2,Loaded,125,125,0,2100
201805,2,1,2,Loaded,2139,2139,0,30952
201805,8,1,2,Loaded,331,331,0,5606
201805,5,1,2,Loaded,444,444,0,7707
201805,9,1,2,Loaded,324,324,0,7596
201805,6,2,2,Empty,1668,0,1668,0
201805,3,2,2,Empty,410,0,410,0
201805,1,2,2,Empty,107,0,107,0
201805,4,2,2,Empty,269,0,269,0
201805,2,2,2,Empty,290,0,290,0
201805,8,2,2,Empty,121,0,121,0
201805,5,2,2,Empty,522,0,522,0
201805,9,2,2,Empty,96,0,96,0
201805,6,2,2,Loaded,180,180,0,1184
201805,3,2,2,Loaded,30,30,0,285
201805,1,2,2,Loaded,38,38,0,348
201805,4,2,2,Loaded,11,11,0,167
201805,2,2,2,Loaded,132,132,0,808
201805,8,2,2,Loaded,4,4,0,10
201805,5,2,2,Loaded,21,21,0,100
201805,9,2,2,Loaded,1,1,0,18
201805,6,3,2,Empty,4650,0,4650,0
201805,3,3,2,Empty,814,0,814,0
201805,1,3,2,Empty,328,0,328,0
201805,4,3,2,Empty,1014,0,1014,0
201805,2,3,2,Empty,276,0,276,0
201805,8,3,2,Empty,244,0,244,0
201805,5,3,2,Empty,2202,0,2202,0
201805,9,3,2,Empty,1198,0,1198,0
201805,6,3,2,Loaded,11084,11084,0,79993
201805,3,3,2,Loaded,718,718,0,5407
201805,1,3,2,Loaded,1324,1324,0,8248
201805,4,3,2,Loaded,236,236,0,1727
201805,2,3,2,Loaded,3308,3308,0,21631
201805,8,3,2,Loaded,126,126,0,1007
201805,5,3,2,Loaded,870,870,0,7188
201805,9,3,2,Loaded,54,54,0,334
201805,6,4,2,Empty,5438,0,5438,0
201805,3,4,2,Empty,5232,0,5232,0
201805,1,4,2,Empty,194,0,194,0
201805,4,4,2,Empty,2364,0,2364,0
201805,2,4,2,Empty,1182,0,1182,0
201805,8,4,2,Empty,864,0,864,0
201805,5,4,2,Empty,1556,0,1556,0
201805,9,4,2,Empty,338,0,338,0
201805,6,4,2,Loaded,1414,1414,0,10518
201805,3,4,2,Loaded,296,296,0,2799
201805,1,4,2,Loaded,150,150,0,1510
201805,4,4,2,Loaded,34,34,0,312
201805,2,4,2,Loaded,316,316,0,2540
201805,8,4,2,Loaded,100,100,0,594
201805,5,4,2,Loaded,130,130,0,298
201805,9,4,2,Loaded,2,2,0,12
201805,7,1,1,Empty,2275,0,2275,0
201805,7,1,1,Loaded,2220,2220,0,31980
201805,7,2,1,Empty,106,0,106,0
201805,7,2,1,Loaded,558,558,0,7669
201805,7,3,1,Empty,5286,0,5286,0
201805,7,3,1,Loaded,4512,4512,0,39474
201805,7,4,1,Empty,8,0,8,0
201805,7,4,1,Loaded,1528,1528,0,16924
201805,7,1,2,Empty,114,0,114,0
201805,7,1,2,Loaded,10256,10256,0,134728
201805,7,2,2,Empty,639,0,639,0
201805,7,2,2,Loaded,804,804,0,5939
201805,7,3,2,Empty,182,0,182,0
201805,7,3,2,Loaded,17550,17550,0,109020
201805,7,4,2,Empty,640,0,640,0
201805,7,4,2,Loaded,3810,3810,0,32477
201804,6,1,1,Empty,1399,0,1399,0
201804,3,1,1,Empty,8,0,8,0
201804,1,1,1,Empty,390,0,390,0
201804,4,1,1,Empty,18,0,18,0
201804,2,1,1,Empty,690,0,690,0
201804,8,1,1,Empty,100,0,100,0
201804,5,1,1,Empty,79,0,79,0
201804,9,1,1,Empty,4,0,4,0
201804,6,1,1,Loaded,6957,6957,0,121883
201804,3,1,1,Loaded,1517,1517,0,28000
201804,1,1,1,Loaded,291,291,0,4957
201804,4,1,1,Loaded,389,389,0,7370
201804,2,1,1,Loaded,1386,1386,0,24222
201804,8,1,1,Loaded,338,338,0,5698
201804,5,1,1,Loaded,1019,1019,0,18249
201804,9,1,1,Loaded,238,238,0,5356
201804,6,2,1,Empty,5,0,5,0
201804,1,2,1,Empty,1,0,1,0
201804,4,2,1,Empty,1,0,1,0
201804,2,2,1,Empty,2,0,2,0
201804,5,2,1,Empty,40,0,40,0
201804,6,2,1,Loaded,3371,3371,0,53076
201804,3,2,1,Loaded,615,615,0,8632
201804,1,2,1,Loaded,83,83,0,1159
201804,4,2,1,Loaded,119,119,0,1671
201804,2,2,1,Loaded,431,431,0,6534
201804,8,2,1,Loaded,182,182,0,3007
201804,5,2,1,Loaded,763,763,0,11513
201804,9,2,1,Loaded,22,22,0,330
201804,6,3,1,Empty,1964,0,1964,0
201804,3,3,1,Empty,18,0,18,0
201804,1,3,1,Empty,398,0,398,0
201804,4,3,1,Empty,8,0,8,0
201804,2,3,1,Empty,1096,0,1096,0
201804,8,3,1,Empty,2,0,2,0
201804,5,3,1,Empty,46,0,46,0
201804,9,3,1,Empty,12,0,12,0
201804,6,3,1,Loaded,18132,18132,0,210269
201804,3,3,1,Loaded,4230,4230,0,51704
201804,1,3,1,Loaded,916,916,0,10389
201804,4,3,1,Loaded,918,918,0,11080
201804,2,3,1,Loaded,4458,4458,0,54688
201804,8,3,1,Loaded,782,782,0,10400
201804,5,3,1,Loaded,3298,3298,0,41848
201804,9,3,1,Loaded,722,722,0,8845
201804,6,4,1,Empty,68,0,68,0
201804,4,4,1,Empty,18,0,18,0
201804,2,4,1,Empty,6,0,6,0
201804,5,4,1,Empty,108,0,108,0
201804,6,4,1,Loaded,7464,7464,0,83917
201804,3,4,1,Loaded,7364,7364,0,85698
201804,1,4,1,Loaded,314,314,0,3554
201804,4,4,1,Loaded,1840,1840,0,20665
201804,2,4,1,Loaded,1392,1392,0,16842
201804,8,4,1,Loaded,538,538,0,6560
201804,5,4,1,Loaded,1862,1862,0,22373
201804,9,4,1,Loaded,140,140,0,1778
201804,6,1,2,Empty,827,0,827,0
201804,1,1,2,Empty,5,0,5,0
201804,4,1,2,Empty,279,0,279,0
201804,8,1,2,Empty,325,0,325,0
201804,5,1,2,Empty,537,0,537,0
201804,9,1,2,Empty,179,0,179,0
201804,6,1,2,Loaded,5124,5124,0,79105
201804,3,1,2,Loaded,785,785,0,14190
201804,1,1,2,Loaded,584,584,0,8184
201804,4,1,2,Loaded,206,206,0,3373
201804,2,1,2,Loaded,2114,2114,0,29900
201804,8,1,2,Loaded,226,226,0,4522
201804,5,1,2,Loaded,473,473,0,8586
201804,9,1,2,Loaded,155,155,0,3230
201804,6,2,2,Empty,1482,0,1482,0
201804,3,2,2,Empty,563,0,563,0
201804,1,2,2,Empty,255,0,255,0
201804,4,2,2,Empty,246,0,246,0
201804,2,2,2,Empty,545,0,545,0
201804,8,2,2,Empty,516,0,516,0
201804,5,2,2,Empty,713,0,713,0
201804,9,2,2,Empty,13,0,13,0
201804,6,2,2,Loaded,224,224,0,1638
201804,3,2,2,Loaded,28,28,0,295
201804,1,2,2,Loaded,19,19,0,162
201804,4,2,2,Loaded,5,5,0,90
201804,2,2,2,Loaded,127,127,0,704
201804,8,2,2,Loaded,1,1,0,0
201804,5,2,2,Loaded,17,17,0,22
201804,9,2,2,Loaded,1,1,0,4
201804,6,3,2,Empty,5096,0,5096,0
201804,3,3,2,Empty,320,0,320,0
201804,1,3,2,Empty,330,0,330,0
201804,4,3,2,Empty,624,0,624,0
201804,2,3,2,Empty,454,0,454,0
201804,8,3,2,Empty,804,0,804,0
201804,5,3,2,Empty,1954,0,1954,0
201804,9,3,2,Empty,502,0,502,0
201804,6,3,2,Loaded,10464,10464,0,76226
201804,3,3,2,Loaded,876,876,0,6798
201804,1,3,2,Loaded,1060,1060,0,7453
201804,4,3,2,Loaded,224,224,0,1436
201804,2,3,2,Loaded,3534,3534,0,23614
201804,8,3,2,Loaded,112,112,0,1040
201804,5,3,2,Loaded,726,726,0,6227
201804,9,3,2,Loaded,38,38,0,280
201804,6,4,2,Empty,6854,0,6854,0
201804,3,4,2,Empty,5050,0,5050,0
201804,1,4,2,Empty,300,0,300,0
201804,4,4,2,Empty,1720,0,1720,0
201804,2,4,2,Empty,1338,0,1338,0
201804,8,4,2,Empty,538,0,538,0
201804,5,4,2,Empty,1078,0,1078,0
201804,9,4,2,Empty,128,0,128,0
201804,6,4,2,Loaded,1422,1422,0,8509
201804,3,4,2,Loaded,316,316,0,2287
201804,1,4,2,Loaded,98,98,0,955
201804,4,4,2,Loaded,56,56,0,517
201804,2,4,2,Loaded,368,368,0,2539
201804,8,4,2,Loaded,66,66,0,367
201804,5,4,2,Loaded,302,302,0,627
201804,7,1,1,Empty,2177,0,2177,0
201804,7,1,1,Loaded,2045,2045,0,27846
201804,7,2,1,Empty,20,0,20,0
201804,7,2,1,Loaded,556,556,0,7738
201804,7,3,1,Empty,2296,0,2296,0
201804,7,3,1,Loaded,4518,4518,0,39448
201804,7,4,1,Empty,12,0,12,0
201804,7,4,1,Loaded,1736,1736,0,19552
201804,7,1,2,Empty,21,0,21,0
201804,7,1,2,Loaded,8738,8738,0,117400
201804,7,2,2,Empty,559,0,559,0
201804,7,2,2,Loaded,723,723,0,5445
201804,7,3,2,Empty,376,0,376,0
201804,7,3,2,Loaded,15280,15280,0,96918
201804,7,4,2,Empty,238,0,238,0
201804,7,4,2,Loaded,3140,3140,0,26468
201803,6,1,1,Empty,1283,0,1283,0
201803,3,1,1,Empty,117,0,117,0
201803,1,1,1,Empty,703,0,703,0
201803,4,1,1,Empty,124,0,124,0
201803,2,1,1,Empty,429,0,429,0
201803,8,1,1,Empty,81,0,81,0
201803,5,1,1,Empty,109,0,109,0
201803,9,1,1,Empty,3,0,3,0
201803,6,1,1,Loaded,8003,8003,0,141142
201803,3,1,1,Loaded,1523,1523,0,28552
201803,1,1,1,Loaded,329,329,0,5332
201803,4,1,1,Loaded,589,589,0,11676
201803,2,1,1,Loaded,1413,1413,0,25043
201803,8,1,1,Loaded,423,423,0,6911
201803,5,1,1,Loaded,1017,1017,0,18212
201803,9,1,1,Loaded,387,387,0,8515
201803,6,2,1,Empty,53,0,53,0
201803,3,2,1,Empty,6,0,6,0
201803,5,2,1,Empty,6,0,6,0
201803,9,2,1,Empty,1,0,1,0
201803,6,2,1,Loaded,3325,3325,0,52832
201803,3,2,1,Loaded,541,541,0,7370
201803,1,2,1,Loaded,131,131,0,1871
201803,4,2,1,Loaded,160,160,0,2202
201803,2,2,1,Loaded,502,502,0,7947
201803,8,2,1,Loaded,166,166,0,2712
201803,5,2,1,Loaded,630,630,0,9531
201803,9,2,1,Loaded,31,31,0,414
201803,6,3,1,Empty,1242,0,1242,0
201803,3,3,1,Empty,32,0,32,0
201803,1,3,1,Empty,680,0,680,0
201803,4,3,1,Empty,74,0,74,0
201803,2,3,1,Empty,1232,0,1232,0
201803,5,3,1,Empty,244,0,244,0
201803,9,3,1,Empty,8,0,8,0
201803,6,3,1,Loaded,18682,18682,0,217033
201803,3,3,1,Loaded,3236,3236,0,39382
201803,1,3,1,Loaded,1104,1104,0,11955
201803,4,3,1,Loaded,1114,1114,0,13705
201803,2,3,1,Loaded,4034,4034,0,50330
201803,8,3,1,Loaded,916,916,0,11850
201803,5,3,1,Loaded,2646,2646,0,33707
201803,9,3,1,Loaded,1308,1308,0,16159
201803,6,4,1,Empty,194,0,194,0
201803,3,4,1,Empty,2,0,2,0
201803,1,4,1,Empty,2,0,2,0
201803,2,4,1,Empty,16,0,16,0
201803,5,4,1,Empty,80,0,80,0
201803,6,4,1,Loaded,5160,5160,0,62547
201803,3,4,1,Loaded,6580,6580,0,80668
201803,1,4,1,Loaded,530,530,0,5828
201803,4,4,1,Loaded,976,976,0,11163
201803,2,4,1,Loaded,1182,1182,0,14258
201803,8,4,1,Loaded,524,524,0,6281
201803,5,4,1,Loaded,1480,1480,0,17603
201803,9,4,1,Loaded,270,270,0,3396
201803,6,1,2,Empty,232,0,232,0
201803,3,1,2,Empty,38,0,38,0
201803,4,1,2,Empty,333,0,333,0
201803,8,1,2,Empty,84,0,84,0
201803,5,1,2,Empty,409,0,409,0
201803,9,1,2,Empty,317,0,317,0
201803,6,1,2,Loaded,4808,4808,0,72208
201803,3,1,2,Loaded,821,821,0,14665
201803,1,1,2,Loaded,795,795,0,12006
201803,4,1,2,Loaded,213,213,0,3792
201803,2,1,2,Loaded,1814,1814,0,26437
201803,8,1,2,Loaded,240,240,0,4321
201803,5,1,2,Loaded,441,441,0,7364
201803,9,1,2,Loaded,411,411,0,9459
201803,6,2,2,Empty,1333,0,1333,0
201803,3,2,2,Empty,528,0,528,0
201803,1,2,2,Empty,92,0,92,0
201803,4,2,2,Empty,245,0,245,0
201803,2,2,2,Empty,551,0,551,0
201803,8,2,2,Empty,374,0,374,0
201803,5,2,2,Empty,368,0,368,0
201803,9,2,2,Empty,54,0,54,0
201803,6,2,2,Loaded,223,223,0,1532
201803,3,2,2,Loaded,39,39,0,345
201803,1,2,2,Loaded,27,27,0,193
201803,4,2,2,Loaded,6,6,0,68
201803,2,2,2,Loaded,96,96,0,595
201803,8,2,2,Loaded,7,7,0,42
201803,5,2,2,Loaded,24,24,0,128
201803,9,2,2,Loaded,2,2,0,18
201803,6,3,2,Empty,5012,0,5012,0
201803,3,3,2,Empty,98,0,98,0
201803,1,3,2,Empty,80,0,80,0
201803,4,3,2,Empty,316,0,316,0
201803,8,3,2,Empty,350,0,350,0
201803,5,3,2,Empty,1934,0,1934,0
201803,9,3,2,Empty,1404,0,1404,0
201803,6,3,2,Loaded,10896,10896,0,78808
201803,3,3,2,Loaded,1008,1008,0,7366
201803,1,3,2,Loaded,1216,1216,0,8362
201803,4,3,2,Loaded,444,444,0,2766
201803,2,3,2,Loaded,2832,2832,0,18129
201803,8,3,2,Loaded,196,196,0,1514
201803,5,3,2,Loaded,758,758,0,5462
201803,9,3,2,Loaded,238,238,0,2264
201803,6,4,2,Empty,6098,0,6098,0
201803,3,4,2,Empty,3794,0,3794,0
201803,1,4,2,Empty,160,0,160,0
201803,4,4,2,Empty,1074,0,1074,0
201803,2,4,2,Empty,652,0,652,0
201803,8,4,2,Empty,864,0,864,0
201803,5,4,2,Empty,1630,0,1630,0
201803,9,4,2,Empty,286,0,286,0
201803,6,4,2,Loaded,1048,1048,0,8779
201803,3,4,2,Loaded,228,228,0,2029
201803,1,4,2,Loaded,124,124,0,1294
201803,4,4,2,Loaded,36,36,0,317
201803,2,4,2,Loaded,312,312,0,2438
201803,8,4,2,Loaded,52,52,0,311
201803,5,4,2,Loaded,202,202,0,635
201803,7,1,1,Empty,2378,0,2378,0
201803,7,1,1,Loaded,2341,2341,0,32892
201803,7,2,1,Empty,49,0,49,0
201803,7,2,1,Loaded,519,519,0,7197
201803,7,3,1,Empty,4014,0,4014,0
201803,7,3,1,Loaded,4928,4928,0,42433
201803,7,4,1,Empty,134,0,134,0
201803,7,4,1,Loaded,2044,2044,0,24177
201803,7,1,2,Empty,86,0,86,0
201803,7,1,2,Loaded,9750,9750,0,133619
201803,7,2,2,Empty,493,0,493,0
201803,7,2,2,Loaded,783,783,0,6494
201803,7,3,2,Empty,30,0,30,0
201803,7,3,2,Loaded,15548,15548,0,98526
201803,7,4,2,Empty,588,0,588,0
201803,7,4,2,Loaded,3110,3110,0,26195
201802,6,1,1,Empty,1961,0,1961,0
201802,3,1,1,Empty,71,0,71,0
201802,1,1,1,Empty,421,0,421,0
201802,4,1,1,Empty,108,0,108,0
201802,2,1,1,Empty,873,0,873,0
201802,5,1,1,Empty,143,0,143,0
201802,9,1,1,Empty,1,0,1,0
201802,6,1,1,Loaded,7080,7080,0,124992
201802,3,1,1,Loaded,1893,1893,0,35369
201802,1,1,1,Loaded,245,245,0,3734
201802,4,1,1,Loaded,350,350,0,6619
201802,2,1,1,Loaded,1646,1646,0,28658
201802,8,1,1,Loaded,359,359,0,5844
201802,5,1,1,Loaded,907,907,0,16847
201802,9,1,1,Loaded,263,263,0,5628
201802,6,2,1,Empty,13,0,13,0
201802,2,2,1,Empty,1,0,1,0
201802,5,2,1,Empty,11,0,11,0
201802,6,2,1,Loaded,3154,3154,0,49716
201802,3,2,1,Loaded,471,471,0,6582
201802,1,2,1,Loaded,119,119,0,1634
201802,4,2,1,Loaded,161,161,0,2355
201802,2,2,1,Loaded,525,525,0,8112
201802,8,2,1,Loaded,296,296,0,4682
201802,5,2,1,Loaded,758,758,0,11447
201802,9,2,1,Loaded,36,36,0,447
201802,6,3,1,Empty,1196,0,1196,0
201802,3,3,1,Empty,36,0,36,0
201802,1,3,1,Empty,370,0,370,0
201802,4,3,1,Empty,4,0,4,0
201802,2,3,1,Empty,1254,0,1254,0
201802,8,3,1,Empty,136,0,136,0
201802,5,3,1,Empty,102,0,102,0
201802,9,3,1,Empty,12,0,12,0
201802,6,3,1,Loaded,17376,17376,0,201875
201802,3,3,1,Loaded,3482,3482,0,41722
201802,1,3,1,Loaded,1132,1132,0,12670
201802,4,3,1,Loaded,872,872,0,10566
201802,2,3,1,Loaded,4440,4440,0,53964
201802,8,3,1,Loaded,976,976,0,13095
201802,5,3,1,Loaded,2774,2774,0,34440
201802,9,3,1,Loaded,896,896,0,11058
201802,6,4,1,Empty,134,0,134,0
201802,3,4,1,Empty,4,0,4,0
201802,2,4,1,Empty,8,0,8,0
201802,5,4,1,Empty,36,0,36,0
201802,6,4,1,Loaded,3912,3912,0,46203
201802,3,4,1,Loaded,3426,3426,0,43443
201802,1,4,1,Loaded,528,528,0,5905
201802,4,4,1,Loaded,500,500,0,6216
201802,2,4,1,Loaded,1286,1286,0,15216
201802,8,4,1,Loaded,602,602,0,6785
201802,5,4,1,Loaded,1504,1504,0,18352
201802,9,4,1,Loaded,330,330,0,3625
201802,6,1,2,Empty,548,0,548,0
201802,3,1,2,Empty,39,0,39,0
201802,1,1,2,Empty,2,0,2,0
201802,4,1,2,Empty,369,0,369,0
201802,2,1,2,Empty,2,0,2,0
201802,8,1,2,Empty,419,0,419,0
201802,5,1,2,Empty,430,0,430,0
201802,9,1,2,Empty,30,0,30,0
201802,6,1,2,Loaded,5058,5058,0,76629
201802,3,1,2,Loaded,664,664,0,11013
201802,1,1,2,Loaded,737,737,0,10729
201802,4,1,2,Loaded,169,169,0,3024
201802,2,1,2,Loaded,2593,2593,0,37956
201802,8,1,2,Loaded,395,395,0,8159
201802,5,1,2,Loaded,400,400,0,7337
201802,9,1,2,Loaded,300,300,0,6577
201802,6,2,2,Empty,1680,0,1680,0
201802,3,2,2,Empty,693,0,693,0
201802,1,2,2,Empty,153,0,153,0
201802,4,2,2,Empty,156,0,156,0
201802,2,2,2,Empty,466,0,466,0
201802,8,2,2,Empty,420,0,420,0
201802,5,2,2,Empty,948,0,948,0
201802,9,2,2,Empty,7,0,7,0
201802,6,2,2,Loaded,232,232,0,1580
201802,3,2,2,Loaded,28,28,0,218
201802,1,2,2,Loaded,35,35,0,295
201802,4,2,2,Loaded,4,4,0,61
201802,2,2,2,Loaded,152,152,0,1014
201802,8,2,2,Loaded,2,2,0,1
201802,5,2,2,Loaded,20,20,0,221
201802,6,3,2,Empty,4714,0,4714,0
201802,3,3,2,Empty,300,0,300,0
201802,4,3,2,Empty,414,0,414,0
201802,2,3,2,Empty,574,0,574,0
201802,8,3,2,Empty,1260,0,1260,0
201802,5,3,2,Empty,2136,0,2136,0
201802,9,3,2,Empty,996,0,996,0
201802,6,3,2,Loaded,10030,10030,0,70568
201802,3,3,2,Loaded,908,908,0,6135
201802,1,3,2,Loaded,1104,1104,0,7504
201802,4,3,2,Loaded,378,378,0,2378
201802,2,3,2,Loaded,4404,4404,0,29281
201802,8,3,2,Loaded,188,188,0,2073
201802,5,3,2,Loaded,584,584,0,4201
201802,9,3,2,Loaded,128,128,0,1247
201802,6,4,2,Empty,3074,0,3074,0
201802,3,4,2,Empty,3112,0,3112,0
201802,1,4,2,Empty,286,0,286,0
201802,4,4,2,Empty,910,0,910,0
201802,2,4,2,Empty,736,0,736,0
201802,8,4,2,Empty,572,0,572,0
201802,5,4,2,Empty,1318,0,1318,0
201802,9,4,2,Empty,362,0,362,0
201802,6,4,2,Loaded,872,872,0,7238
201802,3,4,2,Loaded,216,216,0,1986
201802,1,4,2,Loaded,96,96,0,993
201802,4,4,2,Loaded,38,38,0,393
201802,2,4,2,Loaded,404,404,0,2948
201802,8,4,2,Loaded,26,26,0,152
201802,5,4,2,Loaded,82,82,0,349
201802,7,1,1,Empty,3767,0,3767,0
201802,7,1,1,Loaded,2322,2322,0,34081
201802,7,2,1,Empty,17,0,17,0
201802,7,2,1,Loaded,594,594,0,8400
201802,7,3,1,Empty,5180,0,5180,0
201802,7,3,1,Loaded,4334,4334,0,37733
201802,7,4,1,Empty,458,0,458,0
201802,7,4,1,Loaded,1446,1446,0,16559
201802,7,1,2,Empty,54,0,54,0
201802,7,1,2,Loaded,9911,9911,0,131478
201802,7,2,2,Empty,609,0,609,0
201802,7,2,2,Loaded,726,726,0,5341
201802,7,3,2,Empty,16,0,16,0
201802,7,3,2,Loaded,16942,16942,0,104951
201802,7,4,2,Empty,468,0,468,0
201802,7,4,2,Loaded,3092,3092,0,24745
201801,6,1,1,Empty,1827,0,1827,0
201801,3,1,1,Empty,39,0,39,0
201801,1,1,1,Empty,780,0,780,0
201801,4,1,1,Empty,327,0,327,0
201801,2,1,1,Empty,1292,0,1292,0
201801,8,1,1,Empty,40,0,40,0
201801,5,1,1,Empty,581,0,581,0
201801,9,1,1,Empty,3,0,3,0
201801,6,1,1,Loaded,6910,6910,0,120718
201801,3,1,1,Loaded,1259,1259,0,23490
201801,1,1,1,Loaded,225,225,0,3271
201801,4,1,1,Loaded,296,296,0,5595
201801,2,1,1,Loaded,1576,1576,0,27568
201801,8,1,1,Loaded,456,456,0,7510
201801,5,1,1,Loaded,968,968,0,17441
201801,9,1,1,Loaded,451,451,0,10716
201801,6,2,1,Empty,12,0,12,0
201801,3,2,1,Empty,1,0,1,0
201801,1,2,1,Empty,2,0,2,0
201801,4,2,1,Empty,2,0,2,0
201801,2,2,1,Empty,1,0,1,0
201801,5,2,1,Empty,14,0,14,0
201801,6,2,1,Loaded,3193,3193,0,50313
201801,3,2,1,Loaded,569,569,0,8382
201801,1,2,1,Loaded,125,125,0,1757
201801,4,2,1,Loaded,148,148,0,2142
201801,2,2,1,Loaded,513,513,0,7444
201801,8,2,1,Loaded,163,163,0,2501
201801,5,2,1,Loaded,590,590,0,9010
201801,9,2,1,Loaded,13,13,0,186
201801,6,3,1,Empty,1214,0,1214,0
201801,3,3,1,Empty,110,0,110,0
201801,1,3,1,Empty,804,0,804,0
201801,4,3,1,Empty,28,0,28,0
201801,2,3,1,Empty,2366,0,2366,0
201801,8,3,1,Empty,100,0,100,0
201801,5,3,1,Empty,198,0,198,0
201801,9,3,1,Empty,6,0,6,0
201801,6,3,1,Loaded,16874,16874,0,200469
201801,3,3,1,Loaded,3274,3274,0,40057
201801,1,3,1,Loaded,1028,1028,0,12287
201801,4,3,1,Loaded,610,610,0,7245
201801,2,3,1,Loaded,4944,4944,0,61702
201801,8,3,1,Loaded,1376,1376,0,18424
201801,5,3,1,Loaded,2826,2826,0,36046
201801,9,3,1,Loaded,574,574,0,7294
201801,6,4,1,Empty,86,0,86,0
201801,4,4,1,Empty,6,0,6,0
201801,2,4,1,Empty,2,0,2,0
201801,5,4,1,Empty,72,0,72,0
201801,6,4,1,Loaded,3360,3360,0,39788
201801,3,4,1,Loaded,1834,1834,0,23271
201801,1,4,1,Loaded,554,554,0,5962
201801,4,4,1,Loaded,346,346,0,4252
201801,2,4,1,Loaded,1582,1582,0,18501
201801,8,4,1,Loaded,458,458,0,5265
201801,5,4,1,Loaded,1384,1384,0,16244
201801,9,4,1,Loaded,84,84,0,995
201801,6,1,2,Empty,118,0,118,0
201801,3,1,2,Empty,10,0,10,0
201801,1,1,2,Empty,2,0,2,0
201801,4,1,2,Empty,194,0,194,0
201801,2,1,2,Empty,6,0,6,0
201801,8,1,2,Empty,312,0,312,0
201801,5,1,2,Empty,731,0,731,0
201801,9,1,2,Empty,133,0,133,0
201801,6,1,2,Loaded,6477,6477,0,96328
201801,3,1,2,Loaded,779,779,0,12883
201801,1,1,2,Loaded,944,944,0,13909
201801,4,1,2,Loaded,219,219,0,3962
201801,2,1,2,Loaded,2530,2530,0,35700
201801,8,1,2,Loaded,304,304,0,6494
201801,5,1,2,Loaded,428,428,0,7749
201801,9,1,2,Loaded,384,384,0,8500
201801,6,2,2,Empty,1615,0,1615,0
201801,3,2,2,Empty,997,0,997,0
201801,1,2,2,Empty,215,0,215,0
201801,4,2,2,Empty,266,0,266,0
201801,2,2,2,Empty,697,0,697,0
201801,8,2,2,Empty,226,0,226,0
201801,5,2,2,Empty,686,0,686,0
201801,9,2,2,Empty,43,0,43,0
201801,6,2,2,Loaded,224,224,0,1586
201801,3,2,2,Loaded,18,18,0,78
201801,1,2,2,Loaded,39,39,0,398
201801,4,2,2,Loaded,2,2,0,35
201801,2,2,2,Loaded,128,128,0,807
201801,8,2,2,Loaded,2,2,0,1
201801,5,2,2,Loaded,18,18,0,197
201801,6,3,2,Empty,6916,0,6916,0
201801,3,3,2,Empty,350,0,350,0
201801,1,3,2,Empty,84,0,84,0
201801,4,3,2,Empty,216,0,216,0
201801,2,3,2,Empty,16,0,16,0
201801,8,3,2,Empty,1254,0,1254,0
201801,5,3,2,Empty,2234,0,2234,0
201801,9,3,2,Empty,486,0,486,0
201801,6,3,2,Loaded,12344,12344,0,87665
201801,3,3,2,Loaded,1194,1194,0,8627
201801,1,3,2,Loaded,1378,1378,0,8814
201801,4,3,2,Loaded,426,426,0,2692
201801,2,3,2,Loaded,4622,4622,0,28697
201801,8,3,2,Loaded,142,142,0,1231
201801,5,3,2,Loaded,632,632,0,3447
201801,9,3,2,Loaded,98,98,0,817
201801,6,4,2,Empty,1736,0,1736,0
201801,3,4,2,Empty,3546,0,3546,0
201801,1,4,2,Empty,524,0,524,0
201801,4,4,2,Empty,1166,0,1166,0
201801,2,4,2,Empty,1254,0,1254,0
201801,8,4,2,Empty,714,0,714,0
201801,5,4,2,Empty,1518,0,1518,0
201801,9,4,2,Empty,160,0,160,0
201801,6,4,2,Loaded,1028,1028,0,8489
201801,3,4,2,Loaded,334,334,0,2728
201801,1,4,2,Loaded,148,148,0,1549
201801,4,4,2,Loaded,34,34,0,292
201801,2,4,2,Loaded,402,402,0,3132
201801,8,4,2,Loaded,48,48,0,292
201801,5,4,2,Loaded,94,94,0,349
201801,7,1,1,Empty,3258,0,3258,0
201801,7,1,1,Loaded,2091,2091,0,31406
201801,7,2,1,Empty,21,0,21,0
201801,7,2,1,Loaded,585,585,0,8292
201801,7,3,1,Empty,3096,0,3096,0
201801,7,3,1,Loaded,3824,3824,0,32091
201801,7,4,1,Empty,990,0,990,0
201801,7,4,1,Loaded,994,994,0,10304
201801,7,1,2,Empty,97,0,97,0
201801,7,1,2,Loaded,10204,10204,0,134797
201801,7,2,2,Empty,506,0,506,0
201801,7,2,2,Loaded,668,668,0,4900
201801,7,3,2,Loaded,17060,17060,0,107497
201801,7,4,2,Empty,402,0,402,0
201801,7,4,2,Loaded,3420,3420,0,28373
201712,6,1,1,Empty,1097,0,1097,0
201712,3,1,1,Empty,160,0,160,0
201712,1,1,1,Empty,393,0,393,0
201712,4,1,1,Empty,140,0,140,0
201712,2,1,1,Empty,688,0,688,0
201712,8,1,1,Empty,50,0,50,0
201712,5,1,1,Empty,71,0,71,0
201712,9,1,1,Empty,2,0,2,0
201712,6,1,1,Loaded,8461,8461,0,147920
201712,3,1,1,Loaded,1421,1421,0,26503
201712,1,1,1,Loaded,310,310,0,4825
201712,4,1,1,Loaded,414,414,0,7970
201712,2,1,1,Loaded,1867,1867,0,33130
201712,8,1,1,Loaded,607,607,0,10320
201712,5,1,1,Loaded,1294,1294,0,23135
201712,9,1,1,Loaded,358,358,0,7963
201712,6,2,1,Empty,78,0,78,0
201712,3,2,1,Empty,1,0,1,0
201712,1,2,1,Empty,5,0,5,0
201712,6,2,1,Loaded,3602,3602,0,57739
201712,3,2,1,Loaded,509,509,0,7198
201712,1,2,1,Loaded,116,116,0,1599
201712,4,2,1,Loaded,158,158,0,2337
201712,2,2,1,Loaded,628,628,0,9588
201712,8,2,1,Loaded,273,273,0,4468
201712,5,2,1,Loaded,543,543,0,8053
201712,9,2,1,Loaded,24,24,0,340
201712,6,3,1,Empty,610,0,610,0
201712,3,3,1,Empty,144,0,144,0
201712,1,3,1,Empty,480,0,480,0
201712,4,3,1,Empty,4,0,4,0
201712,2,3,1,Empty,1858,0,1858,0
201712,8,3,1,Empty,2,0,2,0
201712,5,3,1,Empty,220,0,220,0
201712,9,3,1,Empty,2,0,2,0
201712,6,3,1,Loaded,21642,21642,0,254794
201712,3,3,1,Loaded,3626,3626,0,43482
201712,1,3,1,Loaded,1222,1222,0,14298
201712,4,3,1,Loaded,994,994,0,12077
201712,2,3,1,Loaded,6554,6554,0,81502
201712,8,3,1,Loaded,1218,1218,0,15958
201712,5,3,1,Loaded,3050,3050,0,39184
201712,9,3,1,Loaded,1480,1480,0,18747
201712,6,4,1,Empty,56,0,56,0
201712,2,4,1,Empty,12,0,12,0
201712,6,4,1,Loaded,4192,4192,0,49668
201712,3,4,1,Loaded,966,966,0,11280
201712,1,4,1,Loaded,750,750,0,8074
201712,4,4,1,Loaded,316,316,0,3772
201712,2,4,1,Loaded,1226,1226,0,14564
201712,8,4,1,Loaded,690,690,0,8060
201712,5,4,1,Loaded,1008,1008,0,12036
201712,9,4,1,Loaded,168,168,0,2007
201712,6,1,2,Empty,603,0,603,0
201712,3,1,2,Empty,8,0,8,0
201712,1,1,2,Empty,2,0,2,0
201712,4,1,2,Empty,274,0,274,0
201712,2,1,2,Empty,6,0,6,0
201712,8,1,2,Empty,259,0,259,0
201712,5,1,2,Empty,834,0,834,0
201712,9,1,2,Empty,138,0,138,0
201712,6,1,2,Loaded,5658,5658,0,84888
201712,3,1,2,Loaded,759,759,0,13004
201712,1,1,2,Loaded,957,957,0,14416
201712,4,1,2,Loaded,289,289,0,5393
201712,2,1,2,Loaded,2707,2707,0,40411
201712,8,1,2,Loaded,348,348,0,7313
201712,5,1,2,Loaded,486,486,0,9028
201712,9,1,2,Loaded,425,425,0,9167
201712,6,2,2,Empty,2163,0,2163,0
201712,3,2,2,Empty,419,0,419,0
201712,1,2,2,Empty,412,0,412,0
201712,4,2,2,Empty,150,0,150,0
201712,2,2,2,Empty,786,0,786,0
201712,8,2,2,Empty,422,0,422,0
201712,5,2,2,Empty,491,0,491,0
201712,9,2,2,Empty,51,0,51,0
201712,6,2,2,Loaded,232,232,0,1751
201712,3,2,2,Loaded,17,17,0,137
201712,1,2,2,Loaded,22,22,0,188
201712,4,2,2,Loaded,5,5,0,84
201712,2,2,2,Loaded,131,131,0,949
201712,5,2,2,Loaded,21,21,0,242
201712,6,3,2,Empty,5048,0,5048,0
201712,3,3,2,Empty,274,0,274,0
201712,1,3,2,Empty,140,0,140,0
201712,4,3,2,Empty,788,0,788,0
201712,2,3,2,Empty,692,0,692,0
201712,8,3,2,Empty,1294,0,1294,0
201712,5,3,2,Empty,3174,0,3174,0
201712,9,3,2,Empty,1094,0,1094,0
201712,6,3,2,Loaded,10546,10546,0,70755
201712,3,3,2,Loaded,1054,1054,0,7497
201712,1,3,2,Loaded,1302,1302,0,8732
201712,4,3,2,Loaded,304,304,0,1858
201712,2,3,2,Loaded,4244,4244,0,27141
201712,8,3,2,Loaded,66,66,0,371
201712,5,3,2,Loaded,750,750,0,4519
201712,9,3,2,Loaded,134,134,0,1539
201712,6,4,2,Empty,2492,0,2492,0
201712,3,4,2,Empty,2542,0,2542,0
201712,1,4,2,Empty,888,0,888,0
201712,4,4,2,Empty,860,0,860,0
201712,2,4,2,Empty,902,0,902,0
201712,8,4,2,Empty,498,0,498,0
201712,5,4,2,Empty,878,0,878,0
201712,9,4,2,Empty,180,0,180,0
201712,6,4,2,Loaded,980,980,0,8039
201712,3,4,2,Loaded,256,256,0,2458
201712,1,4,2,Loaded,54,54,0,498
201712,4,4,2,Loaded,40,40,0,440
201712,2,4,2,Loaded,414,414,0,3168
201712,8,4,2,Loaded,74,74,0,427
201712,5,4,2,Loaded,126,126,0,331
201712,7,1,1,Empty,2819,0,2819,0
201712,7,1,1,Loaded,2329,2329,0,32814
201712,7,2,1,Empty,44,0,44,0
201712,7,2,1,Loaded,661,661,0,8950
201712,7,3,1,Empty,2294,0,2294,0
201712,7,3,1,Loaded,4554,4554,0,36713
201712,7,4,1,Empty,1268,0,1268,0
201712,7,4,1,Loaded,1164,1164,0,11736
201712,7,1,2,Empty,15,0,15,0
201712,7,1,2,Loaded,10745,10745,0,137705
201712,7,2,2,Empty,603,0,603,0
201712,7,2,2,Loaded,709,709,0,5190
201712,7,3,2,Empty,34,0,34,0
201712,7,3,2,Loaded,18438,18438,0,110813
201712,7,4,2,Empty,378,0,378,0
201712,7,4,2,Loaded,3150,3150,0,25621
201711,6,1,1,Empty,1760,0,1760,0
201711,3,1,1,Empty,210,0,210,0
201711,1,1,1,Empty,152,0,152,0
201711,4,1,1,Empty,12,0,12,0
201711,2,1,1,Empty,965,0,965,0
201711,8,1,1,Empty,67,0,67,0
201711,5,1,1,Empty,283,0,283,0
201711,9,1,1,Empty,3,0,3,0
201711,6,1,1,Loaded,7728,7728,0,133617
201711,3,1,1,Loaded,1350,1350,0,24837
201711,1,1,1,Loaded,252,252,0,3868
201711,4,1,1,Loaded,425,425,0,7518
201711,2,1,1,Loaded,1588,1588,0,28159
201711,8,1,1,Loaded,666,666,0,11104
201711,5,1,1,Loaded,1242,1242,0,22848
201711,9,1,1,Loaded,232,232,0,5422
201711,6,2,1,Empty,108,0,108,0
201711,3,2,1,Empty,1,0,1,0
201711,1,2,1,Empty,1,0,1,0
201711,2,2,1,Empty,4,0,4,0
201711,5,2,1,Empty,1,0,1,0
201711,6,2,1,Loaded,3131,3131,0,49443
201711,3,2,1,Loaded,312,312,0,4184
201711,1,2,1,Loaded,118,118,0,1609
201711,4,2,1,Loaded,160,160,0,2286
201711,2,2,1,Loaded,538,538,0,8308
201711,8,2,1,Loaded,374,374,0,6262
201711,5,2,1,Loaded,424,424,0,6270
201711,9,2,1,Loaded,18,18,0,270
201711,6,3,1,Empty,1120,0,1120,0
201711,3,3,1,Empty,142,0,142,0
201711,1,3,1,Empty,46,0,46,0
201711,4,3,1,Empty,8,0,8,0
201711,2,3,1,Empty,1108,0,1108,0
201711,5,3,1,Empty,138,0,138,0
201711,9,3,1,Empty,6,0,6,0
201711,6,3,1,Loaded,20144,20144,0,234137
201711,3,3,1,Loaded,3796,3796,0,45551
201711,1,3,1,Loaded,1246,1246,0,14124
201711,4,3,1,Loaded,1304,1304,0,16056
201711,2,3,1,Loaded,4400,4400,0,53642
201711,8,3,1,Loaded,928,928,0,11897
201711,5,3,1,Loaded,3142,3142,0,39094
201711,9,3,1,Loaded,1074,1074,0,13217
201711,6,4,1,Empty,96,0,96,0
201711,3,4,1,Empty,4,0,4,0
201711,1,4,1,Empty,2,0,2,0
201711,2,4,1,Empty,22,0,22,0
201711,6,4,1,Loaded,3940,3940,0,46408
201711,3,4,1,Loaded,814,814,0,9529
201711,1,4,1,Loaded,538,538,0,5776
201711,4,4,1,Loaded,320,320,0,3854
201711,2,4,1,Loaded,1274,1274,0,15246
201711,8,4,1,Loaded,592,592,0,6975
201711,5,4,1,Loaded,622,622,0,7415
201711,9,4,1,Loaded,96,96,0,1156
201711,6,1,2,Empty,287,0,287,0
201711,1,1,2,Empty,4,0,4,0
201711,4,1,2,Empty,234,0,234,0
201711,8,1,2,Empty,436,0,436,0
201711,5,1,2,Empty,336,0,336,0
201711,9,1,2,Empty,5,0,5,0
201711,6,1,2,Loaded,6392,6392,0,97762
201711,3,1,2,Loaded,892,892,0,15368
201711,1,1,2,Loaded,865,865,0,13900
201711,4,1,2,Loaded,282,282,0,5535
201711,2,1,2,Loaded,2718,2718,0,39291
201711,8,1,2,Loaded,389,389,0,8463
201711,5,1,2,Loaded,370,370,0,6496
201711,9,1,2,Loaded,407,407,0,9116
201711,6,2,2,Empty,1924,0,1924,0
201711,3,2,2,Empty,330,0,330,0
201711,1,2,2,Empty,279,0,279,0
201711,4,2,2,Empty,85,0,85,0
201711,2,2,2,Empty,556,0,556,0
201711,8,2,2,Empty,416,0,416,0
201711,5,2,2,Empty,1116,0,1116,0
201711,9,2,2,Empty,36,0,36,0
201711,6,2,2,Loaded,287,287,0,2297
201711,3,2,2,Loaded,20,20,0,197
201711,1,2,2,Loaded,24,24,0,205
201711,4,2,2,Loaded,4,4,0,64
201711,2,2,2,Loaded,145,145,0,1068
201711,5,2,2,Loaded,11,11,0,82
201711,6,3,2,Empty,8042,0,8042,0
201711,3,3,2,Empty,300,0,300,0
201711,1,3,2,Empty,184,0,184,0
201711,4,3,2,Empty,1340,0,1340,0
201711,2,3,2,Empty,84,0,84,0
201711,8,3,2,Empty,1346,0,1346,0
201711,5,3,2,Empty,1252,0,1252,0
201711,9,3,2,Empty,1334,0,1334,0
201711,6,3,2,Loaded,12238,12238,0,81524
201711,3,3,2,Loaded,942,942,0,7325
201711,1,3,2,Loaded,1210,1210,0,7632
201711,4,3,2,Loaded,262,262,0,1489
201711,2,3,2,Loaded,4068,4068,0,27198
201711,8,3,2,Loaded,82,82,0,582
201711,5,3,2,Loaded,686,686,0,5062
201711,9,3,2,Loaded,262,262,0,2754
201711,6,4,2,Empty,2334,0,2334,0
201711,3,4,2,Empty,1270,0,1270,0
201711,1,4,2,Empty,346,0,346,0
201711,4,4,2,Empty,410,0,410,0
201711,2,4,2,Empty,1166,0,1166,0
201711,8,4,2,Empty,862,0,862,0
201711,5,4,2,Empty,366,0,366,0
201711,9,4,2,Empty,192,0,192,0
201711,6,4,2,Loaded,1226,1226,0,9930
201711,3,4,2,Loaded,322,322,0,3127
201711,1,4,2,Loaded,50,50,0,462
201711,4,4,2,Loaded,124,124,0,855
201711,2,4,2,Loaded,438,438,0,3730
201711,8,4,2,Loaded,96,96,0,485
201711,5,4,2,Loaded,140,140,0,245
201711,9,4,2,Loaded,2,2,0,24
201711,7,1,1,Empty,2482,0,2482,0
201711,7,1,1,Loaded,2162,2162,0,32388
201711,7,2,1,Empty,426,0,426,0
201711,7,2,1,Loaded,423,423,0,5315
201711,7,3,1,Empty,2204,0,2204,0
201711,7,3,1,Loaded,4378,4378,0,35965
201711,7,4,1,Empty,680,0,680,0
201711,7,4,1,Loaded,1060,1060,0,10943
201711,7,1,2,Empty,14,0,14,0
201711,7,1,2,Loaded,10720,10720,0,142209
201711,7,2,2,Empty,339,0,339,0
201711,7,2,2,Loaded,703,703,0,5273
201711,7,3,2,Empty,160,0,160,0
201711,7,3,2,Loaded,18028,18028,0,109393
201711,7,4,2,Empty,170,0,170,0
201711,7,4,2,Loaded,3146,3146,0,25098
201710,6,1,1,Empty,1888,0,1888,0
201710,3,1,1,Empty,174,0,174,0
201710,1,1,1,Empty,319,0,319,0
201710,4,1,1,Empty,67,0,67,0
201710,2,1,1,Empty,1238,0,1238,0
201710,8,1,1,Empty,169,0,169,0
201710,5,1,1,Empty,523,0,523,0
201710,9,1,1,Empty,1,0,1,0
201710,6,1,1,Loaded,8584,8584,0,150937
201710,3,1,1,Loaded,1265,1265,0,23678
201710,1,1,1,Loaded,216,216,0,3367
201710,4,1,1,Loaded,452,452,0,8195
201710,2,1,1,Loaded,1490,1490,0,26145
201710,8,1,1,Loaded,402,402,0,6945
201710,5,1,1,Loaded,859,859,0,15833
201710,9,1,1,Loaded,266,266,0,6082
201710,6,2,1,Empty,4,0,4,0
201710,2,2,1,Empty,3,0,3,0
201710,5,2,1,Empty,3,0,3,0
201710,6,2,1,Loaded,2699,2699,0,41509
201710,3,2,1,Loaded,351,351,0,4694
201710,1,2,1,Loaded,84,84,0,1068
201710,4,2,1,Loaded,188,188,0,2887
201710,2,2,1,Loaded,518,518,0,8076
201710,8,2,1,Loaded,246,246,0,4199
201710,5,2,1,Loaded,414,414,0,6321
201710,9,2,1,Loaded,11,11,0,168
201710,6,3,1,Empty,552,0,552,0
201710,3,3,1,Empty,664,0,664,0
201710,1,3,1,Empty,514,0,514,0
201710,4,3,1,Empty,22,0,22,0
201710,2,3,1,Empty,2492,0,2492,0
201710,8,3,1,Empty,2,0,2,0
201710,5,3,1,Empty,826,0,826,0
201710,9,3,1,Empty,2,0,2,0
201710,6,3,1,Loaded,20382,20382,0,236228
201710,3,3,1,Loaded,3874,3874,0,46438
201710,1,3,1,Loaded,1046,1046,0,12132
201710,4,3,1,Loaded,1406,1406,0,16997
201710,2,3,1,Loaded,3922,3922,0,46648
201710,8,3,1,Loaded,732,732,0,9105
201710,5,3,1,Loaded,2910,2910,0,36312
201710,9,3,1,Loaded,778,778,0,9660
201710,6,4,1,Empty,58,0,58,0
201710,3,4,1,Empty,16,0,16,0
201710,4,4,1,Empty,2,0,2,0
201710,2,4,1,Empty,4,0,4,0
201710,8,4,1,Empty,16,0,16,0
201710,5,4,1,Empty,10,0,10,0
201710,6,4,1,Loaded,4214,4214,0,48266
201710,3,4,1,Loaded,856,856,0,9955
201710,1,4,1,Loaded,200,200,0,2196
201710,4,4,1,Loaded,370,370,0,4299
201710,2,4,1,Loaded,1078,1078,0,12887
201710,8,4,1,Loaded,494,494,0,5728
201710,5,4,1,Loaded,622,622,0,7601
201710,9,4,1,Loaded,34,34,0,423
201710,6,1,2,Empty,512,0,512,0
201710,3,1,2,Empty,70,0,70,0
201710,4,1,2,Empty,196,0,196,0
201710,8,1,2,Empty,260,0,260,0
201710,5,1,2,Empty,349,0,349,0
201710,9,1,2,Empty,150,0,150,0
201710,6,1,2,Loaded,6838,6838,0,105258
201710,3,1,2,Loaded,1104,1104,0,19043
201710,1,1,2,Loaded,827,827,0,12968
201710,4,1,2,Loaded,574,574,0,12541
201710,2,1,2,Loaded,2750,2750,0,41964
201710,8,1,2,Loaded,297,297,0,5998
201710,5,1,2,Loaded,599,599,0,11455
201710,9,1,2,Loaded,292,292,0,6447
201710,6,2,2,Empty,2249,0,2249,0
201710,3,2,2,Empty,454,0,454,0
201710,1,2,2,Empty,183,0,183,0
201710,4,2,2,Empty,273,0,273,0
201710,2,2,2,Empty,481,0,481,0
201710,8,2,2,Empty,266,0,266,0
201710,5,2,2,Empty,512,0,512,0
201710,9,2,2,Empty,22,0,22,0
201710,6,2,2,Loaded,351,351,0,2528
201710,3,2,2,Loaded,32,32,0,285
201710,1,2,2,Loaded,23,23,0,177
201710,4,2,2,Loaded,4,4,0,60
201710,2,2,2,Loaded,127,127,0,918
201710,8,2,2,Loaded,5,5,0,17
201710,5,2,2,Loaded,41,41,0,394
201710,6,3,2,Empty,4326,0,4326,0
201710,3,3,2,Empty,72,0,72,0
201710,1,3,2,Empty,180,0,180,0
201710,4,3,2,Empty,858,0,858,0
201710,8,3,2,Empty,516,0,516,0
201710,5,3,2,Empty,1330,0,1330,0
201710,9,3,2,Empty,850,0,850,0
201710,6,3,2,Loaded,12774,12774,0,90967
201710,3,3,2,Loaded,1434,1434,0,11706
201710,1,3,2,Loaded,1004,1004,0,6409
201710,4,3,2,Loaded,308,308,0,1750
201710,2,3,2,Loaded,3982,3982,0,26728
201710,8,3,2,Loaded,78,78,0,541
201710,5,3,2,Loaded,896,896,0,7172
201710,9,3,2,Loaded,98,98,0,927
201710,6,4,2,Empty,2362,0,2362,0
201710,3,4,2,Empty,310,0,310,0
201710,1,4,2,Empty,118,0,118,0
201710,4,4,2,Empty,408,0,408,0
201710,2,4,2,Empty,788,0,788,0
201710,8,4,2,Empty,796,0,796,0
201710,5,4,2,Empty,458,0,458,0
201710,9,4,2,Empty,32,0,32,0
201710,6,4,2,Loaded,1266,1266,0,9845
201710,3,4,2,Loaded,252,252,0,2052
201710,1,4,2,Loaded,50,50,0,428
201710,4,4,2,Loaded,54,54,0,441
201710,2,4,2,Loaded,428,428,0,3384
201710,8,4,2,Loaded,102,102,0,447
201710,5,4,2,Loaded,314,314,0,1246
201710,7,1,1,Empty,2513,0,2513,0
201710,7,1,1,Loaded,2643,2643,0,40198
201710,7,2,1,Empty,17,0,17,0
201710,7,2,1,Loaded,441,441,0,5218
201710,7,3,1,Empty,2800,0,2800,0
201710,7,3,1,Loaded,5106,5106,0,42495
201710,7,4,1,Empty,208,0,208,0
201710,7,4,1,Loaded,1184,1184,0,11617
201710,7,1,2,Empty,23,0,23,0
201710,7,1,2,Loaded,12233,12233,0,158786
201710,7,2,2,Empty,881,0,881,0
201710,7,2,2,Loaded,767,767,0,5925
201710,7,3,2,Empty,20,0,20,0
201710,7,3,2,Loaded,20230,20230,0,122318
201710,7,4,2,Empty,438,0,438,0
201710,7,4,2,Loaded,3814,3814,0,31744
201709,6,1,1,Empty,2128,0,2128,0
201709,3,1,1,Empty,253,0,253,0
201709,1,1,1,Empty,301,0,301,0
201709,4,1,1,Empty,199,0,199,0
201709,2,1,1,Empty,1698,0,1698,0
201709,8,1,1,Empty,205,0,205,0
201709,5,1,1,Empty,370,0,370,0
201709,9,1,1,Empty,4,0,4,0
201709,6,1,1,Loaded,7486,7486,0,130617
201709,3,1,1,Loaded,1362,1362,0,24946
201709,1,1,1,Loaded,111,111,0,1336
201709,4,1,1,Loaded,387,387,0,7183
201709,2,1,1,Loaded,1487,1487,0,25986
201709,8,1,1,Loaded,319,319,0,5633
201709,5,1,1,Loaded,486,486,0,9427
201709,9,1,1,Loaded,384,384,0,9002
201709,6,2,1,Empty,65,0,65,0
201709,3,2,1,Empty,16,0,16,0
201709,4,2,1,Empty,6,0,6,0
201709,2,2,1,Empty,5,0,5,0
201709,5,2,1,Empty,1,0,1,0
201709,6,2,1,Loaded,2281,2281,0,34503
201709,3,2,1,Loaded,360,360,0,4760
201709,1,2,1,Loaded,28,28,0,366
201709,4,2,1,Loaded,196,196,0,3205
201709,2,2,1,Loaded,604,604,0,9531
201709,8,2,1,Loaded,298,298,0,5141
201709,5,2,1,Loaded,302,302,0,4567
201709,9,2,1,Loaded,18,18,0,280
201709,6,3,1,Empty,460,0,460,0
201709,3,3,1,Empty,162,0,162,0
201709,1,3,1,Empty,20,0,20,0
201709,4,3,1,Empty,108,0,108,0
201709,2,3,1,Empty,2976,0,2976,0
201709,8,3,1,Empty,10,0,10,0
201709,5,3,1,Empty,1550,0,1550,0
201709,9,3,1,Empty,12,0,12,0
201709,6,3,1,Loaded,16286,16286,0,186131
201709,3,3,1,Loaded,4024,4024,0,48017
201709,1,3,1,Loaded,586,586,0,6357
201709,4,3,1,Loaded,1050,1050,0,12727
201709,2,3,1,Loaded,3680,3680,0,42957
201709,8,3,1,Loaded,446,446,0,5726
201709,5,3,1,Loaded,1244,1244,0,14791
201709,9,3,1,Loaded,636,636,0,7537
201709,6,4,1,Empty,68,0,68,0
201709,3,4,1,Empty,12,0,12,0
201709,4,4,1,Empty,26,0,26,0
201709,2,4,1,Empty,38,0,38,0
201709,8,4,1,Empty,8,0,8,0
201709,5,4,1,Empty,54,0,54,0
201709,6,4,1,Loaded,6186,6186,0,70527
201709,3,4,1,Loaded,1016,1016,0,11628
201709,1,4,1,Loaded,64,64,0,631
201709,4,4,1,Loaded,488,488,0,5894
201709,2,4,1,Loaded,1346,1346,0,16207
201709,8,4,1,Loaded,416,416,0,4709
201709,5,4,1,Loaded,346,346,0,4022
201709,9,4,1,Loaded,78,78,0,1017
201709,6,1,2,Empty,154,0,154,0
201709,3,1,2,Empty,50,0,50,0
201709,1,1,2,Empty,2,0,2,0
201709,4,1,2,Empty,150,0,150,0
201709,2,1,2,Empty,18,0,18,0
201709,8,1,2,Empty,166,0,166,0
201709,5,1,2,Empty,577,0,577,0
201709,9,1,2,Empty,97,0,97,0
201709,6,1,2,Loaded,5765,5765,0,88861
201709,3,1,2,Loaded,1401,1401,0,22477
201709,1,1,2,Loaded,333,333,0,4870
201709,4,1,2,Loaded,423,423,0,8651
201709,2,1,2,Loaded,2841,2841,0,41117
201709,8,1,2,Loaded,583,583,0,12615
201709,5,1,2,Loaded,343,343,0,5892
201709,9,1,2,Loaded,285,285,0,6361
201709,6,2,2,Empty,1872,0,1872,0
201709,3,2,2,Empty,415,0,415,0
201709,1,2,2,Empty,19,0,19,0
201709,4,2,2,Empty,316,0,316,0
201709,2,2,2,Empty,430,0,430,0
201709,8,2,2,Empty,417,0,417,0
201709,5,2,2,Empty,531,0,531,0
201709,9,2,2,Empty,26,0,26,0
201709,6,2,2,Loaded,222,222,0,1661
201709,3,2,2,Loaded,43,43,0,337
201709,1,2,2,Loaded,11,11,0,101
201709,4,2,2,Loaded,9,9,0,131
201709,2,2,2,Loaded,130,130,0,757
201709,8,2,2,Loaded,6,6,0,10
201709,5,2,2,Loaded,23,23,0,255
201709,6,3,2,Empty,3650,0,3650,0
201709,3,3,2,Empty,814,0,814,0
201709,4,3,2,Empty,576,0,576,0
201709,2,3,2,Empty,90,0,90,0
201709,8,3,2,Empty,400,0,400,0
201709,5,3,2,Empty,2156,0,2156,0
201709,9,3,2,Empty,916,0,916,0
201709,6,3,2,Loaded,10814,10814,0,75255
201709,3,3,2,Loaded,2112,2112,0,13988
201709,1,3,2,Loaded,504,504,0,3549
201709,4,3,2,Loaded,324,324,0,1975
201709,2,3,2,Loaded,4680,4680,0,29814
201709,8,3,2,Loaded,216,216,0,1716
201709,5,3,2,Loaded,720,720,0,5108
201709,9,3,2,Loaded,122,122,0,1211
201709,6,4,2,Empty,1660,0,1660,0
201709,3,4,2,Empty,756,0,756,0
201709,1,4,2,Empty,40,0,40,0
201709,4,4,2,Empty,426,0,426,0
201709,2,4,2,Empty,614,0,614,0
201709,8,4,2,Empty,196,0,196,0
201709,5,4,2,Empty,110,0,110,0
201709,9,4,2,Empty,90,0,90,0
201709,6,4,2,Loaded,970,970,0,7665
201709,3,4,2,Loaded,336,336,0,3206
201709,1,4,2,Loaded,16,16,0,139
201709,4,4,2,Loaded,96,96,0,371
201709,2,4,2,Loaded,494,494,0,3989
201709,8,4,2,Loaded,52,52,0,278
201709,5,4,2,Loaded,202,202,0,997
201709,7,1,1,Empty,2820,0,2820,0
201709,7,1,1,Loaded,2381,2381,0,35193
201709,7,2,1,Empty,31,0,31,0
201709,7,2,1,Loaded,436,436,0,5521
201709,7,3,1,Empty,5018,0,5018,0
201709,7,3,1,Loaded,4422,4422,0,36216
201709,7,4,1,Empty,518,0,518,0
201709,7,4,1,Loaded,1126,1126,0,11749
201709,7,1,2,Empty,21,0,21,0
201709,7,1,2,Loaded,11315,11315,0,145347
201709,7,2,2,Empty,113,0,113,0
201709,7,2,2,Loaded,755,755,0,5187
201709,7,3,2,Empty,82,0,82,0
201709,7,3,2,Loaded,18856,18856,0,112466
201709,7,4,2,Empty,90,0,90,0
201709,7,4,2,Loaded,3256,3256,0,26280
201708,6,1,1,Empty,2604,0,2604,0
201708,3,1,1,Empty,271,0,271,0
201708,1,1,1,Empty,20,0,20,0
201708,4,1,1,Empty,72,0,72,0
201708,2,1,1,Empty,1389,0,1389,0
201708,8,1,1,Empty,83,0,83,0
201708,5,1,1,Empty,552,0,552,0
201708,9,1,1,Empty,4,0,4,0
201708,6,1,1,Loaded,6564,6564,0,116532
201708,3,1,1,Loaded,1536,1536,0,28566
201708,1,1,1,Loaded,64,64,0,664
201708,4,1,1,Loaded,464,464,0,8887
201708,2,1,1,Loaded,1416,1416,0,24372
201708,8,1,1,Loaded,171,171,0,3057
201708,5,1,1,Loaded,261,261,0,4831
201708,9,1,1,Loaded,236,236,0,5617
201708,6,2,1,Empty,40,0,40,0
201708,3,2,1,Empty,1,0,1,0
201708,4,2,1,Empty,7,0,7,0
201708,2,2,1,Empty,2,0,2,0
201708,8,2,1,Empty,10,0,10,0
201708,5,2,1,Empty,4,0,4,0
201708,6,2,1,Loaded,2452,2452,0,36514
201708,3,2,1,Loaded,486,486,0,6625
201708,1,2,1,Loaded,17,17,0,118
201708,4,2,1,Loaded,175,175,0,2648
201708,2,2,1,Loaded,390,390,0,5901
201708,8,2,1,Loaded,128,128,0,2294
201708,5,2,1,Loaded,279,279,0,4099
201708,9,2,1,Loaded,34,34,0,551
201708,6,3,1,Empty,2624,0,2624,0
201708,3,3,1,Empty,176,0,176,0
201708,4,3,1,Empty,36,0,36,0
201708,2,3,1,Empty,1704,0,1704,0
201708,8,3,1,Empty,4,0,4,0
201708,5,3,1,Empty,1690,0,1690,0
201708,9,3,1,Empty,12,0,12,0
201708,6,3,1,Loaded,16178,16178,0,181166
201708,3,3,1,Loaded,4412,4412,0,53098
201708,1,3,1,Loaded,302,302,0,2827
201708,4,3,1,Loaded,1178,1178,0,13917
201708,2,3,1,Loaded,3658,3658,0,42087
201708,8,3,1,Loaded,76,76,0,871
201708,5,3,1,Loaded,1266,1266,0,15200
201708,9,3,1,Loaded,454,454,0,5209
201708,6,4,1,Empty,290,0,290,0
201708,3,4,1,Empty,48,0,48,0
201708,4,4,1,Empty,4,0,4,0
201708,2,4,1,Empty,68,0,68,0
201708,8,4,1,Empty,24,0,24,0
201708,5,4,1,Empty,84,0,84,0
201708,6,4,1,Loaded,8172,8172,0,91738
201708,3,4,1,Loaded,2026,2026,0,22924
201708,1,4,1,Loaded,26,26,0,165
201708,4,4,1,Loaded,460,460,0,5031
201708,2,4,1,Loaded,1146,1146,0,13561
201708,8,4,1,Loaded,196,196,0,2187
201708,5,4,1,Loaded,264,264,0,3030
201708,9,4,1,Loaded,78,78,0,1013
201708,6,1,2,Empty,710,0,710,0
201708,3,1,2,Empty,247,0,247,0
201708,4,1,2,Empty,416,0,416,0
201708,2,1,2,Empty,2,0,2,0
201708,8,1,2,Empty,54,0,54,0
201708,5,1,2,Empty,123,0,123,0
201708,6,1,2,Loaded,6004,6004,0,93352
201708,3,1,2,Loaded,1355,1355,0,20921
201708,1,1,2,Loaded,285,285,0,5202
201708,4,1,2,Loaded,247,247,0,4550
201708,2,1,2,Loaded,2980,2980,0,43281
201708,8,1,2,Loaded,507,507,0,11020
201708,5,1,2,Loaded,383,383,0,7115
201708,9,1,2,Loaded,300,300,0,6788
201708,6,2,2,Empty,1292,0,1292,0
201708,3,2,2,Empty,185,0,185,0
201708,4,2,2,Empty,160,0,160,0
201708,2,2,2,Empty,378,0,378,0
201708,8,2,2,Empty,29,0,29,0
201708,5,2,2,Empty,24,0,24,0
201708,9,2,2,Empty,32,0,32,0
201708,6,2,2,Loaded,276,276,0,2093
201708,3,2,2,Loaded,58,58,0,441
201708,1,2,2,Loaded,4,4,0,25
201708,4,2,2,Loaded,8,8,0,150
201708,2,2,2,Loaded,131,131,0,890
201708,8,2,2,Loaded,5,5,0,2
201708,5,2,2,Loaded,22,22,0,213
201708,6,3,2,Empty,3138,0,3138,0
201708,3,3,2,Empty,390,0,390,0
201708,4,3,2,Empty,430,0,430,0
201708,2,3,2,Empty,100,0,100,0
201708,8,3,2,Empty,356,0,356,0
201708,5,3,2,Empty,1672,0,1672,0
201708,9,3,2,Empty,332,0,332,0
201708,6,3,2,Loaded,11390,11390,0,78317
201708,3,3,2,Loaded,1934,1934,0,13026
201708,1,3,2,Loaded,302,302,0,2332
201708,4,3,2,Loaded,284,284,0,1955
201708,2,3,2,Loaded,4570,4570,0,28881
201708,8,3,2,Loaded,106,106,0,764
201708,5,3,2,Loaded,602,602,0,4388
201708,9,3,2,Loaded,42,42,0,280
201708,6,4,2,Empty,4500,0,4500,0
201708,3,4,2,Empty,982,0,982,0
201708,4,4,2,Empty,314,0,314,0
201708,2,4,2,Empty,602,0,602,0
201708,8,4,2,Empty,142,0,142,0
201708,5,4,2,Empty,10,0,10,0
201708,9,4,2,Empty,72,0,72,0
201708,6,4,2,Loaded,1078,1078,0,8292
201708,3,4,2,Loaded,348,348,0,2684
201708,1,4,2,Loaded,4,4,0,42
201708,4,4,2,Loaded,66,66,0,429
201708,2,4,2,Loaded,398,398,0,3348
201708,8,4,2,Loaded,68,68,0,425
201708,5,4,2,Loaded,200,200,0,782
201708,7,1,1,Empty,2728,0,2728,0
201708,7,1,1,Loaded,2684,2684,0,41023
201708,7,2,1,Empty,45,0,45,0
201708,7,2,1,Loaded,444,444,0,5335
201708,7,3,1,Empty,2902,0,2902,0
201708,7,3,1,Loaded,4630,4630,0,39660
201708,7,4,1,Empty,568,0,568,0
201708,7,4,1,Loaded,1442,1442,0,15204
201708,7,1,2,Empty,12,0,12,0
201708,7,1,2,Loaded,10874,10874,0,142071
201708,7,2,2,Empty,405,0,405,0
201708,7,2,2,Loaded,740,740,0,5008
201708,7,3,2,Empty,72,0,72,0
201708,7,3,2,Loaded,17714,17714,0,106337
201708,7,4,2,Empty,330,0,330,0
201708,7,4,2,Loaded,3498,3498,0,29262
201707,6,1,1,Empty,1348,0,1348,0
201707,3,1,1,Empty,264,0,264,0
201707,1,1,1,Empty,20,0,20,0
201707,4,1,1,Empty,138,0,138,0
201707,2,1,1,Empty,1293,0,1293,0
201707,8,1,1,Empty,128,0,128,0
201707,5,1,1,Empty,249,0,249,0
201707,9,1,1,Empty,2,0,2,0
201707,6,1,1,Loaded,8288,8288,0,144115
201707,3,1,1,Loaded,1447,1447,0,27101
201707,1,1,1,Loaded,74,74,0,665
201707,4,1,1,Loaded,334,334,0,6402
201707,2,1,1,Loaded,1698,1698,0,29976
201707,8,1,1,Loaded,611,611,0,10606
201707,5,1,1,Loaded,1308,1308,0,23459
201707,9,1,1,Loaded,281,281,0,6264
201707,6,2,1,Empty,2,0,2,0
201707,3,2,1,Empty,1,0,1,0
201707,4,2,1,Empty,1,0,1,0
201707,2,2,1,Empty,4,0,4,0
201707,5,2,1,Empty,7,0,7,0
201707,6,2,1,Loaded,3174,3174,0,49278
201707,3,2,1,Loaded,533,533,0,7328
201707,1,2,1,Loaded,19,19,0,255
201707,4,2,1,Loaded,148,148,0,2289
201707,2,2,1,Loaded,567,567,0,8678
201707,8,2,1,Loaded,214,214,0,3514
201707,5,2,1,Loaded,763,763,0,12161
201707,9,2,1,Loaded,15,15,0,227
201707,6,3,1,Empty,1046,0,1046,0
201707,3,3,1,Empty,110,0,110,0
201707,4,3,1,Empty,6,0,6,0
201707,2,3,1,Empty,1116,0,1116,0
201707,8,3,1,Empty,6,0,6,0
201707,5,3,1,Empty,322,0,322,0
201707,9,3,1,Empty,6,0,6,0
201707,6,3,1,Loaded,18396,18396,0,207608
201707,3,3,1,Loaded,3424,3424,0,40853
201707,1,3,1,Loaded,314,314,0,2859
201707,4,3,1,Loaded,840,840,0,10128
201707,2,3,1,Loaded,4936,4936,0,60130
201707,8,3,1,Loaded,734,734,0,9631
201707,5,3,1,Loaded,4142,4142,0,52952
201707,9,3,1,Loaded,448,448,0,5082
201707,6,4,1,Empty,140,0,140,0
201707,3,4,1,Empty,8,0,8,0
201707,4,4,1,Empty,146,0,146,0
201707,8,4,1,Empty,32,0,32,0
201707,5,4,1,Empty,8,0,8,0
201707,6,4,1,Loaded,10224,10224,0,116319
201707,3,4,1,Loaded,2900,2900,0,33211
201707,1,4,1,Loaded,22,22,0,139
201707,4,4,1,Loaded,692,692,0,7762
201707,2,4,1,Loaded,960,960,0,11205
201707,8,4,1,Loaded,496,496,0,5886
201707,5,4,1,Loaded,902,902,0,11157
201707,9,4,1,Loaded,78,78,0,1024
201707,6,1,2,Empty,248,0,248,0
201707,3,1,2,Empty,82,0,82,0
201707,4,1,2,Empty,325,0,325,0
201707,2,1,2,Empty,2,0,2,0
201707,8,1,2,Empty,350,0,350,0
201707,5,1,2,Empty,473,0,473,0
201707,9,1,2,Empty,47,0,47,0
201707,6,1,2,Loaded,5998,5998,0,91647
201707,3,1,2,Loaded,1201,1201,0,17903
201707,1,1,2,Loaded,294,294,0,4769
201707,4,1,2,Loaded,184,184,0,3133
201707,2,1,2,Loaded,2952,2952,0,43825
201707,8,1,2,Loaded,430,430,0,8790
201707,5,1,2,Loaded,467,467,0,8514
201707,9,1,2,Loaded,418,418,0,10344
201707,6,2,2,Empty,1695,0,1695,0
201707,3,2,2,Empty,360,0,360,0
201707,1,2,2,Empty,38,0,38,0
201707,4,2,2,Empty,133,0,133,0
201707,2,2,2,Empty,361,0,361,0
201707,8,2,2,Empty,55,0,55,0
201707,5,2,2,Empty,589,0,589,0
201707,9,2,2,Empty,17,0,17,0
201707,6,2,2,Loaded,229,229,0,1722
201707,3,2,2,Loaded,56,56,0,357
201707,1,2,2,Loaded,2,2,0,19
201707,4,2,2,Loaded,6,6,0,72
201707,2,2,2,Loaded,143,143,0,907
201707,8,2,2,Loaded,3,3,0,1
201707,5,2,2,Loaded,41,41,0,356
201707,6,3,2,Empty,6204,0,6204,0
201707,4,3,2,Empty,772,0,772,0
201707,2,3,2,Empty,6,0,6,0
201707,8,3,2,Empty,884,0,884,0
201707,5,3,2,Empty,3048,0,3048,0
201707,9,3,2,Empty,464,0,464,0
201707,6,3,2,Loaded,10760,10760,0,74519
201707,3,3,2,Loaded,1700,1700,0,11488
201707,1,3,2,Loaded,368,368,0,3010
201707,4,3,2,Loaded,394,394,0,2931
201707,2,3,2,Loaded,4382,4382,0,29285
201707,8,3,2,Loaded,116,116,0,946
201707,5,3,2,Loaded,564,564,0,3489
201707,9,3,2,Loaded,100,100,0,967
201707,6,4,2,Empty,5042,0,5042,0
201707,3,4,2,Empty,1338,0,1338,0
201707,4,4,2,Empty,444,0,444,0
201707,2,4,2,Empty,868,0,868,0
201707,8,4,2,Empty,132,0,132,0
201707,5,4,2,Empty,394,0,394,0
201707,9,4,2,Empty,66,0,66,0
201707,6,4,2,Loaded,1106,1106,0,8716
201707,3,4,2,Loaded,284,284,0,2648
201707,1,4,2,Loaded,12,12,0,112
201707,4,4,2,Loaded,38,38,0,265
201707,2,4,2,Loaded,358,358,0,3207
201707,8,4,2,Loaded,56,56,0,297
201707,5,4,2,Loaded,346,346,0,1096
201707,7,1,1,Empty,3032,0,3032,0
201707,7,1,1,Loaded,2863,2863,0,44312
201707,7,2,1,Empty,15,0,15,0
201707,7,2,1,Loaded,617,617,0,8406
201707,7,3,1,Empty,4056,0,4056,0
201707,7,3,1,Loaded,4802,4802,0,42083
201707,7,4,1,Empty,566,0,566,0
201707,7,4,1,Loaded,1438,1438,0,14629
201707,7,1,2,Empty,218,0,218,0
201707,7,1,2,Loaded,11508,11508,0,152400
201707,7,2,2,Empty,708,0,708,0
201707,7,2,2,Loaded,735,735,0,5491
201707,7,3,2,Empty,110,0,110,0
201707,7,3,2,Loaded,18536,18536,0,114777
201707,7,4,2,Empty,490,0,490,0
201707,7,4,2,Loaded,3100,3100,0,24910
201706,6,1,1,Empty,1436,0,1436,0
201706,3,1,1,Empty,224,0,224,0
201706,1,1,1,Empty,15,0,15,0
201706,4,1,1,Empty,17,0,17,0
201706,2,1,1,Empty,943,0,943,0
201706,8,1,1,Empty,142,0,142,0
201706,5,1,1,Empty,237,0,237,0
201706,9,1,1,Empty,2,0,2,0
201706,6,1,1,Loaded,7442,7442,0,129889
201706,3,1,1,Loaded,1694,1694,0,31705
201706,1,1,1,Loaded,49,49,0,480
201706,4,1,1,Loaded,355,355,0,6510
201706,2,1,1,Loaded,1700,1700,0,29898
201706,8,1,1,Loaded,482,482,0,8300
201706,5,1,1,Loaded,882,882,0,16042
201706,9,1,1,Loaded,321,321,0,7063
201706,6,2,1,Empty,34,0,34,0
201706,3,2,1,Empty,1,0,1,0
201706,5,2,1,Empty,11,0,11,0
201706,9,2,1,Empty,1,0,1,0
201706,6,2,1,Loaded,3715,3715,0,57629
201706,3,2,1,Loaded,704,704,0,10127
201706,1,2,1,Loaded,13,13,0,160
201706,4,2,1,Loaded,125,125,0,1816
201706,2,2,1,Loaded,701,701,0,11195
201706,8,2,1,Loaded,242,242,0,3996
201706,5,2,1,Loaded,686,686,0,10762
201706,9,2,1,Loaded,29,29,0,506
201706,6,3,1,Empty,430,0,430,0
201706,3,3,1,Empty,178,0,178,0
201706,4,3,1,Empty,18,0,18,0
201706,2,3,1,Empty,1216,0,1216,0
201706,8,3,1,Empty,12,0,12,0
201706,5,3,1,Empty,154,0,154,0
201706,9,3,1,Empty,14,0,14,0
201706,6,3,1,Loaded,20144,20144,0,234658
201706,3,3,1,Loaded,3784,3784,0,46046
201706,1,3,1,Loaded,228,228,0,2108
201706,4,3,1,Loaded,960,960,0,11842
201706,2,3,1,Loaded,5542,5542,0,66639
201706,8,3,1,Loaded,634,634,0,8341
201706,5,3,1,Loaded,2952,2952,0,37481
201706,9,3,1,Loaded,1108,1108,0,13779
201706,6,4,1,Empty,194,0,194,0
201706,3,4,1,Empty,62,0,62,0
201706,4,4,1,Empty,28,0,28,0
201706,2,4,1,Empty,10,0,10,0
201706,8,4,1,Empty,6,0,6,0
201706,5,4,1,Empty,210,0,210,0
201706,9,4,1,Empty,4,0,4,0
201706,6,4,1,Loaded,9410,9410,0,105329
201706,3,4,1,Loaded,5050,5050,0,57850
201706,1,4,1,Loaded,16,16,0,98
201706,4,4,1,Loaded,1310,1310,0,14222
201706,2,4,1,Loaded,956,956,0,11089
201706,8,4,1,Loaded,414,414,0,4940
201706,5,4,1,Loaded,748,748,0,9101
201706,9,4,1,Loaded,168,168,0,2145
201706,6,1,2,Empty,216,0,216,0
201706,3,1,2,Empty,200,0,200,0
201706,4,1,2,Empty,114,0,114,0
201706,2,1,2,Empty,1,0,1,0
201706,8,1,2,Empty,160,0,160,0
201706,5,1,2,Empty,85,0,85,0
201706,9,1,2,Empty,97,0,97,0
201706,6,1,2,Loaded,5449,5449,0,81898
201706,3,1,2,Loaded,1340,1340,0,20953
201706,1,1,2,Loaded,160,160,0,2303
201706,4,1,2,Loaded,140,140,0,2229
201706,2,1,2,Loaded,2580,2580,0,37638
201706,8,1,2,Loaded,363,363,0,7084
201706,5,1,2,Loaded,379,379,0,7018
201706,9,1,2,Loaded,258,258,0,5797
201706,6,2,2,Empty,2175,0,2175,0
201706,3,2,2,Empty,556,0,556,0
201706,1,2,2,Empty,45,0,45,0
201706,4,2,2,Empty,105,0,105,0
201706,2,2,2,Empty,722,0,722,0
201706,8,2,2,Empty,96,0,96,0
201706,5,2,2,Empty,482,0,482,0
201706,9,2,2,Empty,36,0,36,0
201706,6,2,2,Loaded,273,273,0,2003
201706,3,2,2,Loaded,61,61,0,397
201706,1,2,2,Loaded,4,4,0,35
201706,4,2,2,Loaded,2,2,0,27
201706,2,2,2,Loaded,150,150,0,932
201706,8,2,2,Loaded,3,3,0,1
201706,5,2,2,Loaded,31,31,0,273
201706,6,3,2,Empty,5988,0,5988,0
201706,4,3,2,Empty,340,0,340,0
201706,8,3,2,Empty,272,0,272,0
201706,5,3,2,Empty,1294,0,1294,0
201706,9,3,2,Empty,872,0,872,0
201706,6,3,2,Loaded,9930,9930,0,65446
201706,3,3,2,Loaded,1762,1762,0,11870
201706,1,3,2,Loaded,260,260,0,2137
201706,4,3,2,Loaded,264,264,0,1730
201706,2,3,2,Loaded,3630,3630,0,23811
201706,8,3,2,Loaded,74,74,0,605
201706,5,3,2,Loaded,706,706,0,5406
201706,9,3,2,Loaded,52,52,0,410
201706,6,4,2,Empty,5700,0,5700,0
201706,3,4,2,Empty,2724,0,2724,0
201706,4,4,2,Empty,832,0,832,0
201706,2,4,2,Empty,768,0,768,0
201706,8,4,2,Empty,738,0,738,0
201706,5,4,2,Empty,428,0,428,0
201706,9,4,2,Empty,186,0,186,0
201706,6,4,2,Loaded,1032,1032,0,7504
201706,3,4,2,Loaded,352,352,0,3182
201706,1,4,2,Loaded,8,8,0,82
201706,4,4,2,Loaded,24,24,0,224
201706,2,4,2,Loaded,378,378,0,3248
201706,8,4,2,Loaded,60,60,0,331
201706,5,4,2,Loaded,214,214,0,439
201706,7,1,1,Empty,3965,0,3965,0
201706,7,1,1,Loaded,2565,2565,0,38850
201706,7,2,1,Empty,14,0,14,0
201706,7,2,1,Loaded,563,563,0,7719
201706,7,3,1,Empty,4530,0,4530,0
201706,7,3,1,Loaded,4230,4230,0,36689
201706,7,4,1,Empty,250,0,250,0
201706,7,4,1,Loaded,1740,1740,0,18478
201706,7,1,2,Empty,12,0,12,0
201706,7,1,2,Loaded,9592,9592,0,125038
201706,7,2,2,Empty,552,0,552,0
201706,7,2,2,Loaded,693,693,0,5155
201706,7,3,2,Empty,10,0,10,0
201706,7,3,2,Loaded,15444,15444,0,97065
201706,7,4,2,Empty,92,0,92,0
201706,7,4,2,Loaded,2602,2602,0,21958
201705,6,1,1,Empty,1583,0,1583,0
201705,3,1,1,Empty,507,0,507,0
201705,4,1,1,Empty,64,0,64,0
201705,2,1,1,Empty,1057,0,1057,0
201705,5,1,1,Empty,187,0,187,0
201705,9,1,1,Empty,4,0,4,0
201705,6,1,1,Loaded,7144,7144,0,125082
201705,3,1,1,Loaded,1995,1995,0,37224
201705,1,1,1,Loaded,63,63,0,771
201705,4,1,1,Loaded,298,298,0,5336
201705,2,1,1,Loaded,1673,1673,0,29269
201705,8,1,1,Loaded,515,515,0,8808
201705,5,1,1,Loaded,902,902,0,16375
201705,9,1,1,Loaded,331,331,0,7201
201705,6,2,1,Empty,44,0,44,0
201705,3,2,1,Empty,1,0,1,0
201705,4,2,1,Empty,22,0,22,0
201705,2,2,1,Empty,5,0,5,0
201705,5,2,1,Empty,3,0,3,0
201705,9,2,1,Empty,1,0,1,0
201705,6,2,1,Loaded,3939,3939,0,62787
201705,3,2,1,Loaded,806,806,0,11658
201705,1,2,1,Loaded,16,16,0,215
201705,4,2,1,Loaded,134,134,0,1937
201705,2,2,1,Loaded,708,708,0,11421
201705,8,2,1,Loaded,354,354,0,6061
201705,5,2,1,Loaded,881,881,0,13405
201705,9,2,1,Loaded,43,43,0,755
201705,6,3,1,Empty,878,0,878,0
201705,3,3,1,Empty,218,0,218,0
201705,4,3,1,Empty,32,0,32,0
201705,2,3,1,Empty,716,0,716,0
201705,8,3,1,Empty,2,0,2,0
201705,5,3,1,Empty,268,0,268,0
201705,9,3,1,Empty,18,0,18,0
201705,6,3,1,Loaded,19552,19552,0,225356
201705,3,3,1,Loaded,3964,3964,0,48369
201705,1,3,1,Loaded,270,270,0,2276
201705,4,3,1,Loaded,1108,1108,0,13564
201705,2,3,1,Loaded,4986,4986,0,59752
201705,8,3,1,Loaded,1000,1000,0,13322
201705,5,3,1,Loaded,2820,2820,0,36006
201705,9,3,1,Loaded,1040,1040,0,13089
201705,6,4,1,Empty,320,0,320,0
201705,3,4,1,Empty,22,0,22,0
201705,4,4,1,Empty,52,0,52,0
201705,2,4,1,Empty,4,0,4,0
201705,5,4,1,Empty,30,0,30,0
201705,6,4,1,Loaded,9480,9480,0,105240
201705,3,4,1,Loaded,6436,6436,0,74482
201705,1,4,1,Loaded,18,18,0,90
201705,4,4,1,Loaded,1948,1948,0,22223
201705,2,4,1,Loaded,1322,1322,0,15549
201705,8,4,1,Loaded,632,632,0,7763
201705,5,4,1,Loaded,1832,1832,0,22357
201705,9,4,1,Loaded,150,150,0,1909
201705,6,1,2,Empty,873,0,873,0
201705,3,1,2,Empty,232,0,232,0
201705,4,1,2,Empty,251,0,251,0
201705,8,1,2,Empty,337,0,337,0
201705,5,1,2,Empty,397,0,397,0
201705,9,1,2,Empty,28,0,28,0
201705,6,1,2,Loaded,5785,5785,0,85590
201705,3,1,2,Loaded,1279,1279,0,20836
201705,1,1,2,Loaded,187,187,0,2911
201705,4,1,2,Loaded,204,204,0,3267
201705,2,1,2,Loaded,2277,2277,0,33341
201705,8,1,2,Loaded,199,199,0,3437
201705,5,1,2,Loaded,478,478,0,8812
201705,9,1,2,Loaded,295,295,0,7020
201705,6,2,2,Empty,1629,0,1629,0
201705,3,2,2,Empty,453,0,453,0
201705,4,2,2,Empty,152,0,152,0
201705,2,2,2,Empty,357,0,357,0
201705,8,2,2,Empty,420,0,420,0
201705,5,2,2,Empty,1083,0,1083,0
201705,9,2,2,Empty,84,0,84,0
201705,6,2,2,Loaded,326,326,0,2777
201705,3,2,2,Loaded,45,45,0,351
201705,1,2,2,Loaded,1,1,0,12
201705,4,2,2,Loaded,6,6,0,79
201705,2,2,2,Loaded,95,95,0,616
201705,8,2,2,Loaded,3,3,0,0
201705,5,2,2,Loaded,24,24,0,117
201705,6,3,2,Empty,6228,0,6228,0
201705,3,3,2,Empty,508,0,508,0
201705,4,3,2,Empty,860,0,860,0
201705,8,3,2,Empty,1224,0,1224,0
201705,5,3,2,Empty,1390,0,1390,0
201705,9,3,2,Empty,804,0,804,0
201705,6,3,2,Loaded,10814,10814,0,75041
201705,3,3,2,Loaded,2024,2024,0,13205
201705,1,3,2,Loaded,274,274,0,2497
201705,4,3,2,Loaded,290,290,0,1927
201705,2,3,2,Loaded,3316,3316,0,22040
201705,8,3,2,Loaded,86,86,0,526
201705,5,3,2,Loaded,676,676,0,4341
201705,9,3,2,Loaded,56,56,0,342
201705,6,4,2,Empty,5130,0,5130,0
201705,3,4,2,Empty,3080,0,3080,0
201705,4,4,2,Empty,2196,0,2196,0
201705,2,4,2,Empty,1196,0,1196,0
201705,8,4,2,Empty,816,0,816,0
201705,5,4,2,Empty,1920,0,1920,0
201705,9,4,2,Empty,112,0,112,0
201705,6,4,2,Loaded,1202,1202,0,8843
201705,3,4,2,Loaded,314,314,0,2949
201705,1,4,2,Loaded,8,8,0,79
201705,4,4,2,Loaded,24,24,0,241
201705,2,4,2,Loaded,282,282,0,2344
201705,8,4,2,Loaded,34,34,0,208
201705,5,4,2,Loaded,394,394,0,961
201705,7,1,1,Empty,3038,0,3038,0
201705,7,1,1,Loaded,2405,2405,0,33464
201705,7,2,1,Empty,5,0,5,0
201705,7,2,1,Loaded,653,653,0,8962
201705,7,3,1,Empty,2218,0,2218,0
201705,7,3,1,Loaded,4328,4328,0,37451
201705,7,4,1,Empty,216,0,216,0
201705,7,4,1,Loaded,2016,2016,0,22292
201705,7,1,2,Empty,5,0,5,0
201705,7,1,2,Loaded,10353,10353,0,138238
201705,7,2,2,Empty,1097,0,1097,0
201705,7,2,2,Loaded,622,622,0,4640
201705,7,3,2,Empty,36,0,36,0
201705,7,3,2,Loaded,15798,15798,0,100373
201705,7,4,2,Empty,82,0,82,0
201705,7,4,2,Loaded,3098,3098,0,26504
201704,6,1,1,Empty,1073,0,1073,0
201704,3,1,1,Empty,138,0,138,0
201704,4,1,1,Empty,43,0,43,0
201704,2,1,1,Empty,564,0,564,0
201704,8,1,1,Empty,60,0,60,0
201704,5,1,1,Empty,87,0,87,0
201704,9,1,1,Empty,2,0,2,0
201704,6,1,1,Loaded,7008,7008,0,123433
201704,3,1,1,Loaded,1517,1517,0,28075
201704,1,1,1,Loaded,54,54,0,577
201704,4,1,1,Loaded,352,352,0,6642
201704,2,1,1,Loaded,1644,1644,0,29395
201704,8,1,1,Loaded,417,417,0,7085
201704,5,1,1,Loaded,1065,1065,0,18633
201704,9,1,1,Loaded,235,235,0,5077
201704,6,2,1,Empty,8,0,8,0
201704,4,2,1,Empty,1,0,1,0
201704,2,2,1,Empty,2,0,2,0
201704,5,2,1,Empty,2,0,2,0
201704,6,2,1,Loaded,3186,3186,0,49702
201704,3,2,1,Loaded,613,613,0,8742
201704,1,2,1,Loaded,17,17,0,206
201704,4,2,1,Loaded,108,108,0,1576
201704,2,2,1,Loaded,741,741,0,11627
201704,8,2,1,Loaded,279,279,0,4723
201704,5,2,1,Loaded,849,849,0,13042
201704,9,2,1,Loaded,56,56,0,957
201704,6,3,1,Empty,778,0,778,0
201704,3,3,1,Empty,192,0,192,0
201704,4,3,1,Empty,12,0,12,0
201704,2,3,1,Empty,548,0,548,0
201704,8,3,1,Empty,2,0,2,0
201704,5,3,1,Empty,230,0,230,0
201704,9,3,1,Empty,10,0,10,0
201704,6,3,1,Loaded,16996,16996,0,196002
201704,3,3,1,Loaded,4828,4828,0,60125
201704,1,3,1,Loaded,238,238,0,1977
201704,4,3,1,Loaded,800,800,0,9756
201704,2,3,1,Loaded,5020,5020,0,61424
201704,8,3,1,Loaded,994,994,0,13036
201704,5,3,1,Loaded,1804,1804,0,22509
201704,9,3,1,Loaded,782,782,0,9794
201704,6,4,1,Empty,152,0,152,0
201704,5,4,1,Empty,32,0,32,0
201704,9,4,1,Empty,6,0,6,0
201704,6,4,1,Loaded,5694,5694,0,65274
201704,3,4,1,Loaded,7008,7008,0,84372
201704,1,4,1,Loaded,18,18,0,110
201704,4,4,1,Loaded,2072,2072,0,23278
201704,2,4,1,Loaded,1282,1282,0,15553
201704,8,4,1,Loaded,726,726,0,8636
201704,5,4,1,Loaded,2048,2048,0,24808
201704,9,4,1,Loaded,184,184,0,2353
201704,6,1,2,Empty,507,0,507,0
201704,3,1,2,Empty,198,0,198,0
201704,4,1,2,Empty,293,0,293,0
201704,2,1,2,Empty,4,0,4,0
201704,8,1,2,Empty,435,0,435,0
201704,5,1,2,Empty,245,0,245,0
201704,9,1,2,Empty,254,0,254,0
201704,6,1,2,Loaded,5336,5336,0,80177
201704,3,1,2,Loaded,1355,1355,0,21234
201704,1,1,2,Loaded,152,152,0,2188
201704,4,1,2,Loaded,185,185,0,3371
201704,2,1,2,Loaded,2273,2273,0,32360
201704,8,1,2,Loaded,414,414,0,9027
201704,5,1,2,Loaded,395,395,0,6956
201704,9,1,2,Loaded,280,280,0,6194
201704,6,2,2,Empty,1647,0,1647,0
201704,3,2,2,Empty,678,0,678,0
201704,4,2,2,Empty,302,0,302,0
201704,2,2,2,Empty,536,0,536,0
201704,8,2,2,Empty,316,0,316,0
201704,5,2,2,Empty,1049,0,1049,0
201704,9,2,2,Empty,34,0,34,0
201704,6,2,2,Loaded,253,253,0,1749
201704,3,2,2,Loaded,66,66,0,450
201704,1,2,2,Loaded,6,6,0,48
201704,4,2,2,Loaded,13,13,0,143
201704,2,2,2,Loaded,113,113,0,697
201704,8,2,2,Loaded,1,1,0,1
201704,5,2,2,Loaded,28,28,0,259
201704,9,2,2,Loaded,1,1,0,20
201704,6,3,2,Empty,3030,0,3030,0
201704,3,3,2,Empty,342,0,342,0
201704,4,3,2,Empty,270,0,270,0
201704,2,3,2,Empty,2,0,2,0
201704,8,3,2,Empty,820,0,820,0
201704,5,3,2,Empty,1896,0,1896,0
201704,9,3,2,Empty,490,0,490,0
201704,6,3,2,Loaded,10304,10304,0,69960
201704,3,3,2,Loaded,1870,1870,0,12488
201704,1,3,2,Loaded,254,254,0,1912
201704,4,3,2,Loaded,172,172,0,1065
201704,2,3,2,Loaded,3164,3164,0,21250
201704,8,3,2,Loaded,126,126,0,1010
201704,5,3,2,Loaded,564,564,0,3707
201704,9,3,2,Loaded,138,138,0,1328
201704,6,4,2,Empty,4212,0,4212,0
201704,3,4,2,Empty,4652,0,4652,0
201704,4,4,2,Empty,1544,0,1544,0
201704,2,4,2,Empty,1314,0,1314,0
201704,8,4,2,Empty,562,0,562,0
201704,5,4,2,Empty,2172,0,2172,0
201704,9,4,2,Empty,240,0,240,0
201704,6,4,2,Loaded,1086,1086,0,8268
201704,3,4,2,Loaded,352,352,0,3307
201704,1,4,2,Loaded,2,2,0,15
201704,4,4,2,Loaded,20,20,0,246
201704,2,4,2,Loaded,310,310,0,2331
201704,8,4,2,Loaded,16,16,0,115
201704,5,4,2,Loaded,206,206,0,420
201704,7,1,1,Empty,2691,0,2691,0
201704,7,1,1,Loaded,2172,2172,0,31614
201704,7,2,1,Empty,4,0,4,0
201704,7,2,1,Loaded,553,553,0,7542
201704,7,3,1,Empty,2918,0,2918,0
201704,7,3,1,Loaded,4312,4312,0,38358
201704,7,4,1,Empty,236,0,236,0
201704,7,4,1,Loaded,1748,1748,0,19774
201704,7,1,2,Empty,10,0,10,0
201704,7,1,2,Loaded,9752,9752,0,127397
201704,7,2,2,Empty,759,0,759,0
201704,7,2,2,Loaded,647,647,0,4439
201704,7,3,2,Empty,16,0,16,0
201704,7,3,2,Loaded,15252,15252,0,95818
201704,7,4,2,Empty,194,0,194,0
201704,7,4,2,Loaded,2810,2810,0,23174
201703,6,1,1,Empty,1157,0,1157,0
201703,3,1,1,Empty,317,0,317,0
201703,1,1,1,Empty,7,0,7,0
201703,4,1,1,Empty,13,0,13,0
201703,2,1,1,Empty,884,0,884,0
201703,5,1,1,Empty,100,0,100,0
201703,9,1,1,Empty,2,0,2,0
201703,6,1,1,Loaded,7301,7301,0,127040
201703,3,1,1,Loaded,1993,1993,0,37431
201703,1,1,1,Loaded,64,64,0,656
201703,4,1,1,Loaded,373,373,0,7313
201703,2,1,1,Loaded,1746,1746,0,31102
201703,8,1,1,Loaded,657,657,0,10613
201703,5,1,1,Loaded,899,899,0,16328
201703,9,1,1,Loaded,426,426,0,9264
201703,6,2,1,Empty,12,0,12,0
201703,1,2,1,Empty,30,0,30,0
201703,2,2,1,Empty,3,0,3,0
201703,5,2,1,Empty,2,0,2,0
201703,6,2,1,Loaded,3284,3284,0,51267
201703,3,2,1,Loaded,711,711,0,10429
201703,1,2,1,Loaded,22,22,0,293
201703,4,2,1,Loaded,187,187,0,2872
201703,2,2,1,Loaded,611,611,0,9531
201703,8,2,1,Loaded,360,360,0,6154
201703,5,2,1,Loaded,797,797,0,12073
201703,9,2,1,Loaded,55,55,0,926
201703,6,3,1,Empty,1462,0,1462,0
201703,3,3,1,Empty,146,0,146,0
201703,1,3,1,Empty,70,0,70,0
201703,4,3,1,Empty,14,0,14,0
201703,2,3,1,Empty,1482,0,1482,0
201703,8,3,1,Empty,4,0,4,0
201703,5,3,1,Empty,636,0,636,0
201703,9,3,1,Empty,8,0,8,0
201703,6,3,1,Loaded,17984,17984,0,207345
201703,3,3,1,Loaded,5146,5146,0,63822
201703,1,3,1,Loaded,370,370,0,3594
201703,4,3,1,Loaded,844,844,0,10301
201703,2,3,1,Loaded,4782,4782,0,58233
201703,8,3,1,Loaded,1042,1042,0,13573
201703,5,3,1,Loaded,2262,2262,0,27723
201703,9,3,1,Loaded,1176,1176,0,14693
201703,6,4,1,Empty,110,0,110,0
201703,3,4,1,Empty,10,0,10,0
201703,4,4,1,Empty,18,0,18,0
201703,2,4,1,Empty,2,0,2,0
201703,5,4,1,Empty,16,0,16,0
201703,6,4,1,Loaded,4892,4892,0,58153
201703,3,4,1,Loaded,6360,6360,0,77096
201703,1,4,1,Loaded,46,46,0,343
201703,4,4,1,Loaded,926,926,0,10591
201703,2,4,1,Loaded,1330,1330,0,15866
201703,8,4,1,Loaded,666,666,0,7845
201703,5,4,1,Loaded,1816,1816,0,22027
201703,9,4,1,Loaded,226,226,0,2898
201703,6,1,2,Empty,271,0,271,0
201703,3,1,2,Empty,284,0,284,0
201703,4,1,2,Empty,81,0,81,0
201703,2,1,2,Empty,10,0,10,0
201703,8,1,2,Empty,671,0,671,0
201703,5,1,2,Empty,150,0,150,0
201703,9,1,2,Empty,339,0,339,0
201703,6,1,2,Loaded,5585,5585,0,84635
201703,3,1,2,Loaded,1346,1346,0,20597
201703,1,1,2,Loaded,119,119,0,1536
201703,4,1,2,Loaded,235,235,0,3568
201703,2,1,2,Loaded,2363,2363,0,37046
201703,8,1,2,Loaded,293,293,0,6185
201703,5,1,2,Loaded,409,409,0,7261
201703,9,1,2,Loaded,217,217,0,4691
201703,6,2,2,Empty,2572,0,2572,0
201703,3,2,2,Empty,795,0,795,0
201703,4,2,2,Empty,308,0,308,0
201703,2,2,2,Empty,516,0,516,0
201703,8,2,2,Empty,283,0,283,0
201703,5,2,2,Empty,823,0,823,0
201703,9,2,2,Empty,78,0,78,0
201703,6,2,2,Loaded,268,268,0,2011
201703,3,2,2,Loaded,70,70,0,531
201703,1,2,2,Loaded,1,1,0,9
201703,4,2,2,Loaded,2,2,0,3
201703,2,2,2,Loaded,106,106,0,658
201703,5,2,2,Loaded,23,23,0,261
201703,6,3,2,Empty,3416,0,3416,0
201703,3,3,2,Empty,468,0,468,0
201703,4,3,2,Empty,180,0,180,0
201703,2,3,2,Empty,2,0,2,0
201703,8,3,2,Empty,826,0,826,0
201703,5,3,2,Empty,1214,0,1214,0
201703,9,3,2,Empty,984,0,984,0
201703,6,3,2,Loaded,11014,11014,0,76417
201703,3,3,2,Loaded,2262,2262,0,15828
201703,1,3,2,Loaded,162,162,0,1016
201703,4,3,2,Loaded,330,330,0,2109
201703,2,3,2,Loaded,3758,3758,0,26492
201703,8,3,2,Loaded,120,120,0,1073
201703,5,3,2,Loaded,476,476,0,2729
201703,9,3,2,Loaded,224,224,0,2621
201703,6,4,2,Empty,2386,0,2386,0
201703,3,4,2,Empty,5814,0,5814,0
201703,4,4,2,Empty,850,0,850,0
201703,2,4,2,Empty,832,0,832,0
201703,8,4,2,Empty,570,0,570,0
201703,5,4,2,Empty,1342,0,1342,0
201703,9,4,2,Empty,332,0,332,0
201703,6,4,2,Loaded,1320,1320,0,9101
201703,3,4,2,Loaded,444,444,0,3679
201703,4,4,2,Loaded,14,14,0,101
201703,2,4,2,Loaded,236,236,0,2094
201703,8,4,2,Loaded,76,76,0,494
201703,5,4,2,Loaded,180,180,0,313
201703,7,1,1,Empty,1960,0,1960,0
201703,7,1,1,Loaded,2615,2615,0,38693
201703,7,2,1,Empty,5,0,5,0
201703,7,2,1,Loaded,650,650,0,9117
201703,7,3,1,Empty,3324,0,3324,0
201703,7,3,1,Loaded,4524,4524,0,39278
201703,7,4,1,Empty,124,0,124,0
201703,7,4,1,Loaded,2116,2116,0,24687
201703,7,1,2,Empty,18,0,18,0
201703,7,1,2,Loaded,9117,9117,0,124841
201703,7,2,2,Empty,768,0,768,0
201703,7,2,2,Loaded,633,633,0,4495
201703,7,3,2,Empty,20,0,20,0
201703,7,3,2,Loaded,13822,13822,0,87727
201703,7,4,2,Empty,124,0,124,0
201703,7,4,2,Loaded,2708,2708,0,23628
201702,6,1,1,Empty,876,0,876,0
201702,3,1,1,Empty,290,0,290,0
201702,4,1,1,Empty,68,0,68,0
201702,2,1,1,Empty,625,0,625,0
201702,5,1,1,Empty,57,0,57,0
201702,6,1,1,Loaded,6825,6825,0,120395
201702,3,1,1,Loaded,1778,1778,0,33051
201702,1,1,1,Loaded,25,25,0,307
201702,4,1,1,Loaded,315,315,0,5870
201702,2,1,1,Loaded,1464,1464,0,25374
201702,8,1,1,Loaded,423,423,0,6960
201702,5,1,1,Loaded,809,809,0,14407
201702,9,1,1,Loaded,341,341,0,7646
201702,6,2,1,Empty,26,0,26,0
201702,3,2,1,Empty,4,0,4,0
201702,8,2,1,Empty,3,0,3,0
201702,5,2,1,Empty,4,0,4,0
201702,6,2,1,Loaded,3462,3462,0,54802
201702,3,2,1,Loaded,793,793,0,11803
201702,1,2,1,Loaded,11,11,0,120
201702,4,2,1,Loaded,166,166,0,2465
201702,2,2,1,Loaded,652,652,0,10287
201702,8,2,1,Loaded,292,292,0,4809
201702,5,2,1,Loaded,697,697,0,10505
201702,9,2,1,Loaded,17,17,0,290
201702,6,3,1,Empty,1402,0,1402,0
201702,3,3,1,Empty,182,0,182,0
201702,4,3,1,Empty,10,0,10,0
201702,2,3,1,Empty,788,0,788,0
201702,8,3,1,Empty,2,0,2,0
201702,5,3,1,Empty,140,0,140,0
201702,9,3,1,Empty,34,0,34,0
201702,6,3,1,Loaded,16054,16054,0,187267
201702,3,3,1,Loaded,3774,3774,0,45813
201702,1,3,1,Loaded,168,168,0,1526
201702,4,3,1,Loaded,848,848,0,10300
201702,2,3,1,Loaded,4332,4332,0,52374
201702,8,3,1,Loaded,764,764,0,9753
201702,5,3,1,Loaded,2094,2094,0,25889
201702,9,3,1,Loaded,844,844,0,10568
201702,6,4,1,Empty,72,0,72,0
201702,3,4,1,Empty,6,0,6,0
201702,8,4,1,Empty,28,0,28,0
201702,5,4,1,Empty,2,0,2,0
201702,6,4,1,Loaded,3180,3180,0,37444
201702,3,4,1,Loaded,2820,2820,0,34806
201702,1,4,1,Loaded,14,14,0,89
201702,4,4,1,Loaded,352,352,0,4372
201702,2,4,1,Loaded,982,982,0,11813
201702,8,4,1,Loaded,574,574,0,6445
201702,5,4,1,Loaded,1578,1578,0,18661
201702,9,4,1,Loaded,146,146,0,1840
201702,6,1,2,Empty,399,0,399,0
201702,3,1,2,Empty,74,0,74,0
201702,4,1,2,Empty,189,0,189,0
201702,8,1,2,Empty,691,0,691,0
201702,5,1,2,Empty,93,0,93,0
201702,9,1,2,Empty,214,0,214,0
201702,6,1,2,Loaded,5584,5584,0,83246
201702,3,1,2,Loaded,1403,1403,0,21619
201702,1,1,2,Loaded,57,57,0,574
201702,4,1,2,Loaded,284,284,0,4504
201702,2,1,2,Loaded,2256,2256,0,32872
201702,8,1,2,Loaded,248,248,0,4555
201702,5,1,2,Loaded,361,361,0,6622
201702,9,1,2,Loaded,236,236,0,5348
201702,6,2,2,Empty,2112,0,2112,0
201702,3,2,2,Empty,617,0,617,0
201702,4,2,2,Empty,171,0,171,0
201702,2,2,2,Empty,576,0,576,0
201702,8,2,2,Empty,337,0,337,0
201702,5,2,2,Empty,839,0,839,0
201702,9,2,2,Empty,26,0,26,0
201702,6,2,2,Loaded,233,233,0,1913
201702,3,2,2,Loaded,56,56,0,371
201702,1,2,2,Loaded,4,4,0,32
201702,4,2,2,Loaded,4,4,0,41
201702,2,2,2,Loaded,125,125,0,770
201702,5,2,2,Loaded,28,28,0,349
201702,6,3,2,Empty,4294,0,4294,0
201702,3,3,2,Empty,676,0,676,0
201702,4,3,2,Empty,692,0,692,0
201702,2,3,2,Empty,12,0,12,0
201702,8,3,2,Empty,420,0,420,0
201702,5,3,2,Empty,532,0,532,0
201702,9,3,2,Empty,394,0,394,0
201702,6,3,2,Loaded,9494,9494,0,65017
201702,3,3,2,Loaded,1992,1992,0,13539
201702,1,3,2,Loaded,86,86,0,694
201702,4,3,2,Loaded,410,410,0,2341
201702,2,3,2,Loaded,4142,4142,0,28429
201702,8,3,2,Loaded,130,130,0,1181
201702,5,3,2,Loaded,488,488,0,3066
201702,9,3,2,Loaded,154,154,0,1482
201702,6,4,2,Empty,2728,0,2728,0
201702,3,4,2,Empty,2446,0,2446,0
201702,4,4,2,Empty,1970,0,1970,0
201702,2,4,2,Empty,470,0,470,0
201702,8,4,2,Empty,1042,0,1042,0
201702,5,4,2,Empty,968,0,968,0
201702,9,4,2,Empty,160,0,160,0
201702,6,4,2,Loaded,1436,1436,0,9036
201702,3,4,2,Loaded,242,242,0,2069
201702,4,4,2,Loaded,6,6,0,75
201702,2,4,2,Loaded,266,266,0,2132
201702,8,4,2,Loaded,54,54,0,356
201702,5,4,2,Loaded,136,136,0,301
201702,9,4,2,Loaded,2,2,0,28
201702,7,1,1,Empty,2885,0,2885,0
201702,7,1,1,Loaded,2356,2356,0,35380
201702,7,2,1,Empty,2,0,2,0
201702,7,2,1,Loaded,657,657,0,9098
201702,7,3,1,Empty,3546,0,3546,0
201702,7,3,1,Loaded,4294,4294,0,37576
201702,7,4,1,Empty,160,0,160,0
201702,7,4,1,Loaded,1850,1850,0,20851
201702,7,1,2,Empty,179,0,179,0
201702,7,1,2,Loaded,8983,8983,0,120219
201702,7,2,2,Empty,419,0,419,0
201702,7,2,2,Loaded,576,576,0,4438
201702,7,3,2,Empty,14,0,14,0
201702,7,3,2,Loaded,15196,15196,0,95983
201702,7,4,2,Empty,222,0,222,0
201702,7,4,2,Loaded,2520,2520,0,22174
201701,6,1,1,Empty,1527,0,1527,0
201701,3,1,1,Empty,89,0,89,0
201701,4,1,1,Empty,2,0,2,0
201701,2,1,1,Empty,866,0,866,0
201701,5,1,1,Empty,179,0,179,0
201701,9,1,1,Empty,3,0,3,0
201701,6,1,1,Loaded,6597,6597,0,115993
201701,3,1,1,Loaded,1649,1649,0,30236
201701,4,1,1,Loaded,324,324,0,6050
201701,2,1,1,Loaded,1548,1548,0,27642
201701,8,1,1,Loaded,519,519,0,9041
201701,5,1,1,Loaded,1037,1037,0,18401
201701,9,1,1,Loaded,276,276,0,6015
201701,6,2,1,Empty,8,0,8,0
201701,4,2,1,Empty,1,0,1,0
201701,5,2,1,Empty,2,0,2,0
201701,6,2,1,Loaded,3276,3276,0,52189
201701,3,2,1,Loaded,727,727,0,10747
201701,4,2,1,Loaded,129,129,0,1907
201701,2,2,1,Loaded,613,613,0,9647
201701,8,2,1,Loaded,221,221,0,3487
201701,5,2,1,Loaded,705,705,0,10891
201701,9,2,1,Loaded,8,8,0,109
201701,6,3,1,Empty,2682,0,2682,0
201701,3,3,1,Empty,40,0,40,0
201701,4,3,1,Empty,12,0,12,0
201701,2,3,1,Empty,760,0,760,0
201701,8,3,1,Empty,14,0,14,0
201701,5,3,1,Empty,334,0,334,0
201701,9,3,1,Empty,58,0,58,0
201701,6,3,1,Loaded,14826,14826,0,175631
201701,3,3,1,Loaded,4332,4332,0,53453
201701,4,3,1,Loaded,516,516,0,6082
201701,2,3,1,Loaded,4616,4616,0,58072
201701,8,3,1,Loaded,764,764,0,9954
201701,5,3,1,Loaded,2682,2682,0,34332
201701,9,3,1,Loaded,940,940,0,12009
201701,6,4,1,Empty,50,0,50,0
201701,3,4,1,Empty,2,0,2,0
201701,2,4,1,Empty,4,0,4,0
201701,8,4,1,Empty,80,0,80,0
201701,5,4,1,Empty,6,0,6,0
201701,6,4,1,Loaded,2772,2772,0,32465
201701,3,4,1,Loaded,1980,1980,0,24086
201701,4,4,1,Loaded,342,342,0,4147
201701,2,4,1,Loaded,764,764,0,9046
201701,8,4,1,Loaded,554,554,0,6350
201701,5,4,1,Loaded,1430,1430,0,17015
201701,9,4,1,Loaded,152,152,0,1823
201701,6,1,2,Empty,556,0,556,0
201701,3,1,2,Empty,8,0,8,0
201701,4,1,2,Empty,190,0,190,0
201701,2,1,2,Empty,2,0,2,0
201701,8,1,2,Empty,365,0,365,0
201701,5,1,2,Empty,132,0,132,0
201701,9,1,2,Empty,179,0,179,0
201701,6,1,2,Loaded,5958,5958,0,84829
201701,3,1,2,Loaded,1338,1338,0,19893
201701,4,1,2,Loaded,206,206,0,3237
201701,2,1,2,Loaded,2119,2119,0,30573
201701,8,1,2,Loaded,282,282,0,5492
201701,5,1,2,Loaded,632,632,0,12285
201701,9,1,2,Loaded,279,279,0,5920
201701,6,2,2,Empty,2557,0,2557,0
201701,3,2,2,Empty,685,0,685,0
201701,4,2,2,Empty,135,0,135,0
201701,2,2,2,Empty,829,0,829,0
201701,8,2,2,Empty,151,0,151,0
201701,5,2,2,Empty,853,0,853,0
201701,9,2,2,Empty,11,0,11,0
201701,6,2,2,Loaded,270,270,0,2080
201701,3,2,2,Loaded,59,59,0,456
201701,4,2,2,Loaded,8,8,0,99
201701,2,2,2,Loaded,126,126,0,773
201701,8,2,2,Loaded,5,5,0,24
201701,5,2,2,Loaded,30,30,0,271
201701,6,3,2,Empty,5040,0,5040,0
201701,3,3,2,Empty,528,0,528,0
201701,4,3,2,Empty,712,0,712,0
201701,2,3,2,Empty,244,0,244,0
201701,8,3,2,Empty,1514,0,1514,0
201701,5,3,2,Empty,2102,0,2102,0
201701,9,3,2,Empty,1348,0,1348,0
201701,6,3,2,Loaded,11336,11336,0,77001
201701,3,3,2,Loaded,2026,2026,0,13933
201701,4,3,2,Loaded,398,398,0,2493
201701,2,3,2,Loaded,3514,3514,0,24393
201701,8,3,2,Loaded,278,278,0,2488
201701,5,3,2,Loaded,338,338,0,1739
201701,9,3,2,Loaded,116,116,0,1140
201701,6,4,2,Empty,3206,0,3206,0
201701,3,4,2,Empty,4188,0,4188,0
201701,4,4,2,Empty,1180,0,1180,0
201701,2,4,2,Empty,448,0,448,0
201701,8,4,2,Empty,714,0,714,0
201701,5,4,2,Empty,1118,0,1118,0
201701,9,4,2,Empty,226,0,226,0
201701,6,4,2,Loaded,1950,1950,0,11718
201701,3,4,2,Loaded,282,282,0,2237
201701,4,4,2,Loaded,40,40,0,349
201701,2,4,2,Loaded,268,268,0,2265
201701,8,4,2,Loaded,42,42,0,294
201701,5,4,2,Loaded,262,262,0,500
201701,7,1,1,Empty,3612,0,3612,0
201701,7,1,1,Loaded,2405,2405,0,35808
201701,7,2,1,Empty,32,0,32,0
201701,7,2,1,Loaded,766,766,0,11252
201701,7,3,1,Empty,3576,0,3576,0
201701,7,3,1,Loaded,4666,4666,0,41599
201701,7,4,1,Empty,160,0,160,0
201701,7,4,1,Loaded,1370,1370,0,13687
201701,7,1,2,Empty,92,0,92,0
201701,7,1,2,Loaded,9905,9905,0,131164
201701,7,2,2,Empty,1354,0,1354,0
201701,7,2,2,Loaded,724,724,0,5835
201701,7,3,2,Empty,4,0,4,0
201701,7,3,2,Loaded,15322,15322,0,96861
201701,7,4,2,Empty,166,0,166,0
201701,7,4,2,Loaded,2908,2908,0,25125
201612,6,1,1,Empty,1777,0,1777,0
201612,3,1,1,Empty,19,0,19,0
201612,4,1,1,Empty,23,0,23,0
201612,2,1,1,Empty,749,0,749,0
201612,8,1,1,Empty,1,0,1,0
201612,5,1,1,Empty,98,0,98,0
201612,9,1,1,Empty,5,0,5,0
201612,6,1,1,Loaded,7425,7425,0,129159
201612,3,1,1,Loaded,2036,2036,0,36975
201612,1,1,1,Loaded,79,79,0,1595
201612,4,1,1,Loaded,469,469,0,8347
201612,2,1,1,Loaded,1826,1826,0,32700
201612,8,1,1,Loaded,622,622,0,10556
201612,5,1,1,Loaded,1234,1234,0,23946
201612,9,1,1,Loaded,281,281,0,6625
201612,6,2,1,Empty,11,0,11,0
201612,3,2,1,Empty,2,0,2,0
201612,2,2,1,Empty,2,0,2,0
201612,5,2,1,Empty,1,0,1,0
201612,6,2,1,Loaded,3653,3653,0,57726
201612,3,2,1,Loaded,713,713,0,10232
201612,1,2,1,Loaded,2,2,0,27
201612,4,2,1,Loaded,119,119,0,1685
201612,2,2,1,Loaded,659,659,0,10405
201612,8,2,1,Loaded,168,168,0,2690
201612,5,2,1,Loaded,539,539,0,8254
201612,9,2,1,Loaded,21,21,0,330
201612,6,3,1,Empty,554,0,554,0
201612,3,3,1,Empty,128,0,128,0
201612,4,3,1,Empty,6,0,6,0
201612,2,3,1,Empty,766,0,766,0
201612,8,3,1,Empty,8,0,8,0
201612,5,3,1,Empty,10,0,10,0
201612,9,3,1,Empty,92,0,92,0
201612,6,3,1,Loaded,19082,19082,0,224754
201612,3,3,1,Loaded,4762,4762,0,58001
201612,1,3,1,Loaded,84,84,0,863
201612,4,3,1,Loaded,706,706,0,8405
201612,2,3,1,Loaded,7418,7418,0,93207
201612,8,3,1,Loaded,1996,1996,0,26289
201612,5,3,1,Loaded,2576,2576,0,32650
201612,9,3,1,Loaded,1160,1160,0,14742
201612,6,4,1,Empty,34,0,34,0
201612,3,4,1,Empty,6,0,6,0
201612,4,4,1,Empty,2,0,2,0
201612,2,4,1,Empty,2,0,2,0
201612,8,4,1,Empty,4,0,4,0
201612,5,4,1,Empty,4,0,4,0
201612,6,4,1,Loaded,4012,4012,0,46866
201612,3,4,1,Loaded,1348,1348,0,15066
201612,1,4,1,Loaded,6,6,0,40
201612,4,4,1,Loaded,220,220,0,2559
201612,2,4,1,Loaded,1068,1068,0,12587
201612,8,4,1,Loaded,644,644,0,7849
201612,5,4,1,Loaded,790,790,0,9432
201612,9,4,1,Loaded,70,70,0,832
201612,6,1,2,Empty,738,0,738,0
201612,3,1,2,Empty,9,0,9,0
201612,4,1,2,Empty,206,0,206,0
201612,2,1,2,Empty,1,0,1,0
201612,8,1,2,Empty,372,0,372,0
201612,5,1,2,Empty,462,0,462,0
201612,9,1,2,Empty,117,0,117,0
201612,6,1,2,Loaded,5669,5669,0,79477
201612,3,1,2,Loaded,1289,1289,0,18694
201612,1,1,2,Loaded,199,199,0,3585
201612,4,1,2,Loaded,197,197,0,3548
201612,2,1,2,Loaded,2570,2570,0,35938
201612,8,1,2,Loaded,343,343,0,6172
201612,5,1,2,Loaded,500,500,0,9558
201612,9,1,2,Loaded,173,173,0,3674
201612,6,2,2,Empty,2438,0,2438,0
201612,3,2,2,Empty,644,0,644,0
201612,4,2,2,Empty,297,0,297,0
201612,2,2,2,Empty,735,0,735,0
201612,8,2,2,Empty,664,0,664,0
201612,5,2,2,Empty,860,0,860,0
201612,9,2,2,Empty,32,0,32,0
201612,6,2,2,Loaded,236,236,0,1616
201612,3,2,2,Loaded,60,60,0,486
201612,1,2,2,Loaded,3,3,0,21
201612,4,2,2,Loaded,6,6,0,64
201612,2,2,2,Loaded,140,140,0,908
201612,8,2,2,Loaded,7,7,0,64
201612,5,2,2,Loaded,30,30,0,335
201612,6,3,2,Empty,7338,0,7338,0
201612,3,3,2,Empty,996,0,996,0
201612,4,3,2,Empty,342,0,342,0
201612,2,3,2,Empty,2316,0,2316,0
201612,8,3,2,Empty,2456,0,2456,0
201612,5,3,2,Empty,2854,0,2854,0
201612,9,3,2,Empty,970,0,970,0
201612,6,3,2,Loaded,10990,10990,0,72929
201612,3,3,2,Loaded,1878,1878,0,12743
201612,1,3,2,Loaded,128,128,0,697
201612,4,3,2,Loaded,228,228,0,1061
201612,2,3,2,Loaded,4282,4282,0,29125
201612,8,3,2,Loaded,326,326,0,2412
201612,5,3,2,Loaded,362,362,0,2415
201612,9,3,2,Loaded,148,148,0,1560
201612,6,4,2,Empty,3090,0,3090,0
201612,3,4,2,Empty,3494,0,3494,0
201612,4,4,2,Empty,230,0,230,0
201612,2,4,2,Empty,610,0,610,0
201612,8,4,2,Empty,616,0,616,0
201612,5,4,2,Empty,346,0,346,0
201612,9,4,2,Empty,98,0,98,0
201612,6,4,2,Loaded,1514,1514,0,9571
201612,3,4,2,Loaded,182,182,0,1610
201612,1,4,2,Loaded,2,2,0,21
201612,4,4,2,Loaded,32,32,0,287
201612,2,4,2,Loaded,378,378,0,3006
201612,8,4,2,Loaded,30,30,0,203
201612,5,4,2,Loaded,100,100,0,310
201612,7,1,1,Empty,3848,0,3848,0
201612,7,1,1,Loaded,2725,2725,0,42385
201612,7,2,1,Empty,16,0,16,0
201612,7,2,1,Loaded,644,644,0,8813
201612,7,3,1,Empty,2668,0,2668,0
201612,7,3,1,Loaded,4800,4800,0,38633
201612,7,4,1,Empty,322,0,322,0
201612,7,4,1,Loaded,1180,1180,0,11730
201612,7,1,2,Empty,46,0,46,0
201612,7,1,2,Loaded,9616,9616,0,119671
201612,7,2,2,Empty,582,0,582,0
201612,7,2,2,Loaded,802,802,0,6133
201612,7,3,2,Empty,28,0,28,0
201612,7,3,2,Loaded,16238,16238,0,99158
201612,7,4,2,Empty,190,0,190,0
201612,7,4,2,Loaded,2930,2930,0,24589
201611,6,1,1,Empty,1505,0,1505,0
201611,3,1,1,Empty,45,0,45,0
201611,1,1,1,Empty,39,0,39,0
201611,4,1,1,Empty,111,0,111,0
201611,2,1,1,Empty,475,0,475,0
201611,8,1,1,Empty,1,0,1,0
201611,5,1,1,Empty,173,0,173,0
201611,9,1,1,Empty,7,0,7,0
201611,6,1,1,Loaded,7232,7232,0,126974
201611,3,1,1,Loaded,1433,1433,0,26155
201611,1,1,1,Loaded,196,196,0,3381
201611,4,1,1,Loaded,346,346,0,6164
201611,2,1,1,Loaded,1682,1682,0,29448
201611,8,1,1,Loaded,569,569,0,10004
201611,5,1,1,Loaded,1229,1229,0,23321
201611,9,1,1,Loaded,251,251,0,5845
201611,6,2,1,Empty,6,0,6,0
201611,2,2,1,Empty,1,0,1,0
201611,8,2,1,Empty,6,0,6,0
201611,5,2,1,Empty,2,0,2,0
201611,6,2,1,Loaded,3256,3256,0,51142
201611,3,2,1,Loaded,409,409,0,5905
201611,1,2,1,Loaded,44,44,0,632
201611,4,2,1,Loaded,113,113,0,1752
201611,2,2,1,Loaded,704,704,0,10753
201611,8,2,1,Loaded,245,245,0,3992
201611,5,2,1,Loaded,464,464,0,7273
201611,9,2,1,Loaded,22,22,0,364
201611,6,3,1,Empty,914,0,914,0
201611,3,3,1,Empty,116,0,116,0
201611,1,3,1,Empty,56,0,56,0
201611,4,3,1,Empty,12,0,12,0
201611,2,3,1,Empty,592,0,592,0
201611,5,3,1,Empty,248,0,248,0
201611,9,3,1,Empty,72,0,72,0
201611,6,3,1,Loaded,19692,19692,0,233412
201611,3,3,1,Loaded,3766,3766,0,45583
201611,1,3,1,Loaded,430,430,0,4554
201611,4,3,1,Loaded,826,826,0,10124
201611,2,3,1,Loaded,5046,5046,0,61853
201611,8,3,1,Loaded,1786,1786,0,23473
201611,5,3,1,Loaded,2050,2050,0,26156
201611,9,3,1,Loaded,1106,1106,0,13968
201611,6,4,1,Empty,32,0,32,0
201611,2,4,1,Empty,6,0,6,0
201611,8,4,1,Empty,8,0,8,0
201611,5,4,1,Empty,8,0,8,0
201611,6,4,1,Loaded,4220,4220,0,49001
201611,3,4,1,Loaded,774,774,0,9045
201611,1,4,1,Loaded,102,102,0,1170
201611,4,4,1,Loaded,200,200,0,2334
201611,2,4,1,Loaded,904,904,0,10512
201611,8,4,1,Loaded,514,514,0,6295
201611,5,4,1,Loaded,538,538,0,6646
201611,9,4,1,Loaded,50,50,0,578
201611,6,1,2,Empty,1553,0,1553,0
201611,3,1,2,Empty,10,0,10,0
201611,1,1,2,Empty,4,0,4,0
201611,4,1,2,Empty,241,0,241,0
201611,2,1,2,Empty,5,0,5,0
201611,8,1,2,Empty,574,0,574,0
201611,5,1,2,Empty,610,0,610,0
201611,6,1,2,Loaded,6419,6419,0,96515
201611,3,1,2,Loaded,937,937,0,14872
201611,1,1,2,Loaded,425,425,0,6631
201611,4,1,2,Loaded,331,331,0,5132
201611,2,1,2,Loaded,2549,2549,0,37526
201611,8,1,2,Loaded,364,364,0,7725
201611,5,1,2,Loaded,460,460,0,8869
201611,9,1,2,Loaded,182,182,0,3870
201611,6,2,2,Empty,1787,0,1787,0
201611,3,2,2,Empty,490,0,490,0
201611,1,2,2,Empty,55,0,55,0
201611,4,2,2,Empty,129,0,129,0
201611,2,2,2,Empty,388,0,388,0
201611,8,2,2,Empty,439,0,439,0
201611,5,2,2,Empty,386,0,386,0
201611,9,2,2,Empty,18,0,18,0
201611,6,2,2,Loaded,261,261,0,1943
201611,3,2,2,Loaded,63,63,0,415
201611,1,2,2,Loaded,15,15,0,114
201611,4,2,2,Loaded,9,9,0,106
201611,2,2,2,Loaded,160,160,0,1139
201611,8,2,2,Loaded,4,4,0,79
201611,5,2,2,Loaded,28,28,0,222
201611,6,3,2,Empty,6628,0,6628,0
201611,3,3,2,Empty,902,0,902,0
201611,1,3,2,Empty,204,0,204,0
201611,4,3,2,Empty,586,0,586,0
201611,2,3,2,Empty,554,0,554,0
201611,8,3,2,Empty,1776,0,1776,0
201611,5,3,2,Empty,1608,0,1608,0
201611,9,3,2,Empty,1712,0,1712,0
201611,6,3,2,Loaded,11072,11072,0,74831
201611,3,3,2,Loaded,1590,1590,0,12079
201611,1,3,2,Loaded,550,550,0,3489
201611,4,3,2,Loaded,390,390,0,2321
201611,2,3,2,Loaded,3866,3866,0,27286
201611,8,3,2,Loaded,220,220,0,2107
201611,5,3,2,Loaded,346,346,0,2057
201611,9,3,2,Loaded,118,118,0,1069
201611,6,4,2,Empty,1696,0,1696,0
201611,3,4,2,Empty,442,0,442,0
201611,1,4,2,Empty,12,0,12,0
201611,4,4,2,Empty,306,0,306,0
201611,2,4,2,Empty,892,0,892,0
201611,8,4,2,Empty,652,0,652,0
201611,5,4,2,Empty,100,0,100,0
201611,9,4,2,Empty,76,0,76,0
201611,6,4,2,Loaded,2008,2008,0,11305
201611,3,4,2,Loaded,204,204,0,1615
201611,1,4,2,Loaded,64,64,0,590
201611,4,4,2,Loaded,112,112,0,902
201611,2,4,2,Loaded,328,328,0,2785
201611,8,4,2,Loaded,60,60,0,368
201611,5,4,2,Loaded,180,180,0,353
201611,7,1,1,Empty,3579,0,3579,0
201611,7,1,1,Loaded,2706,2706,0,40834
201611,7,2,1,Empty,1,0,1,0
201611,7,2,1,Loaded,623,623,0,8288
201611,7,3,1,Empty,3192,0,3192,0
201611,7,3,1,Loaded,5506,5506,0,48266
201611,7,4,1,Empty,156,0,156,0
201611,7,4,1,Loaded,1322,1322,0,13277
201611,7,1,2,Empty,156,0,156,0
201611,7,1,2,Loaded,10226,10226,0,130340
201611,7,2,2,Empty,306,0,306,0
201611,7,2,2,Loaded,738,738,0,5265
201611,7,3,2,Empty,36,0,36,0
201611,7,3,2,Loaded,17714,17714,0,108546
201611,7,4,2,Empty,126,0,126,0
201611,7,4,2,Loaded,3374,3374,0,28585
201610,6,1,1,Empty,1115,0,1115,0
201610,3,1,1,Empty,145,0,145,0
201610,1,1,1,Empty,260,0,260,0
201610,4,1,1,Empty,44,0,44,0
201610,2,1,1,Empty,1133,0,1133,0
201610,8,1,1,Empty,41,0,41,0
201610,5,1,1,Empty,276,0,276,0
201610,9,1,1,Empty,4,0,4,0
201610,6,1,1,Loaded,7663,7663,0,134640
201610,3,1,1,Loaded,1222,1222,0,22221
201610,1,1,1,Loaded,535,535,0,9573
201610,4,1,1,Loaded,449,449,0,8282
201610,2,1,1,Loaded,1773,1773,0,31601
201610,8,1,1,Loaded,586,586,0,10412
201610,5,1,1,Loaded,1240,1240,0,23727
201610,9,1,1,Loaded,375,375,0,8818
201610,6,2,1,Empty,56,0,56,0
201610,3,2,1,Empty,4,0,4,0
201610,8,2,1,Empty,1,0,1,0
201610,5,2,1,Empty,10,0,10,0
201610,6,2,1,Loaded,3199,3199,0,48746
201610,3,2,1,Loaded,380,380,0,5288
201610,1,2,1,Loaded,158,158,0,2121
201610,4,2,1,Loaded,105,105,0,1395
201610,2,2,1,Loaded,816,816,0,12728
201610,8,2,1,Loaded,227,227,0,3767
201610,5,2,1,Loaded,507,507,0,7529
201610,9,2,1,Loaded,18,18,0,295
201610,6,3,1,Empty,1838,0,1838,0
201610,3,3,1,Empty,186,0,186,0
201610,1,3,1,Empty,318,0,318,0
201610,4,3,1,Empty,26,0,26,0
201610,2,3,1,Empty,1008,0,1008,0
201610,8,3,1,Empty,10,0,10,0
201610,5,3,1,Empty,734,0,734,0
201610,9,3,1,Empty,62,0,62,0
201610,6,3,1,Loaded,18260,18260,0,212428
201610,3,3,1,Loaded,3290,3290,0,39922
201610,1,3,1,Loaded,1178,1178,0,13756
201610,4,3,1,Loaded,1148,1148,0,14342
201610,2,3,1,Loaded,5162,5162,0,63228
201610,8,3,1,Loaded,834,834,0,10930
201610,5,3,1,Loaded,1874,1874,0,23595
201610,9,3,1,Loaded,794,794,0,9585
201610,6,4,1,Empty,86,0,86,0
201610,3,4,1,Empty,4,0,4,0
201610,1,4,1,Empty,10,0,10,0
201610,4,4,1,Empty,4,0,4,0
201610,2,4,1,Empty,8,0,8,0
201610,8,4,1,Empty,2,0,2,0
201610,5,4,1,Empty,16,0,16,0
201610,6,4,1,Loaded,5096,5096,0,58145
201610,3,4,1,Loaded,510,510,0,5968
201610,1,4,1,Loaded,192,192,0,2198
201610,4,4,1,Loaded,192,192,0,2163
201610,2,4,1,Loaded,864,864,0,9948
201610,8,4,1,Loaded,586,586,0,7252
201610,5,4,1,Loaded,482,482,0,5772
201610,9,4,1,Loaded,30,30,0,373
201610,6,1,2,Empty,827,0,827,0
201610,3,1,2,Empty,36,0,36,0
201610,1,1,2,Empty,2,0,2,0
201610,4,1,2,Empty,162,0,162,0
201610,2,1,2,Empty,3,0,3,0
201610,8,1,2,Empty,160,0,160,0
201610,5,1,2,Empty,993,0,993,0
201610,9,1,2,Empty,291,0,291,0
201610,6,1,2,Loaded,6570,6570,0,99779
201610,3,1,2,Loaded,608,608,0,9483
201610,1,1,2,Loaded,1317,1317,0,19214
201610,4,1,2,Loaded,326,326,0,5692
201610,2,1,2,Loaded,2972,2972,0,42711
201610,8,1,2,Loaded,428,428,0,9221
201610,5,1,2,Loaded,574,574,0,10991
201610,9,1,2,Loaded,197,197,0,4054
201610,6,2,2,Empty,1441,0,1441,0
201610,3,2,2,Empty,252,0,252,0
201610,1,2,2,Empty,152,0,152,0
201610,4,2,2,Empty,69,0,69,0
201610,2,2,2,Empty,419,0,419,0
201610,8,2,2,Empty,379,0,379,0
201610,5,2,2,Empty,702,0,702,0
201610,9,2,2,Empty,16,0,16,0
201610,6,2,2,Loaded,251,251,0,1547
201610,3,2,2,Loaded,35,35,0,219
201610,1,2,2,Loaded,56,56,0,460
201610,4,2,2,Loaded,14,14,0,191
201610,2,2,2,Loaded,166,166,0,1029
201610,8,2,2,Loaded,2,2,0,36
201610,5,2,2,Loaded,29,29,0,109
201610,6,3,2,Empty,5654,0,5654,0
201610,3,3,2,Empty,782,0,782,0
201610,1,3,2,Empty,298,0,298,0
201610,4,3,2,Empty,884,0,884,0
201610,8,3,2,Empty,1176,0,1176,0
201610,5,3,2,Empty,2130,0,2130,0
201610,9,3,2,Empty,1190,0,1190,0
201610,6,3,2,Loaded,11552,11552,0,74964
201610,3,3,2,Loaded,1098,1098,0,9871
201610,1,3,2,Loaded,1860,1860,0,12632
201610,4,3,2,Loaded,294,294,0,1547
201610,2,3,2,Loaded,4304,4304,0,29942
201610,8,3,2,Loaded,236,236,0,2210
201610,5,3,2,Loaded,570,570,0,3976
201610,9,3,2,Loaded,36,36,0,288
201610,6,4,2,Empty,2476,0,2476,0
201610,3,4,2,Empty,290,0,290,0
201610,1,4,2,Empty,104,0,104,0
201610,4,4,2,Empty,140,0,140,0
201610,2,4,2,Empty,762,0,762,0
201610,8,4,2,Empty,598,0,598,0
201610,5,4,2,Empty,348,0,348,0
201610,9,4,2,Empty,62,0,62,0
201610,6,4,2,Loaded,1802,1802,0,9523
201610,3,4,2,Loaded,140,140,0,1201
201610,1,4,2,Loaded,228,228,0,1897
201610,4,4,2,Loaded,42,42,0,408
201610,2,4,2,Loaded,370,370,0,2896
201610,8,4,2,Loaded,30,30,0,208
201610,5,4,2,Loaded,196,196,0,334
201610,7,1,1,Empty,3925,0,3925,0
201610,7,1,1,Loaded,2824,2824,0,43498
201610,7,2,1,Empty,8,0,8,0
201610,7,2,1,Loaded,517,517,0,6503
201610,7,3,1,Empty,4564,0,4564,0
201610,7,3,1,Loaded,5902,5902,0,53838
201610,7,4,1,Empty,218,0,218,0
201610,7,4,1,Loaded,1006,1006,0,9921
201610,7,1,2,Empty,34,0,34,0
201610,7,1,2,Loaded,12252,12252,0,161351
201610,7,2,2,Empty,508,0,508,0
201610,7,2,2,Loaded,860,860,0,6371
201610,7,3,2,Empty,14,0,14,0
201610,7,3,2,Loaded,20108,20108,0,126978
201610,7,4,2,Empty,170,0,170,0
201610,7,4,2,Loaded,2936,2936,0,24717
201609,6,1,1,Empty,1227,0,1227,0
201609,3,1,1,Empty,176,0,176,0
201609,1,1,1,Empty,522,0,522,0
201609,4,1,1,Empty,50,0,50,0
201609,2,1,1,Empty,624,0,624,0
201609,8,1,1,Empty,30,0,30,0
201609,5,1,1,Empty,238,0,238,0
201609,9,1,1,Empty,9,0,9,0
201609,6,1,1,Loaded,6524,6524,0,113775
201609,3,1,1,Loaded,1627,1627,0,30126
201609,1,1,1,Loaded,555,555,0,9280
201609,4,1,1,Loaded,349,349,0,6604
201609,2,1,1,Loaded,1499,1499,0,26959
201609,8,1,1,Loaded,470,470,0,8469
201609,5,1,1,Loaded,528,528,0,9913
201609,9,1,1,Loaded,348,348,0,8302
201609,6,2,1,Empty,6,0,6,0
201609,3,2,1,Empty,3,0,3,0
201609,1,2,1,Empty,1,0,1,0
201609,2,2,1,Empty,2,0,2,0
201609,8,2,1,Empty,3,0,3,0
201609,5,2,1,Empty,2,0,2,0
201609,6,2,1,Loaded,2465,2465,0,37150
201609,3,2,1,Loaded,334,334,0,4495
201609,1,2,1,Loaded,202,202,0,2672
201609,4,2,1,Loaded,237,237,0,3967
201609,2,2,1,Loaded,634,634,0,9841
201609,8,2,1,Loaded,312,312,0,5262
201609,5,2,1,Loaded,313,313,0,4626
201609,9,2,1,Loaded,28,28,0,466
201609,6,3,1,Empty,1048,0,1048,0
201609,3,3,1,Empty,212,0,212,0
201609,1,3,1,Empty,388,0,388,0
201609,4,3,1,Empty,6,0,6,0
201609,2,3,1,Empty,968,0,968,0
201609,8,3,1,Empty,6,0,6,0
201609,5,3,1,Empty,380,0,380,0
201609,9,3,1,Empty,52,0,52,0
201609,6,3,1,Loaded,15288,15288,0,175645
201609,3,3,1,Loaded,3794,3794,0,45853
201609,1,3,1,Loaded,1188,1188,0,12971
201609,4,3,1,Loaded,864,864,0,10825
201609,2,3,1,Loaded,3546,3546,0,41576
201609,8,3,1,Loaded,580,580,0,7612
201609,5,3,1,Loaded,1318,1318,0,16164
201609,9,3,1,Loaded,806,806,0,9359
201609,6,4,1,Empty,122,0,122,0
201609,3,4,1,Empty,26,0,26,0
201609,1,4,1,Empty,2,0,2,0
201609,4,4,1,Empty,6,0,6,0
201609,2,4,1,Empty,14,0,14,0
201609,8,4,1,Empty,14,0,14,0
201609,5,4,1,Empty,128,0,128,0
201609,6,4,1,Loaded,5248,5248,0,59810
201609,3,4,1,Loaded,968,968,0,11122
201609,1,4,1,Loaded,266,266,0,3061
201609,4,4,1,Loaded,482,482,0,5724
201609,2,4,1,Loaded,998,998,0,11814
201609,8,4,1,Loaded,514,514,0,6288
201609,5,4,1,Loaded,448,448,0,5510
201609,9,4,1,Loaded,54,54,0,706
201609,6,1,2,Empty,420,0,420,0
201609,3,1,2,Empty,39,0,39,0
201609,4,1,2,Empty,78,0,78,0
201609,2,1,2,Empty,15,0,15,0
201609,8,1,2,Empty,6,0,6,0
201609,5,1,2,Empty,168,0,168,0
201609,9,1,2,Empty,308,0,308,0
201609,6,1,2,Loaded,5689,5689,0,84175
201609,3,1,2,Loaded,691,691,0,11514
201609,1,1,2,Loaded,1294,1294,0,19067
201609,4,1,2,Loaded,304,304,0,5365
201609,2,1,2,Loaded,2883,2883,0,42906
201609,8,1,2,Loaded,452,452,0,9429
201609,5,1,2,Loaded,380,380,0,7123
201609,9,1,2,Loaded,308,308,0,6550
201609,6,2,2,Empty,1294,0,1294,0
201609,3,2,2,Empty,249,0,249,0
201609,1,2,2,Empty,62,0,62,0
201609,4,2,2,Empty,89,0,89,0
201609,2,2,2,Empty,428,0,428,0
201609,8,2,2,Empty,319,0,319,0
201609,5,2,2,Empty,395,0,395,0
201609,9,2,2,Empty,66,0,66,0
201609,6,2,2,Loaded,196,196,0,1289
201609,3,2,2,Loaded,33,33,0,211
201609,1,2,2,Loaded,50,50,0,256
201609,4,2,2,Loaded,9,9,0,117
201609,2,2,2,Loaded,156,156,0,849
201609,5,2,2,Loaded,24,24,0,159
201609,6,3,2,Empty,3210,0,3210,0
201609,3,3,2,Empty,652,0,652,0
201609,1,3,2,Empty,102,0,102,0
201609,4,3,2,Empty,396,0,396,0
201609,8,3,2,Empty,92,0,92,0
201609,5,3,2,Empty,1034,0,1034,0
201609,9,3,2,Empty,948,0,948,0
201609,6,3,2,Loaded,9214,9214,0,60697
201609,3,3,2,Loaded,996,996,0,8415
201609,1,3,2,Loaded,1632,1632,0,10767
201609,4,3,2,Loaded,206,206,0,1087
201609,2,3,2,Loaded,3766,3766,0,23671
201609,8,3,2,Loaded,152,152,0,1189
201609,5,3,2,Loaded,482,482,0,3513
201609,9,3,2,Loaded,70,70,0,489
201609,6,4,2,Empty,1334,0,1334,0
201609,3,4,2,Empty,208,0,208,0
201609,1,4,2,Empty,18,0,18,0
201609,4,4,2,Empty,180,0,180,0
201609,2,4,2,Empty,354,0,354,0
201609,8,4,2,Empty,490,0,490,0
201609,5,4,2,Empty,358,0,358,0
201609,9,4,2,Empty,32,0,32,0
201609,6,4,2,Loaded,1484,1484,0,8329
201609,3,4,2,Loaded,182,182,0,1450
201609,1,4,2,Loaded,246,246,0,2172
201609,4,4,2,Loaded,28,28,0,267
201609,2,4,2,Loaded,358,358,0,3044
201609,8,4,2,Loaded,28,28,0,140
201609,5,4,2,Loaded,174,174,0,306
201609,9,4,2,Loaded,4,4,0,42
201609,7,1,1,Empty,2886,0,2886,0
201609,7,1,1,Loaded,2674,2674,0,42314
201609,7,2,1,Empty,10,0,10,0
201609,7,2,1,Loaded,579,579,0,7432
201609,7,3,1,Empty,3750,0,3750,0
201609,7,3,1,Loaded,5308,5308,0,46511
201609,7,4,1,Empty,1196,0,1196,0
201609,7,4,1,Loaded,1164,1164,0,11192
201609,7,1,2,Empty,83,0,83,0
201609,7,1,2,Loaded,10739,10739,0,140143
201609,7,2,2,Empty,642,0,642,0
201609,7,2,2,Loaded,838,838,0,5702
201609,7,3,2,Empty,22,0,22,0
201609,7,3,2,Loaded,18292,18292,0,114011
201609,7,4,2,Empty,166,0,166,0
201609,7,4,2,Loaded,2982,2982,0,24726
201608,6,1,1,Empty,1260,0,1260,0
201608,3,1,1,Empty,322,0,322,0
201608,1,1,1,Empty,649,0,649,0
201608,4,1,1,Empty,78,0,78,0
201608,2,1,1,Empty,1139,0,1139,0
201608,8,1,1,Empty,98,0,98,0
201608,5,1,1,Empty,107,0,107,0
201608,9,1,1,Empty,8,0,8,0
201608,6,1,1,Loaded,6134,6134,0,106923
201608,3,1,1,Loaded,1701,1701,0,32229
201608,1,1,1,Loaded,469,469,0,8017
201608,4,1,1,Loaded,389,389,0,7443
201608,2,1,1,Loaded,1439,1439,0,25385
201608,8,1,1,Loaded,361,361,0,6223
201608,5,1,1,Loaded,608,608,0,11636
201608,9,1,1,Loaded,325,325,0,7786
201608,6,2,1,Empty,26,0,26,0
201608,2,2,1,Empty,5,0,5,0
201608,8,2,1,Empty,2,0,2,0
201608,5,2,1,Empty,12,0,12,0
201608,6,2,1,Loaded,2486,2486,0,38407
201608,3,2,1,Loaded,435,435,0,6085
201608,1,2,1,Loaded,147,147,0,1876
201608,4,2,1,Loaded,234,234,0,3882
201608,2,2,1,Loaded,510,510,0,7830
201608,8,2,1,Loaded,258,258,0,4012
201608,5,2,1,Loaded,339,339,0,5194
201608,9,2,1,Loaded,26,26,0,450
201608,6,3,1,Empty,1184,0,1184,0
201608,3,3,1,Empty,222,0,222,0
201608,1,3,1,Empty,402,0,402,0
201608,4,3,1,Empty,14,0,14,0
201608,2,3,1,Empty,692,0,692,0
201608,8,3,1,Empty,90,0,90,0
201608,5,3,1,Empty,114,0,114,0
201608,9,3,1,Empty,24,0,24,0
201608,6,3,1,Loaded,15104,15104,0,170914
201608,3,3,1,Loaded,3592,3592,0,42932
201608,1,3,1,Loaded,1166,1166,0,12594
201608,4,3,1,Loaded,904,904,0,11231
201608,2,3,1,Loaded,3324,3324,0,38208
201608,8,3,1,Loaded,366,366,0,4701
201608,5,3,1,Loaded,1204,1204,0,14751
201608,9,3,1,Loaded,546,546,0,6379
201608,6,4,1,Empty,282,0,282,0
201608,3,4,1,Empty,6,0,6,0
201608,1,4,1,Empty,10,0,10,0
201608,4,4,1,Empty,18,0,18,0
201608,2,4,1,Empty,2,0,2,0
201608,5,4,1,Empty,186,0,186,0
201608,6,4,1,Loaded,4784,4784,0,54256
201608,3,4,1,Loaded,1780,1780,0,20326
201608,1,4,1,Loaded,330,330,0,3829
201608,4,4,1,Loaded,452,452,0,5337
201608,2,4,1,Loaded,1014,1014,0,11710
201608,8,4,1,Loaded,374,374,0,4588
201608,5,4,1,Loaded,354,354,0,4258
201608,9,4,1,Loaded,20,20,0,250
201608,6,1,2,Empty,325,0,325,0
201608,3,1,2,Empty,211,0,211,0
201608,1,1,2,Empty,8,0,8,0
201608,4,1,2,Empty,159,0,159,0
201608,2,1,2,Empty,4,0,4,0
201608,8,1,2,Empty,183,0,183,0
201608,5,1,2,Empty,45,0,45,0
201608,6,1,2,Loaded,5810,5810,0,83523
201608,3,1,2,Loaded,634,634,0,9950
201608,1,1,2,Loaded,1206,1206,0,18342
201608,4,1,2,Loaded,237,237,0,4070
201608,2,1,2,Loaded,2865,2865,0,41308
201608,8,1,2,Loaded,669,669,0,15166
201608,5,1,2,Loaded,441,441,0,8610
201608,9,1,2,Loaded,333,333,0,7812
201608,6,2,2,Empty,997,0,997,0
201608,3,2,2,Empty,416,0,416,0
201608,1,2,2,Empty,119,0,119,0
201608,4,2,2,Empty,284,0,284,0
201608,2,2,2,Empty,477,0,477,0
201608,8,2,2,Empty,56,0,56,0
201608,5,2,2,Empty,247,0,247,0
201608,9,2,2,Empty,54,0,54,0
201608,6,2,2,Loaded,233,233,0,1709
201608,3,2,2,Loaded,29,29,0,155
201608,1,2,2,Loaded,56,56,0,451
201608,4,2,2,Loaded,13,13,0,182
201608,2,2,2,Loaded,165,165,0,898
201608,8,2,2,Loaded,3,3,0,3
201608,5,2,2,Loaded,27,27,0,164
201608,6,3,2,Empty,2660,0,2660,0
201608,3,3,2,Empty,640,0,640,0
201608,1,3,2,Empty,212,0,212,0
201608,4,3,2,Empty,206,0,206,0
201608,2,3,2,Empty,6,0,6,0
201608,8,3,2,Empty,224,0,224,0
201608,5,3,2,Empty,674,0,674,0
201608,9,3,2,Empty,646,0,646,0
201608,6,3,2,Loaded,10754,10754,0,67964
201608,3,3,2,Loaded,1068,1068,0,9738
201608,1,3,2,Loaded,1688,1688,0,10913
201608,4,3,2,Loaded,230,230,0,1750
201608,2,3,2,Loaded,3756,3756,0,23981
201608,8,3,2,Loaded,174,174,0,1344
201608,5,3,2,Loaded,476,476,0,3332
201608,9,3,2,Loaded,60,60,0,333
201608,6,4,2,Empty,1626,0,1626,0
201608,3,4,2,Empty,472,0,472,0
201608,1,4,2,Empty,104,0,104,0
201608,4,4,2,Empty,140,0,140,0
201608,2,4,2,Empty,472,0,472,0
201608,8,4,2,Empty,264,0,264,0
201608,5,4,2,Empty,380,0,380,0
201608,9,4,2,Empty,4,0,4,0
201608,6,4,2,Loaded,1934,1934,0,10309
201608,3,4,2,Loaded,154,154,0,1309
201608,1,4,2,Loaded,192,192,0,1538
201608,4,4,2,Loaded,28,28,0,232
201608,2,4,2,Loaded,382,382,0,3279
201608,8,4,2,Loaded,44,44,0,339
201608,5,4,2,Loaded,192,192,0,398
201608,7,1,1,Empty,3373,0,3373,0
201608,7,1,1,Loaded,3129,3129,0,49422
201608,7,2,1,Empty,22,0,22,0
201608,7,2,1,Loaded,676,676,0,9034
201608,7,3,1,Empty,2720,0,2720,0
201608,7,3,1,Loaded,5734,5734,0,51937
201608,7,4,1,Empty,1056,0,1056,0
201608,7,4,1,Loaded,1218,1218,0,11760
201608,7,1,2,Empty,49,0,49,0
201608,7,1,2,Loaded,10644,10644,0,138739
201608,7,2,2,Empty,495,0,495,0
201608,7,2,2,Loaded,794,794,0,5726
201608,7,3,2,Empty,8,0,8,0
201608,7,3,2,Loaded,16962,16962,0,109611
201608,7,4,2,Empty,80,0,80,0
201608,7,4,2,Loaded,2816,2816,0,23405
201607,6,1,1,Empty,1612,0,1612,0
201607,3,1,1,Empty,210,0,210,0
201607,1,1,1,Empty,195,0,195,0
201607,4,1,1,Empty,127,0,127,0
201607,2,1,1,Empty,445,0,445,0
201607,8,1,1,Empty,15,0,15,0
201607,5,1,1,Empty,267,0,267,0
201607,9,1,1,Empty,8,0,8,0
201607,6,1,1,Loaded,7264,7264,0,124240
201607,3,1,1,Loaded,1862,1862,0,34955
201607,1,1,1,Loaded,579,579,0,9731
201607,4,1,1,Loaded,315,315,0,5982
201607,2,1,1,Loaded,1771,1771,0,31465
201607,8,1,1,Loaded,486,486,0,8182
201607,5,1,1,Loaded,1138,1138,0,19571
201607,9,1,1,Loaded,556,556,0,13051
201607,6,2,1,Empty,27,0,27,0
201607,3,2,1,Empty,1,0,1,0
201607,4,2,1,Empty,4,0,4,0
201607,2,2,1,Empty,4,0,4,0
201607,6,2,1,Loaded,3215,3215,0,49889
201607,3,2,1,Loaded,428,428,0,5883
201607,1,2,1,Loaded,203,203,0,2711
201607,4,2,1,Loaded,193,193,0,2959
201607,2,2,1,Loaded,651,651,0,10094
201607,8,2,1,Loaded,257,257,0,4017
201607,5,2,1,Loaded,643,643,0,9842
201607,9,2,1,Loaded,43,43,0,721
201607,6,3,1,Empty,1388,0,1388,0
201607,3,3,1,Empty,160,0,160,0
201607,1,3,1,Empty,106,0,106,0
201607,4,3,1,Empty,26,0,26,0
201607,2,3,1,Empty,412,0,412,0
201607,8,3,1,Empty,4,0,4,0
201607,5,3,1,Empty,116,0,116,0
201607,9,3,1,Empty,22,0,22,0
201607,6,3,1,Loaded,15990,15990,0,183046
201607,3,3,1,Loaded,3358,3358,0,40153
201607,1,3,1,Loaded,1040,1040,0,11280
201607,4,3,1,Loaded,892,892,0,11068
201607,2,3,1,Loaded,4814,4814,0,58809
201607,8,3,1,Loaded,1004,1004,0,12987
201607,5,3,1,Loaded,2670,2670,0,33843
201607,9,3,1,Loaded,676,676,0,7734
201607,6,4,1,Empty,190,0,190,0
201607,3,4,1,Empty,36,0,36,0
201607,1,4,1,Empty,22,0,22,0
201607,4,4,1,Empty,64,0,64,0
201607,2,4,1,Empty,16,0,16,0
201607,5,4,1,Empty,14,0,14,0
201607,9,4,1,Empty,2,0,2,0
201607,6,4,1,Loaded,6594,6594,0,75709
201607,3,4,1,Loaded,3882,3882,0,43925
201607,1,4,1,Loaded,408,408,0,4637
201607,4,4,1,Loaded,580,580,0,6370
201607,2,4,1,Loaded,1050,1050,0,12255
201607,8,4,1,Loaded,432,432,0,5358
201607,5,4,1,Loaded,620,620,0,7621
201607,9,4,1,Loaded,104,104,0,1351
201607,6,1,2,Empty,564,0,564,0
201607,3,1,2,Empty,557,0,557,0
201607,1,1,2,Empty,62,0,62,0
201607,4,1,2,Empty,128,0,128,0
201607,8,1,2,Empty,386,0,386,0
201607,5,1,2,Empty,325,0,325,0
201607,9,1,2,Empty,380,0,380,0
201607,6,1,2,Loaded,5240,5240,0,81281
201607,3,1,2,Loaded,551,551,0,8742
201607,1,1,2,Loaded,1162,1162,0,17451
201607,4,1,2,Loaded,184,184,0,2839
201607,2,1,2,Loaded,2655,2655,0,38973
201607,8,1,2,Loaded,381,381,0,7879
201607,5,1,2,Loaded,426,426,0,8010
201607,9,1,2,Loaded,265,265,0,6000
201607,6,2,2,Empty,2405,0,2405,0
201607,3,2,2,Empty,393,0,393,0
201607,1,2,2,Empty,64,0,64,0
201607,4,2,2,Empty,98,0,98,0
201607,2,2,2,Empty,385,0,385,0
201607,8,2,2,Empty,227,0,227,0
201607,5,2,2,Empty,499,0,499,0
201607,9,2,2,Empty,39,0,39,0
201607,6,2,2,Loaded,221,221,0,1454
201607,3,2,2,Loaded,29,29,0,179
201607,1,2,2,Loaded,65,65,0,497
201607,4,2,2,Loaded,7,7,0,83
201607,2,2,2,Loaded,128,128,0,714
201607,5,2,2,Loaded,19,19,0,67
201607,6,3,2,Empty,3404,0,3404,0
201607,3,3,2,Empty,564,0,564,0
201607,1,3,2,Empty,164,0,164,0
201607,4,3,2,Empty,608,0,608,0
201607,2,3,2,Empty,10,0,10,0
201607,8,3,2,Empty,758,0,758,0
201607,5,3,2,Empty,1628,0,1628,0
201607,9,3,2,Empty,572,0,572,0
201607,6,3,2,Loaded,9262,9262,0,61426
201607,3,3,2,Loaded,816,816,0,6312
201607,1,3,2,Loaded,1512,1512,0,10093
201607,4,3,2,Loaded,144,144,0,915
201607,2,3,2,Loaded,3344,3344,0,21511
201607,8,3,2,Loaded,104,104,0,610
201607,5,3,2,Loaded,462,462,0,3400
201607,9,3,2,Loaded,18,18,0,116
201607,6,4,2,Empty,3142,0,3142,0
201607,3,4,2,Empty,1148,0,1148,0
201607,1,4,2,Empty,224,0,224,0
201607,4,4,2,Empty,108,0,108,0
201607,2,4,2,Empty,842,0,842,0
201607,8,4,2,Empty,278,0,278,0
201607,5,4,2,Empty,562,0,562,0
201607,9,4,2,Empty,70,0,70,0
201607,6,4,2,Loaded,1642,1642,0,8851
201607,3,4,2,Loaded,218,218,0,1819
201607,1,4,2,Loaded,200,200,0,1937
201607,4,4,2,Loaded,10,10,0,90
201607,2,4,2,Loaded,436,436,0,3503
201607,8,4,2,Loaded,26,26,0,180
201607,5,4,2,Loaded,298,298,0,670
201607,9,4,2,Loaded,2,2,0,29
201607,7,1,1,Empty,3252,0,3252,0
201607,7,1,1,Loaded,2658,2658,0,41765
201607,7,2,1,Empty,22,0,22,0
201607,7,2,1,Loaded,704,704,0,9291
201607,7,3,1,Empty,2268,0,2268,0
201607,7,3,1,Loaded,5170,5170,0,46822
201607,7,4,1,Empty,928,0,928,0
201607,7,4,1,Loaded,1438,1438,0,15052
201607,7,1,2,Empty,60,0,60,0
201607,7,1,2,Loaded,10994,10994,0,143587
201607,7,2,2,Empty,425,0,425,0
201607,7,2,2,Loaded,877,877,0,6025
201607,7,3,2,Empty,14,0,14,0
201607,7,3,2,Loaded,16218,16218,0,101916
201607,7,4,2,Empty,168,0,168,0
201607,7,4,2,Loaded,2754,2754,0,22612
201606,6,1,1,Empty,2035,0,2035,0
201606,3,1,1,Empty,104,0,104,0
201606,1,1,1,Empty,452,0,452,0
201606,4,1,1,Empty,15,0,15,0
201606,2,1,1,Empty,770,0,770,0
201606,8,1,1,Empty,5,0,5,0
201606,5,1,1,Empty,61,0,61,0
201606,9,1,1,Empty,5,0,5,0
201606,6,1,1,Loaded,6514,6514,0,113045
201606,3,1,1,Loaded,1714,1714,0,31528
201606,1,1,1,Loaded,371,371,0,6040
201606,4,1,1,Loaded,384,384,0,7006
201606,2,1,1,Loaded,1799,1799,0,31722
201606,8,1,1,Loaded,634,634,0,10170
201606,5,1,1,Loaded,1515,1515,0,27668
201606,9,1,1,Loaded,388,388,0,8984
201606,6,2,1,Empty,117,0,117,0
201606,2,2,1,Empty,9,0,9,0
201606,6,2,1,Loaded,3613,3613,0,55281
201606,3,2,1,Loaded,539,539,0,7623
201606,1,2,1,Loaded,296,296,0,4233
201606,4,2,1,Loaded,121,121,0,1716
201606,2,2,1,Loaded,804,804,0,12296
201606,8,2,1,Loaded,326,326,0,5074
201606,5,2,1,Loaded,864,864,0,12902
201606,9,2,1,Loaded,45,45,0,739
201606,6,3,1,Empty,1306,0,1306,0
201606,3,3,1,Empty,68,0,68,0
201606,1,3,1,Empty,192,0,192,0
201606,4,3,1,Empty,4,0,4,0
201606,2,3,1,Empty,172,0,172,0
201606,8,3,1,Empty,84,0,84,0
201606,5,3,1,Empty,88,0,88,0
201606,9,3,1,Empty,18,0,18,0
201606,6,3,1,Loaded,15250,15250,0,171831
201606,3,3,1,Loaded,4024,4024,0,49273
201606,1,3,1,Loaded,1504,1504,0,16723
201606,4,3,1,Loaded,526,526,0,6461
201606,2,3,1,Loaded,4558,4558,0,56009
201606,8,3,1,Loaded,1564,1564,0,20255
201606,5,3,1,Loaded,2310,2310,0,29034
201606,9,3,1,Loaded,676,676,0,7934
201606,6,4,1,Empty,70,0,70,0
201606,3,4,1,Empty,12,0,12,0
201606,4,4,1,Empty,2,0,2,0
201606,2,4,1,Empty,16,0,16,0
201606,8,4,1,Empty,16,0,16,0
201606,5,4,1,Empty,8,0,8,0
201606,6,4,1,Loaded,6750,6750,0,75519
201606,3,4,1,Loaded,4338,4338,0,49730
201606,1,4,1,Loaded,966,966,0,10978
201606,4,4,1,Loaded,838,838,0,9353
201606,2,4,1,Loaded,1120,1120,0,13050
201606,8,4,1,Loaded,556,556,0,6807
201606,5,4,1,Loaded,1164,1164,0,14216
201606,9,4,1,Loaded,118,118,0,1533
201606,6,1,2,Empty,754,0,754,0
201606,3,1,2,Empty,173,0,173,0
201606,1,1,2,Empty,19,0,19,0
201606,4,1,2,Empty,54,0,54,0
201606,2,1,2,Empty,8,0,8,0
201606,8,1,2,Empty,512,0,512,0
201606,5,1,2,Empty,662,0,662,0
201606,9,1,2,Empty,460,0,460,0
201606,6,1,2,Loaded,5669,5669,0,86755
201606,3,1,2,Loaded,483,483,0,7559
201606,1,1,2,Loaded,1013,1013,0,14972
201606,4,1,2,Loaded,196,196,0,3320
201606,2,1,2,Loaded,2241,2241,0,33625
201606,8,1,2,Loaded,187,187,0,3853
201606,5,1,2,Loaded,364,364,0,6632
201606,9,1,2,Loaded,139,139,0,3016
201606,6,2,2,Empty,3090,0,3090,0
201606,3,2,2,Empty,555,0,555,0
201606,1,2,2,Empty,646,0,646,0
201606,4,2,2,Empty,21,0,21,0
201606,2,2,2,Empty,721,0,721,0
201606,8,2,2,Empty,183,0,183,0
201606,5,2,2,Empty,482,0,482,0
201606,9,2,2,Empty,75,0,75,0
201606,6,2,2,Loaded,212,212,0,1473
201606,3,2,2,Loaded,18,18,0,139
201606,1,2,2,Loaded,55,55,0,464
201606,4,2,2,Loaded,8,8,0,92
201606,2,2,2,Loaded,141,141,0,853
201606,8,2,2,Loaded,2,2,0,11
201606,5,2,2,Loaded,27,27,0,215
201606,6,3,2,Empty,5608,0,5608,0
201606,3,3,2,Empty,1282,0,1282,0
201606,1,3,2,Empty,88,0,88,0
201606,4,3,2,Empty,714,0,714,0
201606,2,3,2,Empty,316,0,316,0
201606,8,3,2,Empty,1182,0,1182,0
201606,5,3,2,Empty,1844,0,1844,0
201606,9,3,2,Empty,512,0,512,0
201606,6,3,2,Loaded,9516,9516,0,64453
201606,3,3,2,Loaded,554,554,0,4302
201606,1,3,2,Loaded,1574,1574,0,11346
201606,4,3,2,Loaded,140,140,0,914
201606,2,3,2,Loaded,2902,2902,0,19826
201606,8,3,2,Loaded,164,164,0,1345
201606,5,3,2,Loaded,470,470,0,2907
201606,9,3,2,Loaded,30,30,0,155
201606,6,4,2,Empty,4700,0,4700,0
201606,3,4,2,Empty,3500,0,3500,0
201606,1,4,2,Empty,596,0,596,0
201606,4,4,2,Empty,872,0,872,0
201606,2,4,2,Empty,1074,0,1074,0
201606,8,4,2,Empty,866,0,866,0
201606,5,4,2,Empty,1146,0,1146,0
201606,9,4,2,Empty,126,0,126,0
201606,6,4,2,Loaded,1556,1556,0,9064
201606,3,4,2,Loaded,160,160,0,1435
201606,1,4,2,Loaded,182,182,0,1606
201606,4,4,2,Loaded,10,10,0,96
201606,2,4,2,Loaded,310,310,0,2385
201606,8,4,2,Loaded,40,40,0,284
201606,5,4,2,Loaded,334,334,0,758
201606,7,1,1,Empty,3047,0,3047,0
201606,7,1,1,Loaded,2606,2606,0,40939
201606,7,2,1,Empty,27,0,27,0
201606,7,2,1,Loaded,679,679,0,9164
201606,7,3,1,Empty,1206,0,1206,0
201606,7,3,1,Loaded,5226,5226,0,49572
201606,7,4,1,Empty,344,0,344,0
201606,7,4,1,Loaded,1500,1500,0,15602
201606,7,1,2,Empty,104,0,104,0
201606,7,1,2,Loaded,9382,9382,0,127834
201606,7,2,2,Empty,913,0,913,0
201606,7,2,2,Loaded,762,762,0,5860
201606,7,3,2,Empty,8,0,8,0
201606,7,3,2,Loaded,13372,13372,0,86163
201606,7,4,2,Empty,244,0,244,0
201606,7,4,2,Loaded,2536,2536,0,21302
201605,6,1,1,Empty,1586,0,1586,0
201605,3,1,1,Empty,45,0,45,0
201605,1,1,1,Empty,266,0,266,0
201605,4,1,1,Empty,67,0,67,0
201605,2,1,1,Empty,341,0,341,0
201605,8,1,1,Empty,7,0,7,0
201605,5,1,1,Empty,132,0,132,0
201605,9,1,1,Empty,5,0,5,0
201605,6,1,1,Loaded,6559,6559,0,113634
201605,3,1,1,Loaded,1794,1794,0,33273
201605,1,1,1,Loaded,551,551,0,9497
201605,4,1,1,Loaded,243,243,0,4262
201605,2,1,1,Loaded,1999,1999,0,35273
201605,8,1,1,Loaded,521,521,0,8314
201605,5,1,1,Loaded,1446,1446,0,26877
201605,9,1,1,Loaded,330,330,0,7568
201605,6,2,1,Empty,31,0,31,0
201605,8,2,1,Empty,3,0,3,0
201605,5,2,1,Empty,3,0,3,0
201605,6,2,1,Loaded,3601,3601,0,55756
201605,3,2,1,Loaded,564,564,0,8061
201605,1,2,1,Loaded,338,338,0,4880
201605,4,2,1,Loaded,78,78,0,1125
201605,2,2,1,Loaded,1073,1073,0,16594
201605,8,2,1,Loaded,249,249,0,3708
201605,5,2,1,Loaded,874,874,0,13009
201605,9,2,1,Loaded,75,75,0,1286
201605,6,3,1,Empty,780,0,780,0
201605,3,3,1,Empty,52,0,52,0
201605,1,3,1,Empty,36,0,36,0
201605,4,3,1,Empty,28,0,28,0
201605,2,3,1,Empty,64,0,64,0
201605,8,3,1,Empty,20,0,20,0
201605,5,3,1,Empty,114,0,114,0
201605,9,3,1,Empty,30,0,30,0
201605,6,3,1,Loaded,15834,15834,0,179851
201605,3,3,1,Loaded,3750,3750,0,45660
201605,1,3,1,Loaded,1510,1510,0,16909
201605,4,3,1,Loaded,604,604,0,7412
201605,2,3,1,Loaded,5120,5120,0,61983
201605,8,3,1,Loaded,1080,1080,0,14194
201605,5,3,1,Loaded,2274,2274,0,28496
201605,9,3,1,Loaded,902,902,0,10878
201605,6,4,1,Empty,12,0,12,0
201605,3,4,1,Empty,10,0,10,0
201605,4,4,1,Empty,14,0,14,0
201605,2,4,1,Empty,6,0,6,0
201605,8,4,1,Empty,2,0,2,0
201605,5,4,1,Empty,8,0,8,0
201605,6,4,1,Loaded,7878,7878,0,88384
201605,3,4,1,Loaded,6062,6062,0,69789
201605,1,4,1,Loaded,1196,1196,0,13567
201605,4,4,1,Loaded,994,994,0,11303
201605,2,4,1,Loaded,1548,1548,0,17850
201605,8,4,1,Loaded,750,750,0,9377
201605,5,4,1,Loaded,1954,1954,0,23545
201605,9,4,1,Loaded,208,208,0,2791
201605,6,1,2,Empty,765,0,765,0
201605,3,1,2,Empty,177,0,177,0
201605,4,1,2,Empty,191,0,191,0
201605,2,1,2,Empty,1,0,1,0
201605,8,1,2,Empty,501,0,501,0
201605,5,1,2,Empty,530,0,530,0
201605,9,1,2,Empty,360,0,360,0
201605,6,1,2,Loaded,4947,4947,0,75143
201605,3,1,2,Loaded,562,562,0,9877
201605,1,1,2,Loaded,1212,1212,0,17993
201605,4,1,2,Loaded,184,184,0,2838
201605,2,1,2,Loaded,2447,2447,0,34945
201605,8,1,2,Loaded,237,237,0,4073
201605,5,1,2,Loaded,367,367,0,6816
201605,9,1,2,Loaded,169,169,0,3639
201605,6,2,2,Empty,3038,0,3038,0
201605,3,2,2,Empty,354,0,354,0
201605,1,2,2,Empty,302,0,302,0
201605,4,2,2,Empty,112,0,112,0
201605,2,2,2,Empty,666,0,666,0
201605,8,2,2,Empty,312,0,312,0
201605,5,2,2,Empty,606,0,606,0
201605,9,2,2,Empty,52,0,52,0
201605,6,2,2,Loaded,186,186,0,1209
201605,3,2,2,Loaded,32,32,0,365
201605,1,2,2,Loaded,64,64,0,617
201605,4,2,2,Loaded,23,23,0,243
201605,2,2,2,Loaded,124,124,0,808
201605,8,2,2,Loaded,8,8,0,19
201605,5,2,2,Loaded,26,26,0,81
201605,6,3,2,Empty,4328,0,4328,0
201605,3,3,2,Empty,980,0,980,0
201605,1,3,2,Empty,106,0,106,0
201605,4,3,2,Empty,302,0,302,0
201605,2,3,2,Empty,2,0,2,0
201605,8,3,2,Empty,986,0,986,0
201605,5,3,2,Empty,1546,0,1546,0
201605,9,3,2,Empty,496,0,496,0
201605,6,3,2,Loaded,8556,8556,0,59939
201605,3,3,2,Loaded,762,762,0,6614
201605,1,3,2,Loaded,1648,1648,0,11668
201605,4,3,2,Loaded,150,150,0,861
201605,2,3,2,Loaded,3022,3022,0,19762
201605,8,3,2,Loaded,96,96,0,639
201605,5,3,2,Loaded,476,476,0,3395
201605,9,3,2,Loaded,118,118,0,1113
201605,6,4,2,Empty,4118,0,4118,0
201605,3,4,2,Empty,3646,0,3646,0
201605,1,4,2,Empty,396,0,396,0
201605,4,4,2,Empty,1572,0,1572,0
201605,2,4,2,Empty,1450,0,1450,0
201605,8,4,2,Empty,654,0,654,0
201605,5,4,2,Empty,1356,0,1356,0
201605,9,4,2,Empty,196,0,196,0
201605,6,4,2,Loaded,2080,2080,0,10340
201605,3,4,2,Loaded,148,148,0,1281
201605,1,4,2,Loaded,250,250,0,2128
201605,4,4,2,Loaded,28,28,0,249
201605,2,4,2,Loaded,332,332,0,2127
201605,8,4,2,Loaded,90,90,0,512
201605,5,4,2,Loaded,208,208,0,412
201605,7,1,1,Empty,2264,0,2264,0
201605,7,1,1,Loaded,2690,2690,0,41650
201605,7,2,1,Empty,3,0,3,0
201605,7,2,1,Loaded,699,699,0,9603
201605,7,3,1,Empty,750,0,750,0
201605,7,3,1,Loaded,5302,5302,0,48731
201605,7,4,1,Empty,334,0,334,0
201605,7,4,1,Loaded,1700,1700,0,18625
201605,7,1,2,Empty,41,0,41,0
201605,7,1,2,Loaded,9938,9938,0,133725
201605,7,2,2,Empty,916,0,916,0
201605,7,2,2,Loaded,796,796,0,6124
201605,7,3,2,Empty,6,0,6,0
201605,7,3,2,Loaded,14210,14210,0,92674
201605,7,4,2,Empty,582,0,582,0
201605,7,4,2,Loaded,2926,2926,0,25605
201604,6,1,1,Empty,1768,0,1768,0
201604,3,1,1,Empty,106,0,106,0
201604,1,1,1,Empty,209,0,209,0
201604,4,1,1,Empty,93,0,93,0
201604,2,1,1,Empty,213,0,213,0
201604,8,1,1,Empty,22,0,22,0
201604,5,1,1,Empty,28,0,28,0
201604,9,1,1,Empty,1,0,1,0
201604,6,1,1,Loaded,6627,6627,0,115252
201604,3,1,1,Loaded,1561,1561,0,28442
201604,1,1,1,Loaded,714,714,0,13060
201604,4,1,1,Loaded,197,197,0,3453
201604,2,1,1,Loaded,1891,1891,0,33434
201604,8,1,1,Loaded,568,568,0,9304
201604,5,1,1,Loaded,1110,1110,0,21259
201604,9,1,1,Loaded,391,391,0,8701
201604,6,2,1,Empty,3,0,3,0
201604,3,2,1,Empty,1,0,1,0
201604,2,2,1,Empty,2,0,2,0
201604,5,2,1,Empty,4,0,4,0
201604,6,2,1,Loaded,3259,3259,0,50809
201604,3,2,1,Loaded,520,520,0,7305
201604,1,2,1,Loaded,331,331,0,4799
201604,4,2,1,Loaded,86,86,0,1143
201604,2,2,1,Loaded,925,925,0,14621
201604,8,2,1,Loaded,294,294,0,4615
201604,5,2,1,Loaded,954,954,0,14654
201604,9,2,1,Loaded,75,75,0,1294
201604,6,3,1,Empty,1534,0,1534,0
201604,3,3,1,Empty,120,0,120,0
201604,1,3,1,Empty,166,0,166,0
201604,4,3,1,Empty,10,0,10,0
201604,2,3,1,Empty,390,0,390,0
201604,8,3,1,Empty,2,0,2,0
201604,5,3,1,Empty,134,0,134,0
201604,9,3,1,Empty,30,0,30,0
201604,6,3,1,Loaded,15072,15072,0,170924
201604,3,3,1,Loaded,3952,3952,0,49277
201604,1,3,1,Loaded,1658,1658,0,18902
201604,4,3,1,Loaded,378,378,0,4636
201604,2,3,1,Loaded,5102,5102,0,62484
201604,8,3,1,Loaded,1334,1334,0,17272
201604,5,3,1,Loaded,1962,1962,0,24716
201604,9,3,1,Loaded,1052,1052,0,12692
201604,6,4,1,Empty,20,0,20,0
201604,3,4,1,Empty,14,0,14,0
201604,2,4,1,Empty,2,0,2,0
201604,5,4,1,Empty,44,0,44,0
201604,6,4,1,Loaded,4848,4848,0,56194
201604,3,4,1,Loaded,7134,7134,0,84682
201604,1,4,1,Loaded,1298,1298,0,14756
201604,4,4,1,Loaded,514,514,0,5813
201604,2,4,1,Loaded,1494,1494,0,17713
201604,8,4,1,Loaded,512,512,0,6340
201604,5,4,1,Loaded,2038,2038,0,24461
201604,9,4,1,Loaded,254,254,0,3264
201604,6,1,2,Empty,506,0,506,0
201604,3,1,2,Empty,201,0,201,0
201604,1,1,2,Empty,308,0,308,0
201604,4,1,2,Empty,46,0,46,0
201604,2,1,2,Empty,13,0,13,0
201604,8,1,2,Empty,309,0,309,0
201604,5,1,2,Empty,445,0,445,0
201604,9,1,2,Empty,124,0,124,0
201604,6,1,2,Loaded,4346,4346,0,64607
201604,3,1,2,Loaded,527,527,0,8592
201604,1,1,2,Loaded,1111,1111,0,17319
201604,4,1,2,Loaded,108,108,0,1690
201604,2,1,2,Loaded,2194,2194,0,31388
201604,8,1,2,Loaded,134,134,0,2239
201604,5,1,2,Loaded,309,309,0,5715
201604,9,1,2,Loaded,220,220,0,4521
201604,6,2,2,Empty,2702,0,2702,0
201604,3,2,2,Empty,283,0,283,0
201604,1,2,2,Empty,464,0,464,0
201604,4,2,2,Empty,119,0,119,0
201604,2,2,2,Empty,867,0,867,0
201604,8,2,2,Empty,626,0,626,0
201604,5,2,2,Empty,1003,0,1003,0
201604,9,2,2,Empty,119,0,119,0
201604,6,2,2,Loaded,240,240,0,1843
201604,3,2,2,Loaded,33,33,0,224
201604,1,2,2,Loaded,75,75,0,537
201604,4,2,2,Loaded,11,11,0,156
201604,2,2,2,Loaded,144,144,0,932
201604,8,2,2,Loaded,1,1,0,3
201604,5,2,2,Loaded,33,33,0,197
201604,6,3,2,Empty,3676,0,3676,0
201604,3,3,2,Empty,1074,0,1074,0
201604,1,3,2,Empty,324,0,324,0
201604,4,3,2,Empty,272,0,272,0
201604,2,3,2,Empty,18,0,18,0
201604,8,3,2,Empty,380,0,380,0
201604,5,3,2,Empty,1362,0,1362,0
201604,9,3,2,Empty,1154,0,1154,0
201604,6,3,2,Loaded,8442,8442,0,58987
201604,3,3,2,Loaded,646,646,0,5793
201604,1,3,2,Loaded,1650,1650,0,12707
201604,4,3,2,Loaded,104,104,0,661
201604,2,3,2,Loaded,3042,3042,0,20419
201604,8,3,2,Loaded,82,82,0,542
201604,5,3,2,Loaded,426,426,0,2931
201604,9,3,2,Loaded,54,54,0,343
201604,6,4,2,Empty,3314,0,3314,0
201604,3,4,2,Empty,4860,0,4860,0
201604,1,4,2,Empty,356,0,356,0
201604,4,4,2,Empty,800,0,800,0
201604,2,4,2,Empty,806,0,806,0
201604,8,4,2,Empty,558,0,558,0
201604,5,4,2,Empty,1446,0,1446,0
201604,9,4,2,Empty,244,0,244,0
201604,6,4,2,Loaded,1826,1826,0,9668
201604,3,4,2,Loaded,220,220,0,1703
201604,1,4,2,Loaded,222,222,0,1957
201604,4,4,2,Loaded,16,16,0,130
201604,2,4,2,Loaded,378,378,0,2484
201604,8,4,2,Loaded,76,76,0,573
201604,5,4,2,Loaded,208,208,0,312
201604,7,1,1,Empty,1693,0,1693,0
201604,7,1,1,Loaded,2452,2452,0,38673
201604,7,2,1,Empty,22,0,22,0
201604,7,2,1,Loaded,838,838,0,11675
201604,7,3,1,Empty,1160,0,1160,0
201604,7,3,1,Loaded,4800,4800,0,47213
201604,7,4,1,Empty,64,0,64,0
201604,7,4,1,Loaded,1938,1938,0,21470
201604,7,1,2,Empty,14,0,14,0
201604,7,1,2,Loaded,10369,10369,0,137197
201604,7,2,2,Empty,552,0,552,0
201604,7,2,2,Loaded,699,699,0,5055
201604,7,3,2,Empty,34,0,34,0
201604,7,3,2,Loaded,15140,15140,0,98304
201604,7,4,2,Empty,232,0,232,0
201604,7,4,2,Loaded,2508,2508,0,21646
201603,6,1,1,Empty,1015,0,1015,0
201603,3,1,1,Empty,112,0,112,0
201603,1,1,1,Empty,107,0,107,0
201603,4,1,1,Empty,47,0,47,0
201603,2,1,1,Empty,194,0,194,0
201603,8,1,1,Empty,9,0,9,0
201603,5,1,1,Empty,124,0,124,0
201603,9,1,1,Empty,6,0,6,0
201603,6,1,1,Loaded,7753,7753,0,138649
201603,3,1,1,Loaded,1948,1948,0,36233
201603,1,1,1,Loaded,705,705,0,12498
201603,4,1,1,Loaded,298,298,0,5930
201603,2,1,1,Loaded,1915,1915,0,33844
201603,8,1,1,Loaded,508,508,0,8199
201603,5,1,1,Loaded,990,990,0,18263
201603,9,1,1,Loaded,251,251,0,5794
201603,6,2,1,Empty,2,0,2,0
201603,1,2,1,Empty,2,0,2,0
201603,2,2,1,Empty,4,0,4,0
201603,8,2,1,Empty,2,0,2,0
201603,5,2,1,Empty,2,0,2,0
201603,6,2,1,Loaded,3630,3630,0,57004
201603,3,2,1,Loaded,527,527,0,7655
201603,1,2,1,Loaded,332,332,0,4597
201603,4,2,1,Loaded,183,183,0,2710
201603,2,2,1,Loaded,821,821,0,12810
201603,8,2,1,Loaded,386,386,0,6013
201603,5,2,1,Loaded,814,814,0,12477
201603,9,2,1,Loaded,22,22,0,339
201603,6,3,1,Empty,1544,0,1544,0
201603,3,3,1,Empty,12,0,12,0
201603,1,3,1,Empty,30,0,30,0
201603,4,3,1,Empty,34,0,34,0
201603,2,3,1,Empty,186,0,186,0
201603,8,3,1,Empty,2,0,2,0
201603,5,3,1,Empty,106,0,106,0
201603,9,3,1,Empty,30,0,30,0
201603,6,3,1,Loaded,17268,17268,0,199532
201603,3,3,1,Loaded,3260,3260,0,39397
201603,1,3,1,Loaded,1156,1156,0,12152
201603,4,3,1,Loaded,782,782,0,9680
201603,2,3,1,Loaded,4966,4966,0,60083
201603,8,3,1,Loaded,1212,1212,0,15945
201603,5,3,1,Loaded,1514,1514,0,18826
201603,9,3,1,Loaded,794,794,0,9533
201603,6,4,1,Empty,52,0,52,0
201603,3,4,1,Empty,6,0,6,0
201603,2,4,1,Empty,6,0,6,0
201603,8,4,1,Empty,8,0,8,0
201603,5,4,1,Empty,2,0,2,0
201603,6,4,1,Loaded,4452,4452,0,54396
201603,3,4,1,Loaded,6584,6584,0,81748
201603,1,4,1,Loaded,784,784,0,8918
201603,4,4,1,Loaded,810,810,0,9326
201603,2,4,1,Loaded,1480,1480,0,17634
201603,8,4,1,Loaded,784,784,0,9619
201603,5,4,1,Loaded,1822,1822,0,22053
201603,9,4,1,Loaded,136,136,0,1673
201603,6,1,2,Empty,1005,0,1005,0
201603,3,1,2,Empty,365,0,365,0
201603,1,1,2,Empty,401,0,401,0
201603,4,1,2,Empty,111,0,111,0
201603,2,1,2,Empty,2,0,2,0
201603,8,1,2,Empty,324,0,324,0
201603,5,1,2,Empty,458,0,458,0
201603,9,1,2,Empty,42,0,42,0
201603,6,1,2,Loaded,5152,5152,0,80137
201603,3,1,2,Loaded,536,536,0,8313
201603,1,1,2,Loaded,1209,1209,0,18410
201603,4,1,2,Loaded,271,271,0,5001
201603,2,1,2,Loaded,2280,2280,0,34404
201603,8,1,2,Loaded,196,196,0,3994
201603,5,1,2,Loaded,362,362,0,7090
201603,9,1,2,Loaded,329,329,0,6971
201603,6,2,2,Empty,2380,0,2380,0
201603,3,2,2,Empty,614,0,614,0
201603,1,2,2,Empty,427,0,427,0
201603,4,2,2,Empty,213,0,213,0
201603,2,2,2,Empty,962,0,962,0
201603,8,2,2,Empty,453,0,453,0
201603,5,2,2,Empty,773,0,773,0
201603,9,2,2,Empty,32,0,32,0
201603,6,2,2,Loaded,287,287,0,2521
201603,3,2,2,Loaded,31,31,0,246
201603,1,2,2,Loaded,60,60,0,480
201603,4,2,2,Loaded,3,3,0,39
201603,2,2,2,Loaded,116,116,0,837
201603,5,2,2,Loaded,9,9,0,66
201603,6,3,2,Empty,4720,0,4720,0
201603,3,3,2,Empty,1472,0,1472,0
201603,1,3,2,Empty,164,0,164,0
201603,4,3,2,Empty,652,0,652,0
201603,2,3,2,Empty,88,0,88,0
201603,8,3,2,Empty,198,0,198,0
201603,5,3,2,Empty,1270,0,1270,0
201603,9,3,2,Empty,546,0,546,0
201603,6,3,2,Loaded,9126,9126,0,64981
201603,3,3,2,Loaded,796,796,0,6753
201603,1,3,2,Loaded,1598,1598,0,11388
201603,4,3,2,Loaded,168,168,0,817
201603,2,3,2,Loaded,3242,3242,0,23459
201603,8,3,2,Loaded,144,144,0,1464
201603,5,3,2,Loaded,402,402,0,2733
201603,9,3,2,Loaded,136,136,0,1411
201603,6,4,2,Empty,3396,0,3396,0
201603,3,4,2,Empty,5636,0,5636,0
201603,1,4,2,Empty,384,0,384,0
201603,4,4,2,Empty,320,0,320,0
201603,2,4,2,Empty,1308,0,1308,0
201603,8,4,2,Empty,434,0,434,0
201603,5,4,2,Empty,1112,0,1112,0
201603,9,4,2,Empty,202,0,202,0
201603,6,4,2,Loaded,1836,1836,0,8655
201603,3,4,2,Loaded,230,230,0,1934
201603,1,4,2,Loaded,236,236,0,1757
201603,4,4,2,Loaded,50,50,0,356
201603,2,4,2,Loaded,274,274,0,2014
201603,8,4,2,Loaded,44,44,0,325
201603,5,4,2,Loaded,16,16,0,135
201603,7,1,1,Empty,1572,0,1572,0
201603,7,1,1,Loaded,2807,2807,0,45450
201603,7,2,1,Empty,20,0,20,0
201603,7,2,1,Loaded,778,778,0,10448
201603,7,3,1,Empty,1234,0,1234,0
201603,7,3,1,Loaded,5024,5024,0,47878
201603,7,4,1,Empty,364,0,364,0
201603,7,4,1,Loaded,2162,2162,0,24714
201603,7,1,2,Empty,169,0,169,0
201603,7,1,2,Loaded,7298,7298,0,105556
201603,7,2,2,Empty,413,0,413,0
201603,7,2,2,Loaded,501,501,0,4411
201603,7,3,2,Empty,120,0,120,0
201603,7,3,2,Loaded,10462,10462,0,72143
201603,7,4,2,Empty,494,0,494,0
201603,7,4,2,Loaded,2326,2326,0,22086
201602,6,1,1,Empty,761,0,761,0
201602,3,1,1,Empty,111,0,111,0
201602,1,1,1,Empty,313,0,313,0
201602,4,1,1,Empty,85,0,85,0
201602,2,1,1,Empty,417,0,417,0
201602,8,1,1,Empty,28,0,28,0
201602,5,1,1,Empty,195,0,195,0
201602,9,1,1,Empty,2,0,2,0
201602,6,1,1,Loaded,6227,6227,0,109627
201602,3,1,1,Loaded,1572,1572,0,29328
201602,1,1,1,Loaded,591,591,0,10916
201602,4,1,1,Loaded,371,371,0,7000
201602,2,1,1,Loaded,1865,1865,0,34286
201602,8,1,1,Loaded,427,427,0,7081
201602,5,1,1,Loaded,1446,1446,0,26849
201602,9,1,1,Loaded,327,327,0,7175
201602,6,2,1,Empty,2,0,2,0
201602,4,2,1,Empty,2,0,2,0
201602,2,2,1,Empty,2,0,2,0
201602,5,2,1,Empty,2,0,2,0
201602,6,2,1,Loaded,3118,3118,0,49717
201602,3,2,1,Loaded,535,535,0,7842
201602,1,2,1,Loaded,292,292,0,4100
201602,4,2,1,Loaded,161,161,0,2494
201602,2,2,1,Loaded,849,849,0,13263
201602,8,2,1,Loaded,213,213,0,3233
201602,5,2,1,Loaded,731,731,0,10610
201602,9,2,1,Loaded,23,23,0,341
201602,6,3,1,Empty,994,0,994,0
201602,3,3,1,Empty,242,0,242,0
201602,1,3,1,Empty,294,0,294,0
201602,4,3,1,Empty,30,0,30,0
201602,2,3,1,Empty,118,0,118,0
201602,8,3,1,Empty,12,0,12,0
201602,5,3,1,Empty,54,0,54,0
201602,9,3,1,Empty,18,0,18,0
201602,6,3,1,Loaded,13802,13802,0,157748
201602,3,3,1,Loaded,3970,3970,0,49139
201602,1,3,1,Loaded,876,876,0,9138
201602,4,3,1,Loaded,816,816,0,9855
201602,2,3,1,Loaded,4210,4210,0,51318
201602,8,3,1,Loaded,1134,1134,0,14892
201602,5,3,1,Loaded,2536,2536,0,32344
201602,9,3,1,Loaded,1216,1216,0,14901
201602,6,4,1,Empty,88,0,88,0
201602,3,4,1,Empty,4,0,4,0
201602,4,4,1,Empty,12,0,12,0
201602,2,4,1,Empty,2,0,2,0
201602,5,4,1,Empty,8,0,8,0
201602,6,4,1,Loaded,2680,2680,0,31846
201602,3,4,1,Loaded,2582,2582,0,33267
201602,1,4,1,Loaded,596,596,0,6872
201602,4,4,1,Loaded,414,414,0,5317
201602,2,4,1,Loaded,1310,1310,0,15521
201602,8,4,1,Loaded,556,556,0,6814
201602,5,4,1,Loaded,1696,1696,0,20556
201602,9,4,1,Loaded,144,144,0,1740
201602,6,1,2,Empty,448,0,448,0
201602,3,1,2,Empty,355,0,355,0
201602,1,1,2,Empty,96,0,96,0
201602,4,1,2,Empty,117,0,117,0
201602,2,1,2,Empty,8,0,8,0
201602,8,1,2,Empty,219,0,219,0
201602,5,1,2,Empty,519,0,519,0
201602,9,1,2,Empty,172,0,172,0
201602,6,1,2,Loaded,4200,4200,0,61732
201602,3,1,2,Loaded,466,466,0,7304
201602,1,1,2,Loaded,986,986,0,14660
201602,4,1,2,Loaded,226,226,0,4099
201602,2,1,2,Loaded,2467,2467,0,36090
201602,8,1,2,Loaded,147,147,0,3077
201602,5,1,2,Loaded,340,340,0,5816
201602,9,1,2,Loaded,386,386,0,8888
201602,6,2,2,Empty,1856,0,1856,0
201602,3,2,2,Empty,453,0,453,0
201602,1,2,2,Empty,420,0,420,0
201602,4,2,2,Empty,331,0,331,0
201602,2,2,2,Empty,742,0,742,0
201602,8,2,2,Empty,248,0,248,0
201602,5,2,2,Empty,899,0,899,0
201602,9,2,2,Empty,32,0,32,0
201602,6,2,2,Loaded,265,265,0,2381
201602,3,2,2,Loaded,33,33,0,182
201602,1,2,2,Loaded,63,63,0,506
201602,4,2,2,Loaded,5,5,0,64
201602,2,2,2,Loaded,157,157,0,948
201602,5,2,2,Loaded,16,16,0,45
201602,6,3,2,Empty,4874,0,4874,0
201602,3,3,2,Empty,1396,0,1396,0
201602,1,3,2,Empty,254,0,254,0
201602,4,3,2,Empty,558,0,558,0
201602,2,3,2,Empty,10,0,10,0
201602,8,3,2,Empty,244,0,244,0
201602,5,3,2,Empty,1454,0,1454,0
201602,9,3,2,Empty,1028,0,1028,0
201602,6,3,2,Loaded,8404,8404,0,58375
201602,3,3,2,Loaded,802,802,0,6321
201602,1,3,2,Loaded,1338,1338,0,9547
201602,4,3,2,Loaded,220,220,0,1073
201602,2,3,2,Loaded,3002,3002,0,21212
201602,8,3,2,Loaded,102,102,0,769
201602,5,3,2,Loaded,380,380,0,2244
201602,9,3,2,Loaded,140,140,0,1436
201602,6,4,2,Empty,1612,0,1612,0
201602,3,4,2,Empty,3296,0,3296,0
201602,1,4,2,Empty,148,0,148,0
201602,4,4,2,Empty,1060,0,1060,0
201602,2,4,2,Empty,780,0,780,0
201602,8,4,2,Empty,200,0,200,0
201602,5,4,2,Empty,1172,0,1172,0
201602,9,4,2,Empty,246,0,246,0
201602,6,4,2,Loaded,1412,1412,0,8406
201602,3,4,2,Loaded,226,226,0,2051
201602,1,4,2,Loaded,178,178,0,1595
201602,4,4,2,Loaded,16,16,0,159
201602,2,4,2,Loaded,298,298,0,2137
201602,8,4,2,Loaded,20,20,0,131
201602,5,4,2,Loaded,100,100,0,208
201602,7,1,1,Empty,1764,0,1764,0
201602,7,1,1,Loaded,2989,2989,0,49980
201602,7,2,1,Empty,66,0,66,0
201602,7,2,1,Loaded,767,767,0,10186
201602,7,3,1,Empty,1222,0,1222,0
201602,7,3,1,Loaded,4916,4916,0,46744
201602,7,4,1,Empty,756,0,756,0
201602,7,4,1,Loaded,1932,1932,0,22342
201602,7,1,2,Empty,22,0,22,0
201602,7,1,2,Loaded,10407,10407,0,137399
201602,7,2,2,Empty,826,0,826,0
201602,7,2,2,Loaded,692,692,0,4988
201602,7,3,2,Empty,114,0,114,0
201602,7,3,2,Loaded,14938,14938,0,94775
201602,7,4,2,Empty,442,0,442,0
201602,7,4,2,Loaded,2806,2806,0,23306
201601,6,1,1,Empty,1011,0,1011,0
201601,3,1,1,Empty,54,0,54,0
201601,1,1,1,Empty,402,0,402,0
201601,4,1,1,Empty,32,0,32,0
201601,2,1,1,Empty,288,0,288,0
201601,8,1,1,Empty,25,0,25,0
201601,5,1,1,Empty,61,0,61,0
201601,9,1,1,Empty,6,0,6,0
201601,6,1,1,Loaded,6983,6983,0,121887
201601,3,1,1,Loaded,1158,1158,0,21845
201601,1,1,1,Loaded,514,514,0,8959
201601,4,1,1,Loaded,230,230,0,4192
201601,2,1,1,Loaded,1516,1516,0,28069
201601,8,1,1,Loaded,355,355,0,5877
201601,5,1,1,Loaded,1492,1492,0,28612
201601,9,1,1,Loaded,238,238,0,5556
201601,6,2,1,Empty,51,0,51,0
201601,1,2,1,Empty,2,0,2,0
201601,2,2,1,Empty,4,0,4,0
201601,6,2,1,Loaded,3952,3952,0,62084
201601,3,2,1,Loaded,507,507,0,7299
201601,1,2,1,Loaded,216,216,0,3027
201601,4,2,1,Loaded,160,160,0,2524
201601,2,2,1,Loaded,596,596,0,8759
201601,8,2,1,Loaded,173,173,0,2728
201601,5,2,1,Loaded,638,638,0,9241
201601,9,2,1,Loaded,12,12,0,169
201601,6,3,1,Empty,1070,0,1070,0
201601,3,3,1,Empty,74,0,74,0
201601,1,3,1,Empty,234,0,234,0
201601,4,3,1,Empty,2,0,2,0
201601,2,3,1,Empty,394,0,394,0
201601,8,3,1,Empty,8,0,8,0
201601,5,3,1,Empty,96,0,96,0
201601,9,3,1,Empty,50,0,50,0
201601,6,3,1,Loaded,14326,14326,0,170977
201601,3,3,1,Loaded,3274,3274,0,39860
201601,1,3,1,Loaded,986,986,0,11267
201601,4,3,1,Loaded,576,576,0,7215
201601,2,3,1,Loaded,4312,4312,0,53781
201601,8,3,1,Loaded,1380,1380,0,18116
201601,5,3,1,Loaded,2260,2260,0,29045
201601,9,3,1,Loaded,466,466,0,6074
201601,6,4,1,Empty,170,0,170,0
201601,3,4,1,Empty,4,0,4,0
201601,1,4,1,Empty,4,0,4,0
201601,8,4,1,Empty,6,0,6,0
201601,5,4,1,Empty,2,0,2,0
201601,6,4,1,Loaded,3096,3096,0,36955
201601,3,4,1,Loaded,1118,1118,0,14135
201601,1,4,1,Loaded,474,474,0,5268
201601,4,4,1,Loaded,118,118,0,1405
201601,2,4,1,Loaded,1064,1064,0,12480
201601,8,4,1,Loaded,460,460,0,5696
201601,5,4,1,Loaded,1216,1216,0,14470
201601,9,4,1,Loaded,30,30,0,349
201601,6,1,2,Empty,1378,0,1378,0
201601,3,1,2,Empty,225,0,225,0
201601,4,1,2,Empty,61,0,61,0
201601,2,1,2,Empty,10,0,10,0
201601,8,1,2,Empty,421,0,421,0
201601,5,1,2,Empty,914,0,914,0
201601,9,1,2,Empty,94,0,94,0
201601,6,1,2,Loaded,5100,5100,0,76834
201601,3,1,2,Loaded,654,654,0,11348
201601,1,1,2,Loaded,1065,1065,0,15467
201601,4,1,2,Loaded,144,144,0,2285
201601,2,1,2,Loaded,2498,2498,0,36976
201601,8,1,2,Loaded,275,275,0,4049
201601,5,1,2,Loaded,377,377,0,6548
201601,9,1,2,Loaded,127,127,0,2666
201601,6,2,2,Empty,2545,0,2545,0
201601,3,2,2,Empty,351,0,351,0
201601,1,2,2,Empty,274,0,274,0
201601,4,2,2,Empty,153,0,153,0
201601,2,2,2,Empty,552,0,552,0
201601,8,2,2,Empty,217,0,217,0
201601,5,2,2,Empty,505,0,505,0
201601,9,2,2,Empty,35,0,35,0
201601,6,2,2,Loaded,300,300,0,1976
201601,3,2,2,Loaded,50,50,0,410
201601,1,2,2,Loaded,62,62,0,485
201601,4,2,2,Loaded,7,7,0,95
201601,2,2,2,Loaded,149,149,0,869
201601,8,2,2,Loaded,2,2,0,10
201601,5,2,2,Loaded,20,20,0,96
201601,6,3,2,Empty,4008,0,4008,0
201601,3,3,2,Empty,1250,0,1250,0
201601,1,3,2,Empty,2,0,2,0
201601,4,3,2,Empty,70,0,70,0
201601,2,3,2,Empty,234,0,234,0
201601,8,3,2,Empty,1366,0,1366,0
201601,5,3,2,Empty,2600,0,2600,0
201601,6,3,2,Loaded,8684,8684,0,62066
201601,3,3,2,Loaded,684,684,0,5208
201601,1,3,2,Loaded,1476,1476,0,9999
201601,4,3,2,Loaded,132,132,0,717
201601,2,3,2,Loaded,3526,3526,0,24737
201601,8,3,2,Loaded,74,74,0,554
201601,5,3,2,Loaded,432,432,0,3076
201601,9,3,2,Loaded,156,156,0,1814
201601,6,4,2,Empty,2432,0,2432,0
201601,3,4,2,Empty,2606,0,2606,0
201601,1,4,2,Empty,180,0,180,0
201601,4,4,2,Empty,604,0,604,0
201601,2,4,2,Empty,598,0,598,0
201601,8,4,2,Empty,406,0,406,0
201601,5,4,2,Empty,1384,0,1384,0
201601,9,4,2,Empty,74,0,74,0
201601,6,4,2,Loaded,1664,1664,0,8702
201601,3,4,2,Loaded,240,240,0,1654
201601,1,4,2,Loaded,270,270,0,2280
201601,4,4,2,Loaded,36,36,0,260
201601,2,4,2,Loaded,386,386,0,2215
201601,8,4,2,Loaded,20,20,0,148
201601,5,4,2,Loaded,248,248,0,487
201601,7,1,1,Empty,2492,0,2492,0
201601,7,1,1,Loaded,2279,2279,0,38093
201601,7,2,1,Empty,31,0,31,0
201601,7,2,1,Loaded,619,619,0,8083
201601,7,3,1,Empty,2456,0,2456,0
201601,7,3,1,Loaded,3910,3910,0,37874
201601,7,4,1,Empty,386,0,386,0
201601,7,4,1,Loaded,1270,1270,0,13375
201601,7,1,2,Empty,57,0,57,0
201601,7,1,2,Loaded,10250,10250,0,135515
201601,7,2,2,Empty,654,0,654,0
201601,7,2,2,Loaded,750,750,0,5524
201601,7,3,2,Empty,258,0,258,0
201601,7,3,2,Loaded,14266,14266,0,91605
201601,7,4,2,Empty,750,0,750,0
201601,7,4,2,Loaded,2744,2744,0,22552
201512,6,1,1,Empty,829,0,829,0
201512,3,1,1,Empty,84,0,84,0
201512,1,1,1,Empty,295,0,295,0
201512,4,1,1,Empty,61,0,61,0
201512,2,1,1,Empty,414,0,414,0
201512,8,1,1,Empty,3,0,3,0
201512,5,1,1,Empty,68,0,68,0
201512,9,1,1,Empty,8,0,8,0
201512,6,1,1,Loaded,8926,8926,0,158958
201512,3,1,1,Loaded,1338,1338,0,24645
201512,1,1,1,Loaded,676,676,0,11931
201512,4,1,1,Loaded,344,344,0,6123
201512,2,1,1,Loaded,1961,1961,0,34606
201512,8,1,1,Loaded,628,628,0,10422
201512,5,1,1,Loaded,1432,1432,0,27442
201512,9,1,1,Loaded,465,465,0,11168
201512,6,2,1,Empty,2,0,2,0
201512,1,2,1,Empty,13,0,13,0
201512,4,2,1,Empty,1,0,1,0
201512,2,2,1,Empty,1,0,1,0
201512,5,2,1,Empty,1,0,1,0
201512,6,2,1,Loaded,3740,3740,0,57889
201512,3,2,1,Loaded,575,575,0,8381
201512,1,2,1,Loaded,306,306,0,4460
201512,4,2,1,Loaded,184,184,0,2758
201512,2,2,1,Loaded,789,789,0,12101
201512,8,2,1,Loaded,238,238,0,3580
201512,5,2,1,Loaded,661,661,0,10018
201512,9,2,1,Loaded,24,24,0,334
201512,6,3,1,Empty,622,0,622,0
201512,3,3,1,Empty,68,0,68,0
201512,1,3,1,Empty,14,0,14,0
201512,4,3,1,Empty,10,0,10,0
201512,2,3,1,Empty,374,0,374,0
201512,8,3,1,Empty,2,0,2,0
201512,5,3,1,Empty,16,0,16,0
201512,9,3,1,Empty,50,0,50,0
201512,6,3,1,Loaded,19468,19468,0,229679
201512,3,3,1,Loaded,3810,3810,0,46282
201512,1,3,1,Loaded,1220,1220,0,13514
201512,4,3,1,Loaded,952,952,0,11846
201512,2,3,1,Loaded,5744,5744,0,70949
201512,8,3,1,Loaded,1896,1896,0,24950
201512,5,3,1,Loaded,2890,2890,0,37202
201512,9,3,1,Loaded,1304,1304,0,16382
201512,6,4,1,Empty,22,0,22,0
201512,3,4,1,Empty,6,0,6,0
201512,2,4,1,Empty,2,0,2,0
201512,8,4,1,Empty,2,0,2,0
201512,6,4,1,Loaded,3824,3824,0,45472
201512,3,4,1,Loaded,852,852,0,9986
201512,1,4,1,Loaded,588,588,0,6336
201512,4,4,1,Loaded,296,296,0,3628
201512,2,4,1,Loaded,934,934,0,10651
201512,8,4,1,Loaded,864,864,0,10570
201512,5,4,1,Loaded,1058,1058,0,12911
201512,9,4,1,Loaded,118,118,0,1413
201512,6,1,2,Empty,848,0,848,0
201512,3,1,2,Empty,73,0,73,0
201512,1,1,2,Empty,1,0,1,0
201512,4,1,2,Empty,68,0,68,0
201512,2,1,2,Empty,3,0,3,0
201512,8,1,2,Empty,534,0,534,0
201512,5,1,2,Empty,603,0,603,0
201512,9,1,2,Empty,268,0,268,0
201512,6,1,2,Loaded,4678,4678,0,69927
201512,3,1,2,Loaded,458,458,0,7337
201512,1,1,2,Loaded,1093,1093,0,15848
201512,4,1,2,Loaded,179,179,0,3033
201512,2,1,2,Loaded,2362,2362,0,32943
201512,8,1,2,Loaded,203,203,0,4216
201512,5,1,2,Loaded,361,361,0,6647
201512,9,1,2,Loaded,316,316,0,6573
201512,6,2,2,Empty,2275,0,2275,0
201512,3,2,2,Empty,474,0,474,0
201512,1,2,2,Empty,169,0,169,0
201512,4,2,2,Empty,46,0,46,0
201512,2,2,2,Empty,657,0,657,0
201512,8,2,2,Empty,102,0,102,0
201512,5,2,2,Empty,613,0,613,0
201512,9,2,2,Empty,29,0,29,0
201512,6,2,2,Loaded,276,276,0,1958
201512,3,2,2,Loaded,43,43,0,283
201512,1,2,2,Loaded,49,49,0,277
201512,4,2,2,Loaded,2,2,0,37
201512,2,2,2,Loaded,195,195,0,1145
201512,8,2,2,Loaded,1,1,0,0
201512,5,2,2,Loaded,18,18,0,81
201512,6,3,2,Empty,7412,0,7412,0
201512,3,3,2,Empty,1336,0,1336,0
201512,1,3,2,Empty,284,0,284,0
201512,4,3,2,Empty,660,0,660,0
201512,2,3,2,Empty,184,0,184,0
201512,8,3,2,Empty,2032,0,2032,0
201512,5,3,2,Empty,2066,0,2066,0
201512,9,3,2,Empty,1664,0,1664,0
201512,6,3,2,Loaded,8950,8950,0,59310
201512,3,3,2,Loaded,632,632,0,5396
201512,1,3,2,Loaded,1410,1410,0,9297
201512,4,3,2,Loaded,196,196,0,1188
201512,2,3,2,Loaded,3178,3178,0,21641
201512,8,3,2,Loaded,312,312,0,1641
201512,5,3,2,Loaded,330,330,0,2163
201512,9,3,2,Loaded,144,144,0,1656
201512,6,4,2,Empty,2464,0,2464,0
201512,3,4,2,Empty,1704,0,1704,0
201512,1,4,2,Empty,426,0,426,0
201512,4,4,2,Empty,466,0,466,0
201512,2,4,2,Empty,584,0,584,0
201512,8,4,2,Empty,1474,0,1474,0
201512,5,4,2,Empty,420,0,420,0
201512,9,4,2,Empty,142,0,142,0
201512,6,4,2,Loaded,1552,1552,0,9848
201512,3,4,2,Loaded,186,186,0,1237
201512,1,4,2,Loaded,150,150,0,1170
201512,4,4,2,Loaded,24,24,0,174
201512,2,4,2,Loaded,338,338,0,2479
201512,8,4,2,Loaded,50,50,0,421
201512,5,4,2,Loaded,198,198,0,338
201512,7,1,1,Empty,2268,0,2268,0
201512,7,1,1,Loaded,3165,3165,0,51219
201512,7,2,1,Empty,77,0,77,0
201512,7,2,1,Loaded,730,730,0,9405
201512,7,3,1,Empty,1318,0,1318,0
201512,7,3,1,Loaded,5140,5140,0,49518
201512,7,4,1,Empty,112,0,112,0
201512,7,4,1,Loaded,1178,1178,0,11915
201512,7,1,2,Empty,88,0,88,0
201512,7,1,2,Loaded,9147,9147,0,119436
201512,7,2,2,Empty,418,0,418,0
201512,7,2,2,Loaded,690,690,0,4948
201512,7,3,2,Empty,124,0,124,0
201512,7,3,2,Loaded,12844,12844,0,82994
201512,7,4,2,Empty,194,0,194,0
201512,7,4,2,Loaded,2494,2494,0,21904
201511,6,1,1,Empty,904,0,904,0
201511,3,1,1,Empty,34,0,34,0
201511,1,1,1,Empty,210,0,210,0
201511,4,1,1,Empty,28,0,28,0
201511,2,1,1,Empty,394,0,394,0
201511,8,1,1,Empty,191,0,191,0
201511,5,1,1,Empty,104,0,104,0
201511,9,1,1,Empty,1,0,1,0
201511,6,1,1,Loaded,7959,7959,0,136993
201511,3,1,1,Loaded,1402,1402,0,25787
201511,1,1,1,Loaded,465,465,0,8336
201511,4,1,1,Loaded,288,288,0,5589
201511,2,1,1,Loaded,1772,1772,0,32818
201511,8,1,1,Loaded,502,502,0,8532
201511,5,1,1,Loaded,1254,1254,0,23852
201511,9,1,1,Loaded,332,332,0,7361
201511,6,2,1,Empty,5,0,5,0
201511,2,2,1,Empty,2,0,2,0
201511,6,2,1,Loaded,3314,3314,0,52127
201511,3,2,1,Loaded,398,398,0,5734
201511,1,2,1,Loaded,291,291,0,4282
201511,4,2,1,Loaded,205,205,0,3269
201511,2,2,1,Loaded,759,759,0,11748
201511,8,2,1,Loaded,196,196,0,3041
201511,5,2,1,Loaded,549,549,0,8067
201511,9,2,1,Loaded,8,8,0,117
201511,6,3,1,Empty,464,0,464,0
201511,3,3,1,Empty,22,0,22,0
201511,1,3,1,Empty,220,0,220,0
201511,4,3,1,Empty,6,0,6,0
201511,2,3,1,Empty,398,0,398,0
201511,8,3,1,Empty,106,0,106,0
201511,5,3,1,Empty,94,0,94,0
201511,9,3,1,Empty,16,0,16,0
201511,6,3,1,Loaded,17520,17520,0,202875
201511,3,3,1,Loaded,3902,3902,0,47448
201511,1,3,1,Loaded,1154,1154,0,12616
201511,4,3,1,Loaded,1270,1270,0,16041
201511,2,3,1,Loaded,5700,5700,0,70771
201511,8,3,1,Loaded,1458,1458,0,19288
201511,5,3,1,Loaded,2550,2550,0,32429
201511,9,3,1,Loaded,844,844,0,10470
201511,6,4,1,Empty,38,0,38,0
201511,3,4,1,Empty,2,0,2,0
201511,8,4,1,Empty,2,0,2,0
201511,5,4,1,Empty,2,0,2,0
201511,6,4,1,Loaded,3424,3424,0,40297
201511,3,4,1,Loaded,708,708,0,8320
201511,1,4,1,Loaded,448,448,0,4954
201511,4,4,1,Loaded,192,192,0,2243
201511,2,4,1,Loaded,628,628,0,6965
201511,8,4,1,Loaded,382,382,0,4640
201511,5,4,1,Loaded,648,648,0,8121
201511,9,4,1,Loaded,86,86,0,1031
201511,6,1,2,Empty,436,0,436,0
201511,3,1,2,Empty,67,0,67,0
201511,4,1,2,Empty,109,0,109,0
201511,8,1,2,Empty,535,0,535,0
201511,5,1,2,Empty,283,0,283,0
201511,9,1,2,Empty,132,0,132,0
201511,6,1,2,Loaded,5016,5016,0,77303
201511,3,1,2,Loaded,398,398,0,5931
201511,1,1,2,Loaded,1133,1133,0,16890
201511,4,1,2,Loaded,211,211,0,3811
201511,2,1,2,Loaded,2504,2504,0,36018
201511,8,1,2,Loaded,243,243,0,4469
201511,5,1,2,Loaded,357,357,0,6276
201511,9,1,2,Loaded,297,297,0,6213
201511,6,2,2,Empty,3428,0,3428,0
201511,3,2,2,Empty,322,0,322,0
201511,1,2,2,Empty,223,0,223,0
201511,4,2,2,Empty,22,0,22,0
201511,2,2,2,Empty,665,0,665,0
201511,8,2,2,Empty,104,0,104,0
201511,5,2,2,Empty,642,0,642,0
201511,9,2,2,Empty,22,0,22,0
201511,6,2,2,Loaded,236,236,0,1677
201511,3,2,2,Loaded,31,31,0,161
201511,1,2,2,Loaded,97,97,0,724
201511,4,2,2,Loaded,8,8,0,46
201511,2,2,2,Loaded,198,198,0,1360
201511,8,2,2,Loaded,1,1,0,0
201511,5,2,2,Loaded,21,21,0,83
201511,6,3,2,Empty,5838,0,5838,0
201511,3,3,2,Empty,636,0,636,0
201511,1,3,2,Empty,228,0,228,0
201511,4,3,2,Empty,566,0,566,0
201511,2,3,2,Empty,280,0,280,0
201511,8,3,2,Empty,834,0,834,0
201511,5,3,2,Empty,1624,0,1624,0
201511,9,3,2,Empty,1218,0,1218,0
201511,6,3,2,Loaded,9132,9132,0,63163
201511,3,3,2,Loaded,552,552,0,4465
201511,1,3,2,Loaded,1578,1578,0,10841
201511,4,3,2,Loaded,172,172,0,1158
201511,2,3,2,Loaded,3720,3720,0,26069
201511,8,3,2,Loaded,226,226,0,1451
201511,5,3,2,Loaded,450,450,0,3174
201511,9,3,2,Loaded,78,78,0,657
201511,6,4,2,Empty,1296,0,1296,0
201511,3,4,2,Empty,1030,0,1030,0
201511,1,4,2,Empty,392,0,392,0
201511,4,4,2,Empty,292,0,292,0
201511,2,4,2,Empty,108,0,108,0
201511,8,4,2,Empty,1256,0,1256,0
201511,5,4,2,Empty,434,0,434,0
201511,9,4,2,Empty,112,0,112,0
201511,6,4,2,Loaded,1396,1396,0,7926
201511,3,4,2,Loaded,160,160,0,1255
201511,1,4,2,Loaded,186,186,0,1399
201511,4,4,2,Loaded,48,48,0,329
201511,2,4,2,Loaded,330,330,0,2465
201511,8,4,2,Loaded,28,28,0,217
201511,5,4,2,Loaded,212,212,0,490
201511,7,1,1,Empty,2687,0,2687,0
201511,7,1,1,Loaded,3202,3202,0,53553
201511,7,2,1,Empty,45,0,45,0
201511,7,2,1,Loaded,662,662,0,8775
201511,7,3,1,Empty,2186,0,2186,0
201511,7,3,1,Loaded,5198,5198,0,49735
201511,7,4,1,Empty,94,0,94,0
201511,7,4,1,Loaded,1092,1092,0,10676
201511,7,1,2,Empty,101,0,101,0
201511,7,1,2,Loaded,10945,10945,0,144894
201511,7,2,2,Empty,393,0,393,0
201511,7,2,2,Loaded,793,793,0,5910
201511,7,3,2,Empty,254,0,254,0
201511,7,3,2,Loaded,16056,16056,0,103519
201511,7,4,2,Empty,142,0,142,0
201511,7,4,2,Loaded,2756,2756,0,23494
201510,6,1,1,Empty,1084,0,1084,0
201510,3,1,1,Empty,20,0,20,0
201510,1,1,1,Empty,251,0,251,0
201510,4,1,1,Empty,185,0,185,0
201510,2,1,1,Empty,656,0,656,0
201510,8,1,1,Empty,90,0,90,0
201510,5,1,1,Empty,72,0,72,0
201510,9,1,1,Empty,4,0,4,0
201510,6,1,1,Loaded,7382,7382,0,128167
201510,3,1,1,Loaded,1365,1365,0,25286
201510,1,1,1,Loaded,578,578,0,10348
201510,4,1,1,Loaded,396,396,0,7230
201510,2,1,1,Loaded,1670,1670,0,29952
201510,8,1,1,Loaded,659,659,0,11390
201510,5,1,1,Loaded,709,709,0,13055
201510,9,1,1,Loaded,293,293,0,7152
201510,6,2,1,Empty,3,0,3,0
201510,6,2,1,Loaded,3240,3240,0,50387
201510,3,2,1,Loaded,365,365,0,5061
201510,1,2,1,Loaded,163,163,0,2121
201510,4,2,1,Loaded,170,170,0,2588
201510,2,2,1,Loaded,728,728,0,11584
201510,8,2,1,Loaded,230,230,0,3354
201510,5,2,1,Loaded,366,366,0,5192
201510,9,2,1,Loaded,13,13,0,200
201510,6,3,1,Empty,626,0,626,0
201510,3,3,1,Empty,114,0,114,0
201510,1,3,1,Empty,314,0,314,0
201510,4,3,1,Empty,6,0,6,0
201510,2,3,1,Empty,318,0,318,0
201510,8,3,1,Empty,4,0,4,0
201510,5,3,1,Empty,18,0,18,0
201510,9,3,1,Empty,22,0,22,0
201510,6,3,1,Loaded,16068,16068,0,180887
201510,3,3,1,Loaded,3630,3630,0,44319
201510,1,3,1,Loaded,1624,1624,0,18839
201510,4,3,1,Loaded,1314,1314,0,16178
201510,2,3,1,Loaded,4796,4796,0,58403
201510,8,3,1,Loaded,876,876,0,11543
201510,5,3,1,Loaded,2248,2248,0,28801
201510,9,3,1,Loaded,802,802,0,9443
201510,6,4,1,Empty,58,0,58,0
201510,3,4,1,Empty,4,0,4,0
201510,1,4,1,Empty,4,0,4,0
201510,4,4,1,Empty,2,0,2,0
201510,2,4,1,Empty,4,0,4,0
201510,5,4,1,Empty,8,0,8,0
201510,6,4,1,Loaded,4002,4002,0,46205
201510,3,4,1,Loaded,612,612,0,7251
201510,1,4,1,Loaded,316,316,0,3599
201510,4,4,1,Loaded,186,186,0,2169
201510,2,4,1,Loaded,718,718,0,7800
201510,8,4,1,Loaded,426,426,0,5107
201510,5,4,1,Loaded,546,546,0,6594
201510,9,4,1,Loaded,78,78,0,948
201510,6,1,2,Empty,712,0,712,0
201510,3,1,2,Empty,253,0,253,0
201510,1,1,2,Empty,20,0,20,0
201510,4,1,2,Empty,125,0,125,0
201510,2,1,2,Empty,7,0,7,0
201510,8,1,2,Empty,334,0,334,0
201510,5,1,2,Empty,89,0,89,0
201510,9,1,2,Empty,230,0,230,0
201510,6,1,2,Loaded,4903,4903,0,76811
201510,3,1,2,Loaded,444,444,0,6462
201510,1,1,2,Loaded,1364,1364,0,20089
201510,4,1,2,Loaded,210,210,0,3576
201510,2,1,2,Loaded,2968,2968,0,42707
201510,8,1,2,Loaded,333,333,0,7001
201510,5,1,2,Loaded,375,375,0,6710
201510,9,1,2,Loaded,312,312,0,6532
201510,6,2,2,Empty,1651,0,1651,0
201510,3,2,2,Empty,856,0,856,0
201510,1,2,2,Empty,254,0,254,0
201510,4,2,2,Empty,290,0,290,0
201510,2,2,2,Empty,742,0,742,0
201510,8,2,2,Empty,506,0,506,0
201510,5,2,2,Empty,819,0,819,0
201510,9,2,2,Empty,23,0,23,0
201510,6,2,2,Loaded,258,258,0,1940
201510,3,2,2,Loaded,30,30,0,129
201510,1,2,2,Loaded,76,76,0,680
201510,4,2,2,Loaded,9,9,0,130
201510,2,2,2,Loaded,146,146,0,790
201510,8,2,2,Loaded,12,12,0,85
201510,5,2,2,Loaded,20,20,0,27
201510,6,3,2,Empty,6196,0,6196,0
201510,3,3,2,Empty,448,0,448,0
201510,1,3,2,Empty,56,0,56,0
201510,4,3,2,Empty,600,0,600,0
201510,2,3,2,Empty,6,0,6,0
201510,8,3,2,Empty,1122,0,1122,0
201510,5,3,2,Empty,2208,0,2208,0
201510,9,3,2,Empty,872,0,872,0
201510,6,3,2,Loaded,7980,7980,0,54425
201510,3,3,2,Loaded,606,606,0,4977
201510,1,3,2,Loaded,1710,1710,0,11176
201510,4,3,2,Loaded,172,172,0,986
201510,2,3,2,Loaded,3858,3858,0,26378
201510,8,3,2,Loaded,456,456,0,2889
201510,5,3,2,Loaded,384,384,0,2707
201510,9,3,2,Loaded,240,240,0,2837
201510,6,4,2,Empty,724,0,724,0
201510,3,4,2,Empty,948,0,948,0
201510,1,4,2,Empty,114,0,114,0
201510,4,4,2,Empty,198,0,198,0
201510,2,4,2,Empty,232,0,232,0
201510,8,4,2,Empty,630,0,630,0
201510,5,4,2,Empty,156,0,156,0
201510,9,4,2,Empty,46,0,46,0
201510,6,4,2,Loaded,1300,1300,0,8078
201510,3,4,2,Loaded,166,166,0,1160
201510,1,4,2,Loaded,156,156,0,1395
201510,4,4,2,Loaded,12,12,0,83
201510,2,4,2,Loaded,454,454,0,3573
201510,8,4,2,Loaded,54,54,0,417
201510,5,4,2,Loaded,226,226,0,409
201510,7,1,1,Empty,2622,0,2622,0
201510,7,1,1,Loaded,3207,3207,0,52804
201510,7,2,1,Empty,206,0,206,0
201510,7,2,1,Loaded,569,569,0,7252
201510,7,3,1,Empty,1804,0,1804,0
201510,7,3,1,Loaded,5944,5944,0,57953
201510,7,4,1,Empty,292,0,292,0
201510,7,4,1,Loaded,1150,1150,0,11425
201510,7,1,2,Empty,33,0,33,0
201510,7,1,2,Loaded,11756,11756,0,150650
201510,7,2,2,Empty,461,0,461,0
201510,7,2,2,Loaded,759,759,0,5262
201510,7,3,2,Empty,270,0,270,0
201510,7,3,2,Loaded,17326,17326,0,111435
201510,7,4,2,Empty,74,0,74,0
201510,7,4,2,Loaded,2644,2644,0,22329
201509,6,1,1,Empty,1120,0,1120,0
201509,3,1,1,Empty,31,0,31,0
201509,1,1,1,Empty,316,0,316,0
201509,4,1,1,Empty,61,0,61,0
201509,2,1,1,Empty,325,0,325,0
201509,8,1,1,Empty,1,0,1,0
201509,5,1,1,Empty,64,0,64,0
201509,6,1,1,Loaded,6369,6369,0,109555
201509,3,1,1,Loaded,1637,1637,0,30334
201509,1,1,1,Loaded,491,491,0,8277
201509,4,1,1,Loaded,299,299,0,5498
201509,2,1,1,Loaded,1633,1633,0,29432
201509,8,1,1,Loaded,465,465,0,7867
201509,5,1,1,Loaded,742,742,0,13730
201509,9,1,1,Loaded,331,331,0,7904
201509,6,2,1,Empty,2,0,2,0
201509,3,2,1,Empty,1,0,1,0
201509,2,2,1,Empty,5,0,5,0
201509,6,2,1,Loaded,2675,2675,0,41300
201509,3,2,1,Loaded,454,454,0,6447
201509,1,2,1,Loaded,156,156,0,2038
201509,4,2,1,Loaded,247,247,0,4027
201509,2,2,1,Loaded,573,573,0,8667
201509,8,2,1,Loaded,289,289,0,4677
201509,5,2,1,Loaded,454,454,0,6671
201509,9,2,1,Loaded,31,31,0,493
201509,6,3,1,Empty,1096,0,1096,0
201509,3,3,1,Empty,262,0,262,0
201509,1,3,1,Empty,216,0,216,0
201509,4,3,1,Empty,6,0,6,0
201509,2,3,1,Empty,306,0,306,0
201509,5,3,1,Empty,42,0,42,0
201509,9,3,1,Empty,10,0,10,0
201509,6,3,1,Loaded,14056,14056,0,156207
201509,3,3,1,Loaded,3234,3234,0,39226
201509,1,3,1,Loaded,1326,1326,0,15231
201509,4,3,1,Loaded,1098,1098,0,13567
201509,2,3,1,Loaded,3022,3022,0,35643
201509,8,3,1,Loaded,330,330,0,4207
201509,5,3,1,Loaded,1406,1406,0,17444
201509,9,3,1,Loaded,492,492,0,5636
201509,6,4,1,Empty,10,0,10,0
201509,3,4,1,Empty,34,0,34,0
201509,4,4,1,Empty,10,0,10,0
201509,2,4,1,Empty,10,0,10,0
201509,8,4,1,Empty,8,0,8,0
201509,5,4,1,Empty,40,0,40,0
201509,6,4,1,Loaded,3916,3916,0,44905
201509,3,4,1,Loaded,930,930,0,10871
201509,1,4,1,Loaded,340,340,0,3847
201509,4,4,1,Loaded,206,206,0,2401
201509,2,4,1,Loaded,760,760,0,8398
201509,8,4,1,Loaded,408,408,0,4896
201509,5,4,1,Loaded,682,682,0,8211
201509,9,4,1,Loaded,62,62,0,767
201509,6,1,2,Empty,558,0,558,0
201509,3,1,2,Empty,235,0,235,0
201509,1,1,2,Empty,1,0,1,0
201509,4,1,2,Empty,38,0,38,0
201509,2,1,2,Empty,11,0,11,0
201509,8,1,2,Empty,315,0,315,0
201509,5,1,2,Empty,160,0,160,0
201509,9,1,2,Empty,91,0,91,0
201509,6,1,2,Loaded,4753,4753,0,69604
201509,3,1,2,Loaded,694,694,0,12092
201509,1,1,2,Loaded,1213,1213,0,17745
201509,4,1,2,Loaded,213,213,0,3970
201509,2,1,2,Loaded,2498,2498,0,35923
201509,8,1,2,Loaded,243,243,0,4471
201509,5,1,2,Loaded,335,335,0,5604
201509,9,1,2,Loaded,267,267,0,5939
201509,6,2,2,Empty,1058,0,1058,0
201509,3,2,2,Empty,465,0,465,0
201509,1,2,2,Empty,174,0,174,0
201509,4,2,2,Empty,614,0,614,0
201509,2,2,2,Empty,346,0,346,0
201509,8,2,2,Empty,442,0,442,0
201509,5,2,2,Empty,449,0,449,0
201509,9,2,2,Empty,53,0,53,0
201509,6,2,2,Loaded,305,305,0,1996
201509,3,2,2,Loaded,40,40,0,218
201509,1,2,2,Loaded,47,47,0,399
201509,4,2,2,Loaded,8,8,0,89
201509,2,2,2,Loaded,156,156,0,886
201509,8,2,2,Loaded,2,2,0,23
201509,5,2,2,Loaded,20,20,0,40
201509,6,3,2,Empty,4634,0,4634,0
201509,3,3,2,Empty,1570,0,1570,0
201509,1,3,2,Empty,2,0,2,0
201509,4,3,2,Empty,484,0,484,0
201509,2,3,2,Empty,16,0,16,0
201509,8,3,2,Empty,340,0,340,0
201509,5,3,2,Empty,752,0,752,0
201509,9,3,2,Empty,552,0,552,0
201509,6,3,2,Loaded,9284,9284,0,60580
201509,3,3,2,Loaded,812,812,0,7064
201509,1,3,2,Loaded,1484,1484,0,9409
201509,4,3,2,Loaded,148,148,0,899
201509,2,3,2,Loaded,3464,3464,0,23539
201509,8,3,2,Loaded,334,334,0,2377
201509,5,3,2,Loaded,512,512,0,3805
201509,9,3,2,Loaded,174,174,0,1768
201509,6,4,2,Empty,1230,0,1230,0
201509,3,4,2,Empty,1436,0,1436,0
201509,1,4,2,Empty,10,0,10,0
201509,4,4,2,Empty,152,0,152,0
201509,2,4,2,Empty,214,0,214,0
201509,8,4,2,Empty,434,0,434,0
201509,5,4,2,Empty,284,0,284,0
201509,9,4,2,Empty,118,0,118,0
201509,6,4,2,Loaded,1242,1242,0,7350
201509,3,4,2,Loaded,188,188,0,1334
201509,1,4,2,Loaded,134,134,0,1077
201509,4,4,2,Loaded,12,12,0,81
201509,2,4,2,Loaded,346,346,0,2596
201509,8,4,2,Loaded,28,28,0,227
201509,5,4,2,Loaded,168,168,0,294
201509,7,1,1,Empty,2569,0,2569,0
201509,7,1,1,Loaded,3347,3347,0,54814
201509,7,2,1,Empty,280,0,280,0
201509,7,2,1,Loaded,667,667,0,9127
201509,7,3,1,Empty,2104,0,2104,0
201509,7,3,1,Loaded,6006,6006,0,57984
201509,7,4,1,Empty,352,0,352,0
201509,7,4,1,Loaded,1374,1374,0,13842
201509,7,1,2,Empty,113,0,113,0
201509,7,1,2,Loaded,10626,10626,0,138590
201509,7,2,2,Empty,531,0,531,0
201509,7,2,2,Loaded,752,752,0,5845
201509,7,3,2,Empty,106,0,106,0
201509,7,3,2,Loaded,16312,16312,0,105161
201509,7,4,2,Empty,286,0,286,0
201509,7,4,2,Loaded,3056,3056,0,26645
201508,6,1,1,Empty,1011,0,1011,0
201508,3,1,1,Empty,60,0,60,0
201508,1,1,1,Empty,697,0,697,0
201508,4,1,1,Empty,84,0,84,0
201508,2,1,1,Empty,596,0,596,0
201508,8,1,1,Empty,1,0,1,0
201508,5,1,1,Empty,150,0,150,0
201508,9,1,1,Empty,2,0,2,0
201508,6,1,1,Loaded,6247,6247,0,109727
201508,3,1,1,Loaded,1293,1293,0,24013
201508,1,1,1,Loaded,458,458,0,7338
201508,4,1,1,Loaded,232,232,0,4583
201508,2,1,1,Loaded,1801,1801,0,33600
201508,8,1,1,Loaded,284,284,0,4865
201508,5,1,1,Loaded,728,728,0,13416
201508,9,1,1,Loaded,313,313,0,7304
201508,6,2,1,Empty,7,0,7,0
201508,3,2,1,Empty,3,0,3,0
201508,1,2,1,Empty,1,0,1,0
201508,4,2,1,Empty,1,0,1,0
201508,2,2,1,Empty,4,0,4,0
201508,5,2,1,Empty,1,0,1,0
201508,6,2,1,Loaded,2467,2467,0,37444
201508,3,2,1,Loaded,429,429,0,5936
201508,1,2,1,Loaded,157,157,0,2054
201508,4,2,1,Loaded,285,285,0,4928
201508,2,2,1,Loaded,525,525,0,7907
201508,8,2,1,Loaded,237,237,0,3420
201508,5,2,1,Loaded,461,461,0,6425
201508,9,2,1,Loaded,9,9,0,136
201508,6,3,1,Empty,1072,0,1072,0
201508,3,3,1,Empty,56,0,56,0
201508,1,3,1,Empty,242,0,242,0
201508,4,3,1,Empty,8,0,8,0
201508,2,3,1,Empty,578,0,578,0
201508,5,3,1,Empty,28,0,28,0
201508,9,3,1,Empty,4,0,4,0
201508,6,3,1,Loaded,13568,13568,0,149143
201508,3,3,1,Loaded,3832,3832,0,46234
201508,1,3,1,Loaded,1124,1124,0,11913
201508,4,3,1,Loaded,944,944,0,11532
201508,2,3,1,Loaded,2878,2878,0,33225
201508,8,3,1,Loaded,248,248,0,3226
201508,5,3,1,Loaded,1386,1386,0,17194
201508,9,3,1,Loaded,454,454,0,5121
201508,6,4,1,Empty,52,0,52,0
201508,3,4,1,Empty,20,0,20,0
201508,1,4,1,Empty,8,0,8,0
201508,4,4,1,Empty,14,0,14,0
201508,2,4,1,Empty,14,0,14,0
201508,5,4,1,Empty,286,0,286,0
201508,6,4,1,Loaded,5220,5220,0,58494
201508,3,4,1,Loaded,1572,1572,0,18128
201508,1,4,1,Loaded,340,340,0,3771
201508,4,4,1,Loaded,294,294,0,3385
201508,2,4,1,Loaded,928,928,0,10602
201508,8,4,1,Loaded,330,330,0,3918
201508,5,4,1,Loaded,734,734,0,8959
201508,9,4,1,Loaded,26,26,0,318
201508,6,1,2,Empty,569,0,569,0
201508,3,1,2,Empty,43,0,43,0
201508,1,1,2,Empty,7,0,7,0
201508,4,1,2,Empty,49,0,49,0
201508,2,1,2,Empty,1,0,1,0
201508,8,1,2,Empty,89,0,89,0
201508,5,1,2,Empty,106,0,106,0
201508,9,1,2,Empty,141,0,141,0
201508,6,1,2,Loaded,4966,4966,0,79632
201508,3,1,2,Loaded,578,578,0,9292
201508,1,1,2,Loaded,1200,1200,0,18468
201508,4,1,2,Loaded,182,182,0,3085
201508,2,1,2,Loaded,2722,2722,0,38565
201508,8,1,2,Loaded,378,378,0,8192
201508,5,1,2,Loaded,383,383,0,6537
201508,9,1,2,Loaded,270,270,0,5834
201508,6,2,2,Empty,1425,0,1425,0
201508,3,2,2,Empty,269,0,269,0
201508,1,2,2,Empty,173,0,173,0
201508,4,2,2,Empty,298,0,298,0
201508,2,2,2,Empty,450,0,450,0
201508,8,2,2,Empty,459,0,459,0
201508,5,2,2,Empty,438,0,438,0
201508,9,2,2,Empty,18,0,18,0
201508,6,2,2,Loaded,257,257,0,1741
201508,3,2,2,Loaded,38,38,0,178
201508,1,2,2,Loaded,45,45,0,348
201508,4,2,2,Loaded,10,10,0,140
201508,2,2,2,Loaded,191,191,0,1278
201508,8,2,2,Loaded,1,1,0,17
201508,5,2,2,Loaded,19,19,0,25
201508,6,3,2,Empty,3858,0,3858,0
201508,3,3,2,Empty,1240,0,1240,0
201508,1,3,2,Empty,68,0,68,0
201508,4,3,2,Empty,434,0,434,0
201508,2,3,2,Empty,14,0,14,0
201508,5,3,2,Empty,900,0,900,0
201508,9,3,2,Empty,320,0,320,0
201508,6,3,2,Loaded,7472,7472,0,51606
201508,3,3,2,Loaded,600,600,0,4112
201508,1,3,2,Loaded,1392,1392,0,8540
201508,4,3,2,Loaded,140,140,0,925
201508,2,3,2,Loaded,3612,3612,0,23930
201508,8,3,2,Loaded,162,162,0,1011
201508,5,3,2,Loaded,344,344,0,2185
201508,9,3,2,Loaded,242,242,0,2639
201508,6,4,2,Empty,1764,0,1764,0
201508,3,4,2,Empty,776,0,776,0
201508,1,4,2,Empty,48,0,48,0
201508,4,4,2,Empty,100,0,100,0
201508,2,4,2,Empty,532,0,532,0
201508,8,4,2,Empty,422,0,422,0
201508,5,4,2,Empty,416,0,416,0
201508,9,4,2,Empty,22,0,22,0
201508,6,4,2,Loaded,958,958,0,6157
201508,3,4,2,Loaded,200,200,0,1438
201508,1,4,2,Loaded,154,154,0,1471
201508,4,4,2,Loaded,8,8,0,81
201508,2,4,2,Loaded,376,376,0,2809
201508,8,4,2,Loaded,22,22,0,217
201508,5,4,2,Loaded,250,250,0,504
201508,7,1,1,Empty,4130,0,4130,0
201508,7,1,1,Loaded,3192,3192,0,51843
201508,7,2,1,Empty,13,0,13,0
201508,7,2,1,Loaded,564,564,0,6976
201508,7,3,1,Empty,2642,0,2642,0
201508,7,3,1,Loaded,5508,5508,0,52519
201508,7,4,1,Empty,380,0,380,0
201508,7,4,1,Loaded,1294,1294,0,13620
201508,7,1,2,Empty,205,0,205,0
201508,7,1,2,Loaded,11436,11436,0,147184
201508,7,2,2,Empty,617,0,617,0
201508,7,2,2,Loaded,711,711,0,4919
201508,7,3,2,Empty,422,0,422,0
201508,7,3,2,Loaded,16992,16992,0,107088
201508,7,4,2,Empty,280,0,280,0
201508,7,4,2,Loaded,2664,2664,0,22276
201507,6,1,1,Empty,1509,0,1509,0
201507,3,1,1,Empty,186,0,186,0
201507,1,1,1,Empty,530,0,530,0
201507,4,1,1,Empty,10,0,10,0
201507,2,1,1,Empty,664,0,664,0
201507,8,1,1,Empty,80,0,80,0
201507,5,1,1,Empty,62,0,62,0
201507,9,1,1,Empty,3,0,3,0
201507,6,1,1,Loaded,6888,6888,0,117880
201507,3,1,1,Loaded,1381,1381,0,25627
201507,1,1,1,Loaded,512,512,0,8770
201507,4,1,1,Loaded,183,183,0,3524
201507,2,1,1,Loaded,1865,1865,0,33372
201507,8,1,1,Loaded,474,474,0,7978
201507,5,1,1,Loaded,1454,1454,0,26420
201507,9,1,1,Loaded,355,355,0,8332
201507,6,2,1,Empty,72,0,72,0
201507,3,2,1,Empty,2,0,2,0
201507,1,2,1,Empty,1,0,1,0
201507,2,2,1,Empty,12,0,12,0
201507,5,2,1,Empty,1,0,1,0
201507,6,2,1,Loaded,3053,3053,0,46741
201507,3,2,1,Loaded,539,539,0,7790
201507,1,2,1,Loaded,212,212,0,2862
201507,4,2,1,Loaded,197,197,0,3247
201507,2,2,1,Loaded,621,621,0,9615
201507,8,2,1,Loaded,239,239,0,3582
201507,5,2,1,Loaded,481,481,0,6953
201507,9,2,1,Loaded,24,24,0,367
201507,6,3,1,Empty,808,0,808,0
201507,3,3,1,Empty,48,0,48,0
201507,1,3,1,Empty,166,0,166,0
201507,4,3,1,Empty,10,0,10,0
201507,2,3,1,Empty,478,0,478,0
201507,8,3,1,Empty,4,0,4,0
201507,5,3,1,Empty,52,0,52,0
201507,9,3,1,Empty,12,0,12,0
201507,6,3,1,Loaded,15556,15556,0,176581
201507,3,3,1,Loaded,2928,2928,0,35159
201507,1,3,1,Loaded,1174,1174,0,12267
201507,4,3,1,Loaded,948,948,0,11681
201507,2,3,1,Loaded,3744,3744,0,44754
201507,8,3,1,Loaded,1524,1524,0,19919
201507,5,3,1,Loaded,2140,2140,0,26925
201507,9,3,1,Loaded,454,454,0,5175
201507,6,4,1,Empty,44,0,44,0
201507,3,4,1,Empty,36,0,36,0
201507,1,4,1,Empty,20,0,20,0
201507,4,4,1,Empty,26,0,26,0
201507,2,4,1,Empty,24,0,24,0
201507,5,4,1,Empty,122,0,122,0
201507,6,4,1,Loaded,6126,6126,0,69493
201507,3,4,1,Loaded,2996,2996,0,34555
201507,1,4,1,Loaded,438,438,0,4861
201507,4,4,1,Loaded,534,534,0,6178
201507,2,4,1,Loaded,724,724,0,8397
201507,8,4,1,Loaded,600,600,0,7398
201507,5,4,1,Loaded,846,846,0,10257
201507,9,4,1,Loaded,84,84,0,1040
201507,6,1,2,Empty,737,0,737,0
201507,3,1,2,Empty,302,0,302,0
201507,1,1,2,Empty,3,0,3,0
201507,4,1,2,Empty,61,0,61,0
201507,2,1,2,Empty,1,0,1,0
201507,8,1,2,Empty,118,0,118,0
201507,5,1,2,Empty,296,0,296,0
201507,9,1,2,Empty,172,0,172,0
201507,6,1,2,Loaded,5476,5476,0,88338
201507,3,1,2,Loaded,486,486,0,7763
201507,1,1,2,Loaded,1285,1285,0,19359
201507,4,1,2,Loaded,135,135,0,2541
201507,2,1,2,Loaded,2486,2486,0,37091
201507,8,1,2,Loaded,331,331,0,7006
201507,5,1,2,Loaded,309,309,0,5370
201507,9,1,2,Loaded,246,246,0,5417
201507,6,2,2,Empty,1413,0,1413,0
201507,3,2,2,Empty,629,0,629,0
201507,1,2,2,Empty,175,0,175,0
201507,4,2,2,Empty,259,0,259,0
201507,2,2,2,Empty,644,0,644,0
201507,8,2,2,Empty,313,0,313,0
201507,5,2,2,Empty,606,0,606,0
201507,9,2,2,Empty,23,0,23,0
201507,6,2,2,Loaded,362,362,0,2947
201507,3,2,2,Loaded,38,38,0,267
201507,1,2,2,Loaded,72,72,0,714
201507,4,2,2,Loaded,5,5,0,73
201507,2,2,2,Loaded,157,157,0,996
201507,8,2,2,Loaded,1,1,0,0
201507,5,2,2,Loaded,24,24,0,88
201507,6,3,2,Empty,4554,0,4554,0
201507,3,3,2,Empty,1168,0,1168,0
201507,1,3,2,Empty,40,0,40,0
201507,4,3,2,Empty,566,0,566,0
201507,2,3,2,Empty,14,0,14,0
201507,8,3,2,Empty,548,0,548,0
201507,5,3,2,Empty,1660,0,1660,0
201507,9,3,2,Empty,42,0,42,0
201507,6,3,2,Loaded,8432,8432,0,58496
201507,3,3,2,Loaded,556,556,0,3962
201507,1,3,2,Loaded,1546,1546,0,10559
201507,4,3,2,Loaded,276,276,0,1808
201507,2,3,2,Loaded,3138,3138,0,22216
201507,8,3,2,Loaded,160,160,0,1601
201507,5,3,2,Loaded,308,308,0,1959
201507,9,3,2,Loaded,24,24,0,145
201507,6,4,2,Empty,2490,0,2490,0
201507,3,4,2,Empty,1880,0,1880,0
201507,1,4,2,Empty,128,0,128,0
201507,4,4,2,Empty,88,0,88,0
201507,2,4,2,Empty,94,0,94,0
201507,8,4,2,Empty,730,0,730,0
201507,5,4,2,Empty,390,0,390,0
201507,6,4,2,Loaded,1252,1252,0,7142
201507,3,4,2,Loaded,210,210,0,1521
201507,1,4,2,Loaded,216,216,0,1653
201507,4,4,2,Loaded,24,24,0,281
201507,2,4,2,Loaded,314,314,0,2053
201507,8,4,2,Loaded,36,36,0,275
201507,5,4,2,Loaded,256,256,0,446
201507,7,1,1,Empty,3970,0,3970,0
201507,7,1,1,Loaded,3100,3100,0,49007
201507,7,2,1,Empty,67,0,67,0
201507,7,2,1,Loaded,745,745,0,9976
201507,7,3,1,Empty,1820,0,1820,0
201507,7,3,1,Loaded,5902,5902,0,57093
201507,7,4,1,Empty,232,0,232,0
201507,7,4,1,Loaded,1152,1152,0,12096
201507,7,1,2,Empty,85,0,85,0
201507,7,1,2,Loaded,10133,10133,0,134816
201507,7,2,2,Empty,711,0,711,0
201507,7,2,2,Loaded,591,591,0,4692
201507,7,3,2,Empty,54,0,54,0
201507,7,3,2,Loaded,14318,14318,0,92217
201507,7,4,2,Empty,58,0,58,0
201507,7,4,2,Loaded,2362,2362,0,19833
201506,6,1,1,Empty,821,0,821,0
201506,3,1,1,Empty,14,0,14,0
201506,1,1,1,Empty,264,0,264,0
201506,4,1,1,Empty,70,0,70,0
201506,2,1,1,Empty,347,0,347,0
201506,5,1,1,Empty,66,0,66,0
201506,9,1,1,Empty,1,0,1,0
201506,6,1,1,Loaded,5978,5978,0,104079
201506,3,1,1,Loaded,1384,1384,0,25920
201506,1,1,1,Loaded,502,502,0,8469
201506,4,1,1,Loaded,252,252,0,4866
201506,2,1,1,Loaded,2127,2127,0,38119
201506,8,1,1,Loaded,299,299,0,5265
201506,5,1,1,Loaded,924,924,0,16993
201506,9,1,1,Loaded,461,461,0,10606
201506,6,2,1,Empty,36,0,36,0
201506,3,2,1,Empty,1,0,1,0
201506,2,2,1,Empty,5,0,5,0
201506,5,2,1,Empty,1,0,1,0
201506,6,2,1,Loaded,2987,2987,0,46131
201506,3,2,1,Loaded,595,595,0,8790
201506,1,2,1,Loaded,190,190,0,2665
201506,4,2,1,Loaded,168,168,0,2669
201506,2,2,1,Loaded,874,874,0,13478
201506,8,2,1,Loaded,167,167,0,2343
201506,5,2,1,Loaded,731,731,0,10418
201506,9,2,1,Loaded,17,17,0,275
201506,6,3,1,Empty,604,0,604,0
201506,3,3,1,Empty,52,0,52,0
201506,1,3,1,Empty,312,0,312,0
201506,4,3,1,Empty,10,0,10,0
201506,2,3,1,Empty,702,0,702,0
201506,8,3,1,Empty,6,0,6,0
201506,5,3,1,Empty,166,0,166,0
201506,9,3,1,Empty,2,0,2,0
201506,6,3,1,Loaded,13244,13244,0,149697
201506,3,3,1,Loaded,3902,3902,0,47421
201506,1,3,1,Loaded,938,938,0,9456
201506,4,3,1,Loaded,948,948,0,11718
201506,2,3,1,Loaded,3534,3534,0,42465
201506,8,3,1,Loaded,694,694,0,9110
201506,5,3,1,Loaded,2682,2682,0,34528
201506,9,3,1,Loaded,398,398,0,4569
201506,6,4,1,Empty,60,0,60,0
201506,3,4,1,Empty,12,0,12,0
201506,1,4,1,Empty,8,0,8,0
201506,4,4,1,Empty,4,0,4,0
201506,2,4,1,Empty,18,0,18,0
201506,5,4,1,Empty,10,0,10,0
201506,6,4,1,Loaded,6400,6400,0,72532
201506,3,4,1,Loaded,4740,4740,0,54128
201506,1,4,1,Loaded,318,318,0,3612
201506,4,4,1,Loaded,1422,1422,0,16008
201506,2,4,1,Loaded,698,698,0,7840
201506,8,4,1,Loaded,604,604,0,7347
201506,5,4,1,Loaded,1082,1082,0,12979
201506,9,4,1,Loaded,74,74,0,934
201506,6,1,2,Empty,535,0,535,0
201506,3,1,2,Empty,15,0,15,0
201506,1,1,2,Empty,1,0,1,0
201506,4,1,2,Empty,5,0,5,0
201506,8,1,2,Empty,10,0,10,0
201506,9,1,2,Empty,305,0,305,0
201506,6,1,2,Loaded,4137,4137,0,64881
201506,3,1,2,Loaded,541,541,0,8262
201506,1,1,2,Loaded,969,969,0,14404
201506,4,1,2,Loaded,118,118,0,1836
201506,2,1,2,Loaded,2574,2574,0,39154
201506,8,1,2,Loaded,184,184,0,3158
201506,5,1,2,Loaded,358,358,0,5908
201506,9,1,2,Loaded,190,190,0,4056
201506,6,2,2,Empty,1040,0,1040,0
201506,3,2,2,Empty,395,0,395,0
201506,1,2,2,Empty,144,0,144,0
201506,4,2,2,Empty,146,0,146,0
201506,2,2,2,Empty,521,0,521,0
201506,8,2,2,Empty,206,0,206,0
201506,5,2,2,Empty,674,0,674,0
201506,9,2,2,Empty,48,0,48,0
201506,6,2,2,Loaded,311,311,0,2671
201506,3,2,2,Loaded,49,49,0,319
201506,1,2,2,Loaded,59,59,0,606
201506,4,2,2,Loaded,14,14,0,223
201506,2,2,2,Loaded,159,159,0,1209
201506,8,2,2,Loaded,9,9,0,125
201506,5,2,2,Loaded,19,19,0,46
201506,6,3,2,Empty,3734,0,3734,0
201506,3,3,2,Empty,1162,0,1162,0
201506,1,3,2,Empty,6,0,6,0
201506,4,3,2,Empty,824,0,824,0
201506,2,3,2,Empty,50,0,50,0
201506,5,3,2,Empty,610,0,610,0
201506,9,3,2,Empty,576,0,576,0
201506,6,3,2,Loaded,6556,6556,0,46039
201506,3,3,2,Loaded,532,532,0,3624
201506,1,3,2,Loaded,1352,1352,0,8722
201506,4,3,2,Loaded,162,162,0,1322
201506,2,3,2,Loaded,3330,3330,0,22832
201506,8,3,2,Loaded,130,130,0,871
201506,5,3,2,Loaded,510,510,0,4504
201506,9,3,2,Loaded,28,28,0,139
201506,6,4,2,Empty,3894,0,3894,0
201506,3,4,2,Empty,4058,0,4058,0
201506,1,4,2,Empty,228,0,228,0
201506,4,4,2,Empty,1264,0,1264,0
201506,2,4,2,Empty,540,0,540,0
201506,8,4,2,Empty,800,0,800,0
201506,5,4,2,Empty,1938,0,1938,0
201506,9,4,2,Empty,124,0,124,0
201506,6,4,2,Loaded,998,998,0,6476
201506,3,4,2,Loaded,226,226,0,1779
201506,1,4,2,Loaded,140,140,0,1283
201506,4,4,2,Loaded,14,14,0,107
201506,2,4,2,Loaded,352,352,0,2449
201506,8,4,2,Loaded,12,12,0,105
201506,5,4,2,Loaded,186,186,0,449
201506,7,1,1,Empty,3141,0,3141,0
201506,7,1,1,Loaded,3170,3170,0,50865
201506,7,2,1,Empty,4,0,4,0
201506,7,2,1,Loaded,781,781,0,10370
201506,7,3,1,Empty,2182,0,2182,0
201506,7,3,1,Loaded,5230,5230,0,49489
201506,7,4,1,Empty,100,0,100,0
201506,7,4,1,Loaded,1524,1524,0,16119
201506,7,1,2,Empty,81,0,81,0
201506,7,1,2,Loaded,10253,10253,0,135693
201506,7,2,2,Empty,671,0,671,0
201506,7,2,2,Loaded,639,639,0,5371
201506,7,3,2,Empty,2,0,2,0
201506,7,3,2,Loaded,14410,14410,0,94197
201506,7,4,2,Empty,390,0,390,0
201506,7,4,2,Loaded,2378,2378,0,20553
201505,6,1,1,Empty,1053,0,1053,0
201505,3,1,1,Empty,214,0,214,0
201505,1,1,1,Empty,358,0,358,0
201505,4,1,1,Empty,31,0,31,0
201505,2,1,1,Empty,497,0,497,0
201505,8,1,1,Empty,2,0,2,0
201505,5,1,1,Empty,85,0,85,0
201505,9,1,1,Empty,30,0,30,0
201505,6,1,1,Loaded,7135,7135,0,122086
201505,3,1,1,Loaded,1338,1338,0,24368
201505,1,1,1,Loaded,680,680,0,11732
201505,4,1,1,Loaded,177,177,0,2916
201505,2,1,1,Loaded,2509,2509,0,45948
201505,8,1,1,Loaded,641,641,0,10651
201505,5,1,1,Loaded,1018,1018,0,18733
201505,9,1,1,Loaded,468,468,0,10401
201505,6,2,1,Empty,35,0,35,0
201505,3,2,1,Empty,2,0,2,0
201505,1,2,1,Empty,2,0,2,0
201505,4,2,1,Empty,1,0,1,0
201505,2,2,1,Empty,3,0,3,0
201505,5,2,1,Empty,1,0,1,0
201505,6,2,1,Loaded,3449,3449,0,54313
201505,3,2,1,Loaded,574,574,0,8274
201505,1,2,1,Loaded,228,228,0,2991
201505,4,2,1,Loaded,91,91,0,1283
201505,2,2,1,Loaded,950,950,0,14574
201505,8,2,1,Loaded,302,302,0,4651
201505,5,2,1,Loaded,969,969,0,14493
201505,9,2,1,Loaded,20,20,0,287
201505,6,3,1,Empty,702,0,702,0
201505,3,3,1,Empty,38,0,38,0
201505,1,3,1,Empty,220,0,220,0
201505,4,3,1,Empty,12,0,12,0
201505,2,3,1,Empty,688,0,688,0
201505,8,3,1,Empty,14,0,14,0
201505,5,3,1,Empty,52,0,52,0
201505,9,3,1,Empty,16,0,16,0
201505,6,3,1,Loaded,14398,14398,0,162405
201505,3,3,1,Loaded,3166,3166,0,38685
201505,1,3,1,Loaded,1416,1416,0,15055
201505,4,3,1,Loaded,840,840,0,10545
201505,2,3,1,Loaded,3726,3726,0,45046
201505,8,3,1,Loaded,862,862,0,11373
201505,5,3,1,Loaded,2716,2716,0,34627
201505,9,3,1,Loaded,1152,1152,0,13884
201505,6,4,1,Empty,54,0,54,0
201505,3,4,1,Empty,24,0,24,0
201505,1,4,1,Empty,2,0,2,0
201505,4,4,1,Empty,36,0,36,0
201505,5,4,1,Empty,2,0,2,0
201505,6,4,1,Loaded,7520,7520,0,85153
201505,3,4,1,Loaded,6206,6206,0,71345
201505,1,4,1,Loaded,560,560,0,6341
201505,4,4,1,Loaded,1508,1508,0,16921
201505,2,4,1,Loaded,812,812,0,9153
201505,8,4,1,Loaded,668,668,0,7870
201505,5,4,1,Loaded,1602,1602,0,18958
201505,9,4,1,Loaded,156,156,0,1988
201505,6,1,2,Empty,909,0,909,0
201505,3,1,2,Empty,23,0,23,0
201505,4,1,2,Empty,3,0,3,0
201505,2,1,2,Empty,4,0,4,0
201505,8,1,2,Empty,113,0,113,0
201505,5,1,2,Empty,175,0,175,0
201505,9,1,2,Empty,277,0,277,0
201505,6,1,2,Loaded,3392,3392,0,53268
201505,3,1,2,Loaded,499,499,0,8185
201505,1,1,2,Loaded,1017,1017,0,15603
201505,4,1,2,Loaded,113,113,0,1756
201505,2,1,2,Loaded,2691,2691,0,41214
201505,8,1,2,Loaded,424,424,0,8726
201505,5,1,2,Loaded,643,643,0,11513
201505,9,1,2,Loaded,312,312,0,6660
201505,6,2,2,Empty,1545,0,1545,0
201505,3,2,2,Empty,367,0,367,0
201505,1,2,2,Empty,178,0,178,0
201505,4,2,2,Empty,106,0,106,0
201505,2,2,2,Empty,345,0,345,0
201505,8,2,2,Empty,255,0,255,0
201505,5,2,2,Empty,560,0,560,0
201505,9,2,2,Empty,51,0,51,0
201505,6,2,2,Loaded,212,212,0,1876
201505,3,2,2,Loaded,48,48,0,300
201505,1,2,2,Loaded,38,38,0,309
201505,4,2,2,Loaded,9,9,0,125
201505,2,2,2,Loaded,143,143,0,935
201505,8,2,2,Loaded,4,4,0,34
201505,5,2,2,Loaded,32,32,0,73
201505,6,3,2,Empty,2790,0,2790,0
201505,3,3,2,Empty,224,0,224,0
201505,1,3,2,Empty,78,0,78,0
201505,4,3,2,Empty,594,0,594,0
201505,2,3,2,Empty,80,0,80,0
201505,8,3,2,Empty,222,0,222,0
201505,5,3,2,Empty,474,0,474,0
201505,9,3,2,Empty,900,0,900,0
201505,6,3,2,Loaded,5438,5438,0,40105
201505,3,3,2,Loaded,670,670,0,5573
201505,1,3,2,Loaded,1266,1266,0,8665
201505,4,3,2,Loaded,160,160,0,1113
201505,2,3,2,Loaded,3334,3334,0,24055
201505,8,3,2,Loaded,172,172,0,1153
201505,5,3,2,Loaded,466,466,0,3727
201505,9,3,2,Loaded,132,132,0,860
201505,6,4,2,Empty,3166,0,3166,0
201505,3,4,2,Empty,3642,0,3642,0
201505,1,4,2,Empty,160,0,160,0
201505,4,4,2,Empty,1242,0,1242,0
201505,2,4,2,Empty,604,0,604,0
201505,8,4,2,Empty,1434,0,1434,0
201505,5,4,2,Empty,1682,0,1682,0
201505,9,4,2,Empty,172,0,172,0
201505,6,4,2,Loaded,598,598,0,5162
201505,3,4,2,Loaded,206,206,0,1702
201505,1,4,2,Loaded,212,212,0,1900
201505,4,4,2,Loaded,6,6,0,44
201505,2,4,2,Loaded,488,488,0,2966
201505,8,4,2,Loaded,18,18,0,134
201505,5,4,2,Loaded,224,224,0,402
201505,7,1,1,Empty,3614,0,3614,0
201505,7,1,1,Loaded,3139,3139,0,49939
201505,7,2,1,Empty,31,0,31,0
201505,7,2,1,Loaded,598,598,0,7772
201505,7,3,1,Empty,2700,0,2700,0
201505,7,3,1,Loaded,6330,6330,0,63995
201505,7,4,1,Empty,96,0,96,0
201505,7,4,1,Loaded,1886,1886,0,20727
201505,7,1,2,Empty,200,0,200,0
201505,7,1,2,Loaded,11674,11674,0,153329
201505,7,2,2,Empty,829,0,829,0
201505,7,2,2,Loaded,794,794,0,5935
201505,7,3,2,Loaded,16338,16338,0,104931
201505,7,4,2,Empty,678,0,678,0
201505,7,4,2,Loaded,3090,3090,0,22112
201504,6,1,1,Empty,504,0,504,0
201504,3,1,1,Empty,63,0,63,0
201504,1,1,1,Empty,178,0,178,0
201504,4,1,1,Empty,7,0,7,0
201504,2,1,1,Empty,493,0,493,0
201504,5,1,1,Empty,8,0,8,0
201504,9,1,1,Empty,41,0,41,0
201504,6,1,1,Loaded,6658,6658,0,114758
201504,3,1,1,Loaded,1566,1566,0,28510
201504,1,1,1,Loaded,442,442,0,7396
201504,4,1,1,Loaded,247,247,0,4707
201504,2,1,1,Loaded,1982,1982,0,36296
201504,8,1,1,Loaded,539,539,0,9532
201504,5,1,1,Loaded,859,859,0,15669
201504,9,1,1,Loaded,451,451,0,10436
201504,6,2,1,Empty,70,0,70,0
201504,2,2,1,Empty,1,0,1,0
201504,8,2,1,Empty,1,0,1,0
201504,6,2,1,Loaded,3353,3353,0,52296
201504,3,2,1,Loaded,522,522,0,7614
201504,1,2,1,Loaded,210,210,0,2935
201504,4,2,1,Loaded,116,116,0,1717
201504,2,2,1,Loaded,757,757,0,11766
201504,8,2,1,Loaded,315,315,0,5009
201504,5,2,1,Loaded,794,794,0,12153
201504,9,2,1,Loaded,25,25,0,378
201504,6,3,1,Empty,678,0,678,0
201504,3,3,1,Empty,104,0,104,0
201504,1,3,1,Empty,244,0,244,0
201504,4,3,1,Empty,4,0,4,0
201504,2,3,1,Empty,548,0,548,0
201504,5,3,1,Empty,92,0,92,0
201504,9,3,1,Empty,8,0,8,0
201504,6,3,1,Loaded,12422,12422,0,141219
201504,3,3,1,Loaded,3454,3454,0,43121
201504,1,3,1,Loaded,1098,1098,0,11450
201504,4,3,1,Loaded,924,924,0,11303
201504,2,3,1,Loaded,3822,3822,0,47070
201504,8,3,1,Loaded,898,898,0,11818
201504,5,3,1,Loaded,2072,2072,0,26711
201504,9,3,1,Loaded,768,768,0,8950
201504,6,4,1,Empty,42,0,42,0
201504,3,4,1,Empty,20,0,20,0
201504,1,4,1,Empty,4,0,4,0
201504,2,4,1,Empty,8,0,8,0
201504,5,4,1,Empty,10,0,10,0
201504,6,4,1,Loaded,5892,5892,0,68648
201504,3,4,1,Loaded,6528,6528,0,78966
201504,1,4,1,Loaded,476,476,0,5277
201504,4,4,1,Loaded,1376,1376,0,15533
201504,2,4,1,Loaded,982,982,0,11496
201504,8,4,1,Loaded,628,628,0,7475
201504,5,4,1,Loaded,1412,1412,0,16697
201504,9,4,1,Loaded,152,152,0,1886
201504,6,1,2,Empty,849,0,849,0
201504,3,1,2,Empty,250,0,250,0
201504,4,1,2,Empty,69,0,69,0
201504,2,1,2,Empty,7,0,7,0
201504,8,1,2,Empty,351,0,351,0
201504,5,1,2,Empty,380,0,380,0
201504,9,1,2,Empty,324,0,324,0
201504,6,1,2,Loaded,3587,3587,0,58156
201504,3,1,2,Loaded,424,424,0,7359
201504,1,1,2,Loaded,1032,1032,0,16618
201504,4,1,2,Loaded,93,93,0,1661
201504,2,1,2,Loaded,2217,2217,0,34009
201504,8,1,2,Loaded,208,208,0,3998
201504,5,1,2,Loaded,388,388,0,6703
201504,9,1,2,Loaded,238,238,0,5153
201504,6,2,2,Empty,2427,0,2427,0
201504,3,2,2,Empty,442,0,442,0
201504,1,2,2,Empty,213,0,213,0
201504,4,2,2,Empty,66,0,66,0
201504,2,2,2,Empty,724,0,724,0
201504,8,2,2,Empty,313,0,313,0
201504,5,2,2,Empty,639,0,639,0
201504,9,2,2,Empty,37,0,37,0
201504,6,2,2,Loaded,208,208,0,1659
201504,3,2,2,Loaded,35,35,0,256
201504,1,2,2,Loaded,66,66,0,562
201504,4,2,2,Loaded,10,10,0,184
201504,2,2,2,Loaded,144,144,0,932
201504,5,2,2,Loaded,40,40,0,35
201504,6,3,2,Empty,4238,0,4238,0
201504,3,3,2,Empty,628,0,628,0
201504,1,3,2,Empty,30,0,30,0
201504,4,3,2,Empty,666,0,666,0
201504,2,3,2,Empty,110,0,110,0
201504,8,3,2,Empty,548,0,548,0
201504,5,3,2,Empty,1460,0,1460,0
201504,9,3,2,Empty,522,0,522,0
201504,6,3,2,Loaded,5248,5248,0,39600
201504,3,3,2,Loaded,566,566,0,4544
201504,1,3,2,Loaded,1282,1282,0,9087
201504,4,3,2,Loaded,152,152,0,1156
201504,2,3,2,Loaded,3212,3212,0,23051
201504,8,3,2,Loaded,18,18,0,148
201504,5,3,2,Loaded,476,476,0,3585
201504,9,3,2,Loaded,56,56,0,524
201504,6,4,2,Empty,4072,0,4072,0
201504,3,4,2,Empty,3426,0,3426,0
201504,1,4,2,Empty,282,0,282,0
201504,4,4,2,Empty,1034,0,1034,0
201504,2,4,2,Empty,568,0,568,0
201504,8,4,2,Empty,642,0,642,0
201504,5,4,2,Empty,1038,0,1038,0
201504,9,4,2,Empty,228,0,228,0
201504,6,4,2,Loaded,652,652,0,5219
201504,3,4,2,Loaded,224,224,0,1777
201504,1,4,2,Loaded,140,140,0,1125
201504,4,4,2,Loaded,6,6,0,46
201504,2,4,2,Loaded,304,304,0,2098
201504,8,4,2,Loaded,20,20,0,207
201504,5,4,2,Loaded,200,200,0,429
201504,7,1,1,Empty,2438,0,2438,0
201504,7,1,1,Loaded,3006,3006,0,48594
201504,7,2,1,Empty,17,0,17,0
201504,7,2,1,Loaded,740,740,0,10383
201504,7,3,1,Empty,2026,0,2026,0
201504,7,3,1,Loaded,6456,6456,0,66281
201504,7,4,1,Empty,192,0,192,0
201504,7,4,1,Loaded,1696,1696,0,18834
201504,7,1,2,Empty,198,0,198,0
201504,7,1,2,Loaded,10164,10164,0,138442
201504,7,2,2,Empty,488,0,488,0
201504,7,2,2,Loaded,700,700,0,5662
201504,7,3,2,Empty,2,0,2,0
201504,7,3,2,Loaded,14722,14722,0,98841
201504,7,4,2,Empty,78,0,78,0
201504,7,4,2,Loaded,2908,2908,0,22618
201503,6,1,1,Empty,342,0,342,0
201503,3,1,1,Empty,40,0,40,0
201503,1,1,1,Empty,126,0,126,0
201503,4,1,1,Empty,72,0,72,0
201503,2,1,1,Empty,249,0,249,0
201503,5,1,1,Empty,13,0,13,0
201503,9,1,1,Empty,3,0,3,0
201503,6,1,1,Loaded,7478,7478,0,129235
201503,3,1,1,Loaded,1725,1725,0,32648
201503,1,1,1,Loaded,682,682,0,12001
201503,4,1,1,Loaded,322,322,0,6529
201503,2,1,1,Loaded,2194,2194,0,38615
201503,8,1,1,Loaded,623,623,0,10436
201503,5,1,1,Loaded,1002,1002,0,18231
201503,9,1,1,Loaded,435,435,0,9668
201503,6,2,1,Empty,31,0,31,0
201503,5,2,1,Empty,1,0,1,0
201503,6,2,1,Loaded,3632,3632,0,58019
201503,3,2,1,Loaded,810,810,0,11909
201503,1,2,1,Loaded,291,291,0,4142
201503,4,2,1,Loaded,130,130,0,1922
201503,2,2,1,Loaded,859,859,0,12949
201503,8,2,1,Loaded,436,436,0,7472
201503,5,2,1,Loaded,1086,1086,0,17167
201503,9,2,1,Loaded,45,45,0,734
201503,6,3,1,Empty,784,0,784,0
201503,3,3,1,Empty,70,0,70,0
201503,1,3,1,Empty,92,0,92,0
201503,4,3,1,Empty,18,0,18,0
201503,2,3,1,Empty,370,0,370,0
201503,8,3,1,Empty,14,0,14,0
201503,5,3,1,Empty,38,0,38,0
201503,9,3,1,Empty,44,0,44,0
201503,6,3,1,Loaded,14114,14114,0,161097
201503,3,3,1,Loaded,2822,2822,0,35024
201503,1,3,1,Loaded,1294,1294,0,13840
201503,4,3,1,Loaded,1202,1202,0,15066
201503,2,3,1,Loaded,5176,5176,0,64244
201503,8,3,1,Loaded,1264,1264,0,16546
201503,5,3,1,Loaded,3008,3008,0,38623
201503,9,3,1,Loaded,1242,1242,0,14909
201503,6,4,1,Empty,14,0,14,0
201503,3,4,1,Empty,6,0,6,0
201503,4,4,1,Empty,12,0,12,0
201503,5,4,1,Empty,2,0,2,0
201503,6,4,1,Loaded,3966,3966,0,47184
201503,3,4,1,Loaded,5804,5804,0,71862
201503,1,4,1,Loaded,814,814,0,9056
201503,4,4,1,Loaded,768,768,0,8702
201503,2,4,1,Loaded,1092,1092,0,12455
201503,8,4,1,Loaded,638,638,0,7333
201503,5,4,1,Loaded,1640,1640,0,19581
201503,9,4,1,Loaded,158,158,0,1932
201503,6,1,2,Empty,948,0,948,0
201503,3,1,2,Empty,13,0,13,0
201503,1,1,2,Empty,1,0,1,0
201503,4,1,2,Empty,62,0,62,0
201503,2,1,2,Empty,18,0,18,0
201503,8,1,2,Empty,280,0,280,0
201503,5,1,2,Empty,364,0,364,0
201503,9,1,2,Empty,275,0,275,0
201503,6,1,2,Loaded,3302,3302,0,54393
201503,3,1,2,Loaded,439,439,0,6938
201503,1,1,2,Loaded,1230,1230,0,19796
201503,4,1,2,Loaded,87,87,0,1280
201503,2,1,2,Loaded,2451,2451,0,37823
201503,8,1,2,Loaded,199,199,0,4573
201503,5,1,2,Loaded,399,399,0,7100
201503,9,1,2,Loaded,465,465,0,10425
201503,6,2,2,Empty,2775,0,2775,0
201503,3,2,2,Empty,671,0,671,0
201503,1,2,2,Empty,81,0,81,0
201503,4,2,2,Empty,159,0,159,0
201503,2,2,2,Empty,986,0,986,0
201503,8,2,2,Empty,416,0,416,0
201503,5,2,2,Empty,1932,0,1932,0
201503,9,2,2,Empty,48,0,48,0
201503,6,2,2,Loaded,175,175,0,1685
201503,3,2,2,Loaded,30,30,0,225
201503,1,2,2,Loaded,46,46,0,382
201503,4,2,2,Loaded,14,14,0,139
201503,2,2,2,Loaded,121,121,0,883
201503,8,2,2,Loaded,1,1,0,8
201503,5,2,2,Loaded,33,33,0,174
201503,6,3,2,Empty,2874,0,2874,0
201503,3,3,2,Empty,276,0,276,0
201503,4,3,2,Empty,320,0,320,0
201503,2,3,2,Empty,344,0,344,0
201503,8,3,2,Empty,648,0,648,0
201503,5,3,2,Empty,2450,0,2450,0
201503,9,3,2,Empty,1400,0,1400,0
201503,6,3,2,Loaded,4856,4856,0,37282
201503,3,3,2,Loaded,794,794,0,6538
201503,1,3,2,Loaded,1528,1528,0,10118
201503,4,3,2,Loaded,362,362,0,2082
201503,2,3,2,Loaded,3246,3246,0,22158
201503,8,3,2,Loaded,60,60,0,633
201503,5,3,2,Loaded,360,360,0,2208
201503,9,3,2,Loaded,310,310,0,3524
201503,6,4,2,Empty,2106,0,2106,0
201503,3,4,2,Empty,4764,0,4764,0
201503,1,4,2,Empty,362,0,362,0
201503,4,4,2,Empty,1158,0,1158,0
201503,2,4,2,Empty,1088,0,1088,0
201503,8,4,2,Empty,1190,0,1190,0
201503,5,4,2,Empty,2154,0,2154,0
201503,9,4,2,Empty,242,0,242,0
201503,6,4,2,Loaded,344,344,0,2669
201503,3,4,2,Loaded,202,202,0,1627
201503,1,4,2,Loaded,142,142,0,1168
201503,4,4,2,Loaded,216,216,0,127
201503,2,4,2,Loaded,336,336,0,2124
201503,8,4,2,Loaded,32,32,0,335
201503,5,4,2,Loaded,204,204,0,329
201503,7,1,1,Empty,2207,0,2207,0
201503,7,1,1,Loaded,3956,3956,0,64188
201503,7,2,1,Empty,81,0,81,0
201503,7,2,1,Loaded,1312,1312,0,18866
201503,7,3,1,Empty,1244,0,1244,0
201503,7,3,1,Loaded,8218,8218,0,83477
201503,7,4,1,Empty,130,0,130,0
201503,7,4,1,Loaded,2420,2420,0,27769
201503,7,1,2,Empty,60,0,60,0
201503,7,1,2,Loaded,10454,10454,0,142209
201503,7,2,2,Empty,1016,0,1016,0
201503,7,2,2,Loaded,729,729,0,6125
201503,7,3,2,Empty,216,0,216,0
201503,7,3,2,Loaded,16050,16050,0,108459
201503,7,4,2,Empty,248,0,248,0
201503,7,4,2,Loaded,3310,3310,0,25643
201502,6,1,1,Empty,513,0,513,0
201502,3,1,1,Empty,39,0,39,0
201502,1,1,1,Empty,388,0,388,0
201502,2,1,1,Empty,636,0,636,0
201502,8,1,1,Empty,94,0,94,0
201502,5,1,1,Empty,30,0,30,0
201502,9,1,1,Empty,5,0,5,0
201502,6,1,1,Loaded,6305,6305,0,110665
201502,3,1,1,Loaded,2061,2061,0,38667
201502,1,1,1,Loaded,456,456,0,7265
201502,4,1,1,Loaded,237,237,0,4444
201502,2,1,1,Loaded,2006,2006,0,35496
201502,8,1,1,Loaded,482,482,0,8287
201502,5,1,1,Loaded,1073,1073,0,19538
201502,9,1,1,Loaded,526,526,0,12500
201502,6,2,1,Empty,4,0,4,0
201502,3,2,1,Empty,1,0,1,0
201502,1,2,1,Empty,1,0,1,0
201502,2,2,1,Empty,1,0,1,0
201502,6,2,1,Loaded,2976,2976,0,47708
201502,3,2,1,Loaded,808,808,0,11968
201502,1,2,1,Loaded,218,218,0,3015
201502,4,2,1,Loaded,94,94,0,1381
201502,2,2,1,Loaded,774,774,0,11410
201502,8,2,1,Loaded,280,280,0,4452
201502,5,2,1,Loaded,808,808,0,12457
201502,9,2,1,Loaded,25,25,0,377
201502,6,3,1,Empty,790,0,790,0
201502,3,3,1,Empty,48,0,48,0
201502,1,3,1,Empty,116,0,116,0
201502,4,3,1,Empty,8,0,8,0
201502,2,3,1,Empty,516,0,516,0
201502,8,3,1,Empty,20,0,20,0
201502,5,3,1,Empty,30,0,30,0
201502,9,3,1,Empty,18,0,18,0
201502,6,3,1,Loaded,12220,12220,0,140245
201502,3,3,1,Loaded,2496,2496,0,30610
201502,1,3,1,Loaded,1082,1082,0,11498
201502,4,3,1,Loaded,588,588,0,7234
201502,2,3,1,Loaded,3924,3924,0,47952
201502,8,3,1,Loaded,826,826,0,10799
201502,5,3,1,Loaded,2824,2824,0,36311
201502,9,3,1,Loaded,978,978,0,11616
201502,6,4,1,Empty,2,0,2,0
201502,1,4,1,Empty,2,0,2,0
201502,4,4,1,Empty,2,0,2,0
201502,2,4,1,Empty,2,0,2,0
201502,8,4,1,Empty,2,0,2,0
201502,6,4,1,Loaded,2694,2694,0,32496
201502,3,4,1,Loaded,2898,2898,0,37582
201502,1,4,1,Loaded,410,410,0,4601
201502,4,4,1,Loaded,128,128,0,1502
201502,2,4,1,Loaded,1116,1116,0,12439
201502,8,4,1,Loaded,434,434,0,4681
201502,5,4,1,Loaded,1366,1366,0,16498
201502,9,4,1,Loaded,82,82,0,981
201502,6,1,2,Empty,869,0,869,0
201502,3,1,2,Empty,205,0,205,0
201502,4,1,2,Empty,64,0,64,0
201502,2,1,2,Empty,132,0,132,0
201502,8,1,2,Empty,198,0,198,0
201502,5,1,2,Empty,870,0,870,0
201502,9,1,2,Empty,226,0,226,0
201502,6,1,2,Loaded,2512,2512,0,43309
201502,3,1,2,Loaded,416,416,0,6038
201502,1,1,2,Loaded,1019,1019,0,15985
201502,4,1,2,Loaded,125,125,0,2017
201502,2,1,2,Loaded,2388,2388,0,36646
201502,8,1,2,Loaded,265,265,0,5432
201502,5,1,2,Loaded,361,361,0,6084
201502,9,1,2,Loaded,263,263,0,5265
201502,6,2,2,Empty,1458,0,1458,0
201502,3,2,2,Empty,935,0,935,0
201502,1,2,2,Empty,66,0,66,0
201502,4,2,2,Empty,115,0,115,0
201502,2,2,2,Empty,1031,0,1031,0
201502,8,2,2,Empty,270,0,270,0
201502,5,2,2,Empty,821,0,821,0
201502,6,2,2,Loaded,185,185,0,2073
201502,3,2,2,Loaded,32,32,0,148
201502,1,2,2,Loaded,38,38,0,252
201502,4,2,2,Loaded,3,3,0,51
201502,2,2,2,Loaded,122,122,0,877
201502,5,2,2,Loaded,42,42,0,220
201502,6,3,2,Empty,3364,0,3364,0
201502,3,3,2,Empty,592,0,592,0
201502,1,3,2,Empty,142,0,142,0
201502,4,3,2,Empty,498,0,498,0
201502,2,3,2,Empty,256,0,256,0
201502,8,3,2,Empty,222,0,222,0
201502,5,3,2,Empty,2896,0,2896,0
201502,9,3,2,Empty,520,0,520,0
201502,6,3,2,Loaded,3364,3364,0,24304
201502,3,3,2,Loaded,776,776,0,5768
201502,1,3,2,Loaded,1256,1256,0,8443
201502,4,3,2,Loaded,278,278,0,1531
201502,2,3,2,Loaded,2930,2930,0,20226
201502,8,3,2,Loaded,52,52,0,407
201502,5,3,2,Loaded,478,478,0,3458
201502,9,3,2,Loaded,172,172,0,1779
201502,6,4,2,Empty,1154,0,1154,0
201502,3,4,2,Empty,4520,0,4520,0
201502,1,4,2,Empty,116,0,116,0
201502,4,4,2,Empty,1050,0,1050,0
201502,2,4,2,Empty,780,0,780,0
201502,8,4,2,Empty,788,0,788,0
201502,5,4,2,Empty,938,0,938,0
201502,9,4,2,Empty,92,0,92,0
201502,6,4,2,Loaded,442,442,0,4254
201502,3,4,2,Loaded,234,234,0,1780
201502,1,4,2,Loaded,106,106,0,736
201502,4,4,2,Loaded,6,6,0,51
201502,2,4,2,Loaded,298,298,0,2026
201502,8,4,2,Loaded,10,10,0,84
201502,5,4,2,Loaded,206,206,0,357
201502,7,1,1,Empty,2615,0,2615,0
201502,7,1,1,Loaded,3255,3255,0,54083
201502,7,2,1,Empty,14,0,14,0
201502,7,2,1,Loaded,824,824,0,11149
201502,7,3,1,Empty,1770,0,1770,0
201502,7,3,1,Loaded,6516,6516,0,67908
201502,7,4,1,Empty,2,0,2,0
201502,7,4,1,Loaded,1924,1924,0,21637
201502,7,1,2,Empty,73,0,73,0
201502,7,1,2,Loaded,11314,11314,0,148071
201502,7,2,2,Empty,764,0,764,0
201502,7,2,2,Loaded,812,812,0,6122
201502,7,3,2,Empty,124,0,124,0
201502,7,3,2,Loaded,18114,18114,0,118164
201502,7,4,2,Empty,504,0,504,0
201502,7,4,2,Loaded,3336,3336,0,24899
201501,6,1,1,Empty,1699,0,1699,0
201501,3,1,1,Empty,101,0,101,0
201501,1,1,1,Empty,238,0,238,0
201501,4,1,1,Empty,12,0,12,0
201501,2,1,1,Empty,818,0,818,0
201501,8,1,1,Empty,51,0,51,0
201501,5,1,1,Empty,33,0,33,0
201501,9,1,1,Empty,22,0,22,0
201501,6,1,1,Loaded,6722,6722,0,117654
201501,3,1,1,Loaded,1301,1301,0,24933
201501,1,1,1,Loaded,464,464,0,7380
201501,4,1,1,Loaded,225,225,0,4280
201501,2,1,1,Loaded,1947,1947,0,33952
201501,8,1,1,Loaded,646,646,0,11188
201501,5,1,1,Loaded,999,999,0,18352
201501,9,1,1,Loaded,245,245,0,5498
201501,6,2,1,Empty,4,0,4,0
201501,3,2,1,Empty,1,0,1,0
201501,1,2,1,Empty,1,0,1,0
201501,2,2,1,Empty,3,0,3,0
201501,5,2,1,Empty,1,0,1,0
201501,6,2,1,Loaded,3219,3219,0,51974
201501,3,2,1,Loaded,915,915,0,13438
201501,1,2,1,Loaded,156,156,0,2243
201501,4,2,1,Loaded,77,77,0,1238
201501,2,2,1,Loaded,856,856,0,12966
201501,8,2,1,Loaded,304,304,0,5023
201501,5,2,1,Loaded,588,588,0,9315
201501,9,2,1,Loaded,9,9,0,131
201501,6,3,1,Empty,2254,0,2254,0
201501,3,3,1,Empty,68,0,68,0
201501,1,3,1,Empty,180,0,180,0
201501,4,3,1,Empty,2,0,2,0
201501,2,3,1,Empty,1270,0,1270,0
201501,8,3,1,Empty,22,0,22,0
201501,5,3,1,Empty,74,0,74,0
201501,9,3,1,Empty,30,0,30,0
201501,6,3,1,Loaded,11282,11282,0,131225
201501,3,3,1,Loaded,2520,2520,0,31295
201501,1,3,1,Loaded,954,954,0,10533
201501,4,3,1,Loaded,628,628,0,7824
201501,2,3,1,Loaded,4740,4740,0,59885
201501,8,3,1,Loaded,856,856,0,11155
201501,5,3,1,Loaded,2336,2336,0,30055
201501,9,3,1,Loaded,862,862,0,10703
201501,6,4,1,Empty,20,0,20,0
201501,3,4,1,Empty,2,0,2,0
201501,1,4,1,Empty,2,0,2,0
201501,6,4,1,Loaded,2596,2596,0,30937
201501,3,4,1,Loaded,1574,1574,0,20072
201501,1,4,1,Loaded,356,356,0,3959
201501,4,4,1,Loaded,130,130,0,1592
201501,2,4,1,Loaded,724,724,0,8008
201501,8,4,1,Loaded,712,712,0,8398
201501,5,4,1,Loaded,818,818,0,9721
201501,9,4,1,Loaded,18,18,0,210
201501,6,1,2,Empty,734,0,734,0
201501,3,1,2,Empty,112,0,112,0
201501,4,1,2,Empty,118,0,118,0
201501,2,1,2,Empty,79,0,79,0
201501,8,1,2,Empty,503,0,503,0
201501,5,1,2,Empty,577,0,577,0
201501,6,1,2,Loaded,3612,3612,0,60674
201501,3,1,2,Loaded,557,557,0,9313
201501,1,1,2,Loaded,1079,1079,0,16827
201501,4,1,2,Loaded,145,145,0,2543
201501,2,1,2,Loaded,2600,2600,0,38577
201501,8,1,2,Loaded,271,271,0,5545
201501,5,1,2,Loaded,460,460,0,8230
201501,9,1,2,Loaded,312,312,0,6313
201501,6,2,2,Empty,2446,0,2446,0
201501,3,2,2,Empty,1121,0,1121,0
201501,1,2,2,Empty,317,0,317,0
201501,4,2,2,Empty,109,0,109,0
201501,2,2,2,Empty,947,0,947,0
201501,8,2,2,Empty,464,0,464,0
201501,5,2,2,Empty,903,0,903,0
201501,9,2,2,Empty,52,0,52,0
201501,6,2,2,Loaded,122,122,0,849
201501,3,2,2,Loaded,33,33,0,330
201501,1,2,2,Loaded,52,52,0,542
201501,4,2,2,Loaded,5,5,0,29
201501,2,2,2,Loaded,145,145,0,1128
201501,5,2,2,Loaded,17,17,0,48
201501,6,3,2,Empty,2560,0,2560,0
201501,3,3,2,Empty,790,0,790,0
201501,1,3,2,Empty,118,0,118,0
201501,4,3,2,Empty,468,0,468,0
201501,2,3,2,Empty,912,0,912,0
201501,8,3,2,Empty,928,0,928,0
201501,5,3,2,Empty,1828,0,1828,0
201501,9,3,2,Empty,824,0,824,0
201501,6,3,2,Loaded,4606,4606,0,34502
201501,3,3,2,Loaded,724,724,0,5805
201501,1,3,2,Loaded,1318,1318,0,8414
201501,4,3,2,Loaded,128,128,0,598
201501,2,3,2,Loaded,3416,3416,0,23200
201501,8,3,2,Loaded,74,74,0,692
201501,5,3,2,Loaded,436,436,0,2841
201501,9,3,2,Loaded,350,350,0,3719
201501,6,4,2,Empty,2422,0,2422,0
201501,3,4,2,Empty,3812,0,3812,0
201501,1,4,2,Empty,398,0,398,0
201501,4,4,2,Empty,594,0,594,0
201501,2,4,2,Empty,508,0,508,0
201501,8,4,2,Empty,826,0,826,0
201501,5,4,2,Empty,1544,0,1544,0
201501,9,4,2,Empty,116,0,116,0
201501,6,4,2,Loaded,518,518,0,3443
201501,3,4,2,Loaded,204,204,0,1641
201501,1,4,2,Loaded,170,170,0,1067
201501,4,4,2,Loaded,16,16,0,116
201501,2,4,2,Loaded,390,390,0,2454
201501,8,4,2,Loaded,4,4,0,33
201501,5,4,2,Loaded,192,192,0,354
201501,7,1,1,Empty,3307,0,3307,0
201501,7,1,1,Loaded,2278,2278,0,35834
201501,7,2,1,Empty,30,0,30,0
201501,7,2,1,Loaded,623,623,0,8532
201501,7,3,1,Empty,2678,0,2678,0
201501,7,3,1,Loaded,4886,4886,0,49884
201501,7,4,1,Loaded,986,986,0,10061
201501,7,1,2,Empty,181,0,181,0
201501,7,1,2,Loaded,11784,11784,0,158254
201501,7,2,2,Empty,660,0,660,0
201501,7,2,2,Loaded,826,826,0,6850
201501,7,3,2,Empty,68,0,68,0
201501,7,3,2,Loaded,17472,17472,0,115858
201501,7,4,2,Empty,26,0,26,0
201501,7,4,2,Loaded,2820,2820,0,21905
201412,6,1,1,Empty,1993,0,1993,0
201412,3,1,1,Empty,7,0,7,0
201412,1,1,1,Empty,199,0,199,0
201412,2,1,1,Empty,894,0,894,0
201412,8,1,1,Empty,80,0,80,0
201412,5,1,1,Empty,5,0,5,0
201412,9,1,1,Empty,1,0,1,0
201412,6,1,1,Loaded,7243,7243,0,125833
201412,3,1,1,Loaded,1588,1588,0,28881
201412,1,1,1,Loaded,620,620,0,9903
201412,4,1,1,Loaded,263,263,0,5131
201412,2,1,1,Loaded,1867,1867,0,31979
201412,8,1,1,Loaded,722,722,0,12650
201412,5,1,1,Loaded,1553,1553,0,29807
201412,9,1,1,Loaded,163,163,0,3699
201412,6,2,1,Empty,2,0,2,0
201412,3,2,1,Empty,1,0,1,0
201412,2,2,1,Empty,1,0,1,0
201412,6,2,1,Loaded,3303,3303,0,52855
201412,3,2,1,Loaded,932,932,0,14127
201412,1,2,1,Loaded,263,263,0,3551
201412,4,2,1,Loaded,110,110,0,1746
201412,2,2,1,Loaded,767,767,0,11429
201412,8,2,1,Loaded,217,217,0,3567
201412,5,2,1,Loaded,647,647,0,10212
201412,9,2,1,Loaded,15,15,0,230
201412,6,3,1,Empty,1862,0,1862,0
201412,3,3,1,Empty,52,0,52,0
201412,1,3,1,Empty,76,0,76,0
201412,2,3,1,Empty,556,0,556,0
201412,8,3,1,Empty,4,0,4,0
201412,5,3,1,Empty,32,0,32,0
201412,9,3,1,Empty,10,0,10,0
201412,6,3,1,Loaded,14160,14160,0,165229
201412,3,3,1,Loaded,2900,2900,0,34803
201412,1,3,1,Loaded,1102,1102,0,11908
201412,4,3,1,Loaded,830,830,0,10375
201412,2,3,1,Loaded,6138,6138,0,76703
201412,8,3,1,Loaded,1110,1110,0,14598
201412,5,3,1,Loaded,3318,3318,0,42080
201412,9,3,1,Loaded,872,872,0,10504
201412,6,4,1,Empty,92,0,92,0
201412,3,4,1,Empty,2,0,2,0
201412,1,4,1,Empty,6,0,6,0
201412,4,4,1,Empty,16,0,16,0
201412,2,4,1,Empty,4,0,4,0
201412,5,4,1,Empty,6,0,6,0
201412,6,4,1,Loaded,2540,2540,0,29366
201412,3,4,1,Loaded,1346,1346,0,16087
201412,1,4,1,Loaded,610,610,0,6671
201412,4,4,1,Loaded,166,166,0,2066
201412,2,4,1,Loaded,912,912,0,9830
201412,8,4,1,Loaded,646,646,0,7856
201412,5,4,1,Loaded,888,888,0,10696
201412,9,4,1,Loaded,54,54,0,632
201412,6,1,2,Empty,1079,0,1079,0
201412,3,1,2,Empty,64,0,64,0
201412,1,1,2,Empty,6,0,6,0
201412,4,1,2,Empty,154,0,154,0
201412,2,1,2,Empty,53,0,53,0
201412,8,1,2,Empty,436,0,436,0
201412,5,1,2,Empty,831,0,831,0
201412,6,1,2,Loaded,3420,3420,0,53879
201412,3,1,2,Loaded,446,446,0,6445
201412,1,1,2,Loaded,1257,1257,0,18872
201412,4,1,2,Loaded,133,133,0,2372
201412,2,1,2,Loaded,2321,2321,0,33645
201412,8,1,2,Loaded,344,344,0,7209
201412,5,1,2,Loaded,561,561,0,10336
201412,9,1,2,Loaded,356,356,0,7818
201412,6,2,2,Empty,2070,0,2070,0
201412,3,2,2,Empty,1038,0,1038,0
201412,1,2,2,Empty,247,0,247,0
201412,4,2,2,Empty,128,0,128,0
201412,2,2,2,Empty,743,0,743,0
201412,8,2,2,Empty,291,0,291,0
201412,5,2,2,Empty,701,0,701,0
201412,9,2,2,Empty,32,0,32,0
201412,6,2,2,Loaded,191,191,0,1383
201412,3,2,2,Loaded,40,40,0,314
201412,1,2,2,Loaded,46,46,0,473
201412,4,2,2,Loaded,5,5,0,32
201412,2,2,2,Loaded,114,114,0,837
201412,8,2,2,Loaded,1,1,0,18
201412,5,2,2,Loaded,24,24,0,142
201412,6,3,2,Empty,7618,0,7618,0
201412,3,3,2,Empty,766,0,766,0
201412,1,3,2,Empty,132,0,132,0
201412,4,3,2,Empty,802,0,802,0
201412,2,3,2,Empty,1686,0,1686,0
201412,8,3,2,Empty,1620,0,1620,0
201412,5,3,2,Empty,3018,0,3018,0
201412,9,3,2,Empty,900,0,900,0
201412,6,3,2,Loaded,5286,5286,0,36410
201412,3,3,2,Loaded,622,622,0,4769
201412,1,3,2,Loaded,1504,1504,0,10500
201412,4,3,2,Loaded,270,270,0,1681
201412,2,3,2,Loaded,3052,3052,0,20817
201412,8,3,2,Loaded,38,38,0,275
201412,5,3,2,Loaded,490,490,0,3402
201412,9,3,2,Loaded,180,180,0,2064
201412,6,4,2,Empty,362,0,362,0
201412,3,4,2,Empty,1936,0,1936,0
201412,1,4,2,Empty,84,0,84,0
201412,2,4,2,Empty,190,0,190,0
201412,8,4,2,Empty,62,0,62,0
201412,5,4,2,Empty,370,0,370,0
201412,9,4,2,Empty,54,0,54,0
201412,6,4,2,Loaded,718,718,0,5537
201412,3,4,2,Loaded,280,280,0,1857
201412,1,4,2,Loaded,118,118,0,873
201412,4,4,2,Loaded,16,16,0,120
201412,2,4,2,Loaded,318,318,0,2187
201412,8,4,2,Loaded,30,30,0,334
201412,5,4,2,Loaded,198,198,0,371
201412,7,1,1,Empty,2411,0,2411,0
201412,7,1,1,Loaded,3004,3004,0,46736
201412,7,2,1,Empty,24,0,24,0
201412,7,2,1,Loaded,729,729,0,9624
201412,7,3,1,Empty,1694,0,1694,0
201412,7,3,1,Loaded,7036,7036,0,70974
201412,7,4,1,Empty,4,0,4,0
201412,7,4,1,Loaded,1112,1112,0,11258
201412,7,1,2,Empty,129,0,129,0
201412,7,1,2,Loaded,11290,11290,0,147015
201412,7,2,2,Empty,760,0,760,0
201412,7,2,2,Loaded,790,790,0,6343
201412,7,3,2,Empty,250,0,250,0
201412,7,3,2,Loaded,16918,16918,0,111169
201412,7,4,2,Empty,264,0,264,0
201412,7,4,2,Loaded,2976,2976,0,24534
201411,6,1,1,Empty,2627,0,2627,0
201411,3,1,1,Empty,133,0,133,0
201411,1,1,1,Empty,418,0,418,0
201411,4,1,1,Empty,50,0,50,0
201411,2,1,1,Empty,1062,0,1062,0
201411,8,1,1,Empty,1,0,1,0
201411,5,1,1,Empty,30,0,30,0
201411,9,1,1,Empty,112,0,112,0
201411,6,1,1,Loaded,6353,6353,0,109828
201411,3,1,1,Loaded,1404,1404,0,26351
201411,1,1,1,Loaded,525,525,0,8209
201411,4,1,1,Loaded,167,167,0,3166
201411,2,1,1,Loaded,1950,1950,0,34011
201411,8,1,1,Loaded,710,710,0,12196
201411,5,1,1,Loaded,1191,1191,0,22001
201411,9,1,1,Loaded,386,386,0,9003
201411,6,2,1,Empty,8,0,8,0
201411,3,2,1,Empty,4,0,4,0
201411,2,2,1,Empty,47,0,47,0
201411,5,2,1,Empty,2,0,2,0
201411,6,2,1,Loaded,2640,2640,0,41827
201411,3,2,1,Loaded,866,866,0,13090
201411,1,2,1,Loaded,99,99,0,1140
201411,4,2,1,Loaded,108,108,0,1732
201411,2,2,1,Loaded,888,888,0,13858
201411,8,2,1,Loaded,170,170,0,2449
201411,5,2,1,Loaded,385,385,0,5980
201411,9,2,1,Loaded,11,11,0,165
201411,6,3,1,Empty,2014,0,2014,0
201411,3,3,1,Empty,100,0,100,0
201411,1,3,1,Empty,164,0,164,0
201411,2,3,1,Empty,1286,0,1286,0
201411,8,3,1,Empty,18,0,18,0
201411,5,3,1,Empty,94,0,94,0
201411,9,3,1,Empty,16,0,16,0
201411,6,3,1,Loaded,12524,12524,0,141225
201411,3,3,1,Loaded,2562,2562,0,31349
201411,1,3,1,Loaded,1278,1278,0,13740
201411,4,3,1,Loaded,580,580,0,7051
201411,2,3,1,Loaded,6174,6174,0,77203
201411,8,3,1,Loaded,1042,1042,0,13473
201411,5,3,1,Loaded,2588,2588,0,32927
201411,9,3,1,Loaded,1238,1238,0,14709
201411,6,4,1,Empty,290,0,290,0
201411,3,4,1,Empty,20,0,20,0
201411,1,4,1,Empty,68,0,68,0
201411,2,4,1,Empty,8,0,8,0
201411,5,4,1,Empty,2,0,2,0
201411,6,4,1,Loaded,2114,2114,0,24112
201411,3,4,1,Loaded,1362,1362,0,16634
201411,1,4,1,Loaded,278,278,0,3049
201411,4,4,1,Loaded,100,100,0,1224
201411,2,4,1,Loaded,818,818,0,8964
201411,8,4,1,Loaded,340,340,0,3817
201411,5,4,1,Loaded,354,354,0,4565
201411,9,4,1,Loaded,32,32,0,387
201411,6,1,2,Empty,425,0,425,0
201411,3,1,2,Empty,184,0,184,0
201411,4,1,2,Empty,33,0,33,0
201411,2,1,2,Empty,59,0,59,0
201411,8,1,2,Empty,45,0,45,0
201411,5,1,2,Empty,57,0,57,0
201411,6,1,2,Loaded,4280,4280,0,69210
201411,3,1,2,Loaded,632,632,0,10724
201411,1,1,2,Loaded,1250,1250,0,18837
201411,4,1,2,Loaded,131,131,0,2110
201411,2,1,2,Loaded,2728,2728,0,41197
201411,8,1,2,Loaded,371,371,0,7553
201411,5,1,2,Loaded,367,367,0,6652
201411,9,1,2,Loaded,596,596,0,12995
201411,6,2,2,Empty,1491,0,1491,0
201411,3,2,2,Empty,971,0,971,0
201411,1,2,2,Empty,49,0,49,0
201411,4,2,2,Empty,129,0,129,0
201411,2,2,2,Empty,632,0,632,0
201411,8,2,2,Empty,206,0,206,0
201411,5,2,2,Empty,852,0,852,0
201411,9,2,2,Empty,41,0,41,0
201411,6,2,2,Loaded,223,223,0,1626
201411,3,2,2,Loaded,37,37,0,319
201411,1,2,2,Loaded,52,52,0,437
201411,4,2,2,Loaded,5,5,0,39
201411,2,2,2,Loaded,146,146,0,1050
201411,8,2,2,Loaded,1,1,0,4
201411,5,2,2,Loaded,21,21,0,95
201411,6,3,2,Empty,3628,0,3628,0
201411,3,3,2,Empty,1368,0,1368,0
201411,1,3,2,Empty,130,0,130,0
201411,4,3,2,Empty,396,0,396,0
201411,2,3,2,Empty,1464,0,1464,0
201411,8,3,2,Empty,898,0,898,0
201411,5,3,2,Empty,2812,0,2812,0
201411,9,3,2,Empty,1106,0,1106,0
201411,6,3,2,Loaded,6416,6416,0,44477
201411,3,3,2,Loaded,688,688,0,5750
201411,1,3,2,Loaded,1438,1438,0,9035
201411,4,3,2,Loaded,164,164,0,945
201411,2,3,2,Loaded,3700,3700,0,24630
201411,8,3,2,Loaded,34,34,0,303
201411,5,3,2,Loaded,416,416,0,2957
201411,9,3,2,Loaded,214,214,0,2312
201411,6,4,2,Empty,678,0,678,0
201411,3,4,2,Empty,886,0,886,0
201411,4,4,2,Empty,180,0,180,0
201411,2,4,2,Empty,134,0,134,0
201411,8,4,2,Empty,456,0,456,0
201411,5,4,2,Empty,258,0,258,0
201411,9,4,2,Empty,56,0,56,0
201411,6,4,2,Loaded,856,856,0,6076
201411,3,4,2,Loaded,178,178,0,1495
201411,1,4,2,Loaded,106,106,0,656
201411,4,4,2,Loaded,18,18,0,133
201411,2,4,2,Loaded,436,436,0,2760
201411,8,4,2,Loaded,20,20,0,172
201411,5,4,2,Loaded,264,264,0,791
201411,7,1,1,Empty,3221,0,3221,0
201411,7,1,1,Loaded,3631,3631,0,59536
201411,7,2,1,Empty,37,0,37,0
201411,7,2,1,Loaded,652,652,0,8476
201411,7,3,1,Empty,2324,0,2324,0
201411,7,3,1,Loaded,7852,7852,0,80903
201411,7,4,1,Empty,2,0,2,0
201411,7,4,1,Loaded,1256,1256,0,12879
201411,7,1,2,Empty,52,0,52,0
201411,7,1,2,Loaded,12665,12665,0,172984
201411,7,2,2,Empty,548,0,548,0
201411,7,2,2,Loaded,821,821,0,7005
201411,7,3,2,Empty,424,0,424,0
201411,7,3,2,Loaded,19228,19228,0,126703
201411,7,4,2,Empty,316,0,316,0
201411,7,4,2,Loaded,3140,3140,0,25512
201410,6,1,1,Empty,2070,0,2070,0
201410,3,1,1,Empty,26,0,26,0
201410,1,1,1,Empty,638,0,638,0
201410,4,1,1,Empty,57,0,57,0
201410,2,1,1,Empty,1022,0,1022,0
201410,8,1,1,Empty,82,0,82,0
201410,5,1,1,Empty,82,0,82,0
201410,9,1,1,Empty,5,0,5,0
201410,6,1,1,Loaded,7119,7119,0,121470
201410,3,1,1,Loaded,1381,1381,0,25625
201410,1,1,1,Loaded,455,455,0,6678
201410,4,1,1,Loaded,190,190,0,3797
201410,2,1,1,Loaded,2159,2159,0,37478
201410,8,1,1,Loaded,599,599,0,10247
201410,5,1,1,Loaded,838,838,0,15800
201410,9,1,1,Loaded,213,213,0,4776
201410,6,2,1,Empty,5,0,5,0
201410,3,2,1,Empty,1,0,1,0
201410,2,2,1,Empty,5,0,5,0
201410,5,2,1,Empty,1,0,1,0
201410,6,2,1,Loaded,2593,2593,0,40400
201410,3,2,1,Loaded,786,786,0,11498
201410,1,2,1,Loaded,131,131,0,1570
201410,4,2,1,Loaded,145,145,0,2370
201410,2,2,1,Loaded,878,878,0,14050
201410,8,2,1,Loaded,198,198,0,3116
201410,5,2,1,Loaded,414,414,0,6371
201410,9,2,1,Loaded,14,14,0,212
201410,6,3,1,Empty,2258,0,2258,0
201410,3,3,1,Empty,164,0,164,0
201410,1,3,1,Empty,244,0,244,0
201410,4,3,1,Empty,8,0,8,0
201410,2,3,1,Empty,1714,0,1714,0
201410,8,3,1,Empty,12,0,12,0
201410,5,3,1,Empty,22,0,22,0
201410,9,3,1,Empty,30,0,30,0
201410,6,3,1,Loaded,12166,12166,0,137126
201410,3,3,1,Loaded,1678,1678,0,19150
201410,1,3,1,Loaded,1096,1096,0,11836
201410,4,3,1,Loaded,668,668,0,8316
201410,2,3,1,Loaded,4230,4230,0,51401
201410,8,3,1,Loaded,1590,1590,0,20272
201410,5,3,1,Loaded,2698,2698,0,34350
201410,9,3,1,Loaded,514,514,0,5909
201410,6,4,1,Empty,204,0,204,0
201410,3,4,1,Empty,28,0,28,0
201410,2,4,1,Empty,76,0,76,0
201410,5,4,1,Empty,2,0,2,0
201410,6,4,1,Loaded,3698,3698,0,42659
201410,3,4,1,Loaded,894,894,0,10765
201410,1,4,1,Loaded,238,238,0,2617
201410,4,4,1,Loaded,112,112,0,1286
201410,2,4,1,Loaded,962,962,0,10364
201410,8,4,1,Loaded,382,382,0,4398
201410,5,4,1,Loaded,388,388,0,4741
201410,9,4,1,Loaded,14,14,0,150
201410,6,1,2,Empty,559,0,559,0
201410,3,1,2,Empty,267,0,267,0
201410,1,1,2,Empty,7,0,7,0
201410,4,1,2,Empty,166,0,166,0
201410,2,1,2,Empty,14,0,14,0
201410,8,1,2,Empty,100,0,100,0
201410,5,1,2,Empty,189,0,189,0
201410,6,1,2,Loaded,5543,5543,0,87160
201410,3,1,2,Loaded,549,549,0,8477
201410,1,1,2,Loaded,1323,1323,0,20198
201410,4,1,2,Loaded,184,184,0,3403
201410,2,1,2,Loaded,3202,3202,0,49320
201410,8,1,2,Loaded,293,293,0,6087
201410,5,1,2,Loaded,493,493,0,8626
201410,9,1,2,Loaded,352,352,0,7077
201410,6,2,2,Empty,1475,0,1475,0
201410,3,2,2,Empty,635,0,635,0
201410,1,2,2,Empty,51,0,51,0
201410,4,2,2,Empty,320,0,320,0
201410,2,2,2,Empty,844,0,844,0
201410,8,2,2,Empty,244,0,244,0
201410,5,2,2,Empty,564,0,564,0
201410,9,2,2,Empty,21,0,21,0
201410,6,2,2,Loaded,324,324,0,2763
201410,3,2,2,Loaded,45,45,0,317
201410,1,2,2,Loaded,45,45,0,392
201410,4,2,2,Loaded,2,2,0,14
201410,2,2,2,Loaded,147,147,0,998
201410,8,2,2,Loaded,4,4,0,48
201410,5,2,2,Loaded,21,21,0,127
201410,6,3,2,Empty,3262,0,3262,0
201410,3,3,2,Empty,488,0,488,0
201410,1,3,2,Empty,246,0,246,0
201410,4,3,2,Empty,864,0,864,0
201410,8,3,2,Empty,914,0,914,0
201410,5,3,2,Empty,1432,0,1432,0
201410,9,3,2,Empty,538,0,538,0
201410,6,3,2,Loaded,7820,7820,0,53875
201410,3,3,2,Loaded,598,598,0,4558
201410,1,3,2,Loaded,1356,1356,0,8726
201410,4,3,2,Loaded,306,306,0,1839
201410,2,3,2,Loaded,3728,3728,0,25828
201410,8,3,2,Loaded,50,50,0,346
201410,5,3,2,Loaded,354,354,0,2199
201410,9,3,2,Loaded,106,106,0,1059
201410,6,4,2,Empty,1078,0,1078,0
201410,3,4,2,Empty,456,0,456,0
201410,1,4,2,Empty,62,0,62,0
201410,4,4,2,Empty,344,0,344,0
201410,2,4,2,Empty,526,0,526,0
201410,8,4,2,Empty,246,0,246,0
201410,5,4,2,Empty,312,0,312,0
201410,9,4,2,Empty,6,0,6,0
201410,6,4,2,Loaded,1136,1136,0,7906
201410,3,4,2,Loaded,144,144,0,1225
201410,1,4,2,Loaded,78,78,0,660
201410,4,4,2,Loaded,12,12,0,95
201410,2,4,2,Loaded,356,356,0,2768
201410,8,4,2,Loaded,8,8,0,85
201410,5,4,2,Loaded,206,206,0,427
201410,7,1,1,Empty,2849,0,2849,0
201410,7,1,1,Loaded,3342,3342,0,55143
201410,7,2,1,Empty,7,0,7,0
201410,7,2,1,Loaded,512,512,0,6534
201410,7,3,1,Empty,3244,0,3244,0
201410,7,3,1,Loaded,6878,6878,0,70560
201410,7,4,1,Empty,32,0,32,0
201410,7,4,1,Loaded,992,992,0,10030
201410,7,1,2,Empty,109,0,109,0
201410,7,1,2,Loaded,11276,11276,0,151718
201410,7,2,2,Empty,320,0,320,0
201410,7,2,2,Loaded,813,813,0,6875
201410,7,3,2,Empty,376,0,376,0
201410,7,3,2,Loaded,17184,17184,0,111799
201410,7,4,2,Empty,88,0,88,0
201410,7,4,2,Loaded,2726,2726,0,21028
201409,6,1,1,Empty,1736,0,1736,0
201409,3,1,1,Empty,66,0,66,0
201409,1,1,1,Empty,607,0,607,0
201409,4,1,1,Empty,10,0,10,0
201409,2,1,1,Empty,1047,0,1047,0
201409,8,1,1,Empty,95,0,95,0
201409,5,1,1,Empty,16,0,16,0
201409,9,1,1,Empty,22,0,22,0
201409,6,1,1,Loaded,5877,5877,0,102574
201409,3,1,1,Loaded,1203,1203,0,22350
201409,1,1,1,Loaded,468,468,0,6809
201409,4,1,1,Loaded,210,210,0,4305
201409,2,1,1,Loaded,1655,1655,0,30085
201409,8,1,1,Loaded,546,546,0,9494
201409,5,1,1,Loaded,760,760,0,14140
201409,9,1,1,Loaded,253,253,0,5727
201409,6,2,1,Empty,30,0,30,0
201409,3,2,1,Empty,2,0,2,0
201409,1,2,1,Empty,4,0,4,0
201409,4,2,1,Empty,1,0,1,0
201409,2,2,1,Empty,11,0,11,0
201409,5,2,1,Empty,4,0,4,0
201409,6,2,1,Loaded,2053,2053,0,31441
201409,3,2,1,Loaded,569,569,0,8474
201409,1,2,1,Loaded,131,131,0,1492
201409,4,2,1,Loaded,208,208,0,3605
201409,2,2,1,Loaded,871,871,0,13767
201409,8,2,1,Loaded,227,227,0,3762
201409,5,2,1,Loaded,463,463,0,7157
201409,9,2,1,Loaded,23,23,0,368
201409,6,3,1,Empty,2508,0,2508,0
201409,3,3,1,Empty,142,0,142,0
201409,1,3,1,Empty,194,0,194,0
201409,4,3,1,Empty,6,0,6,0
201409,2,3,1,Empty,1572,0,1572,0
201409,8,3,1,Empty,62,0,62,0
201409,5,3,1,Empty,50,0,50,0
201409,9,3,1,Empty,12,0,12,0
201409,6,3,1,Loaded,11942,11942,0,136496
201409,3,3,1,Loaded,1250,1250,0,14348
201409,1,3,1,Loaded,1124,1124,0,11786
201409,4,3,1,Loaded,528,528,0,6537
201409,2,3,1,Loaded,2348,2348,0,27264
201409,8,3,1,Loaded,260,260,0,3400
201409,5,3,1,Loaded,1802,1802,0,22382
201409,9,3,1,Loaded,486,486,0,5293
201409,6,4,1,Empty,136,0,136,0
201409,3,4,1,Empty,12,0,12,0
201409,1,4,1,Empty,118,0,118,0
201409,4,4,1,Empty,74,0,74,0
201409,2,4,1,Empty,180,0,180,0
201409,5,4,1,Empty,266,0,266,0
201409,6,4,1,Loaded,3268,3268,0,37045
201409,3,4,1,Loaded,884,884,0,10340
201409,1,4,1,Loaded,294,294,0,3178
201409,4,4,1,Loaded,156,156,0,1774
201409,2,4,1,Loaded,854,854,0,9390
201409,8,4,1,Loaded,446,446,0,5121
201409,5,4,1,Loaded,612,612,0,7413
201409,9,4,1,Loaded,16,16,0,196
201409,6,1,2,Empty,422,0,422,0
201409,3,1,2,Empty,301,0,301,0
201409,1,1,2,Empty,3,0,3,0
201409,4,1,2,Empty,40,0,40,0
201409,8,1,2,Empty,241,0,241,0
201409,5,1,2,Empty,179,0,179,0
201409,9,1,2,Empty,31,0,31,0
201409,6,1,2,Loaded,5229,5229,0,81401
201409,3,1,2,Loaded,551,551,0,8523
201409,1,1,2,Loaded,1340,1340,0,20649
201409,4,1,2,Loaded,187,187,0,3229
201409,2,1,2,Loaded,3006,3006,0,46805
201409,8,1,2,Loaded,660,660,0,14226
201409,5,1,2,Loaded,475,475,0,8411
201409,9,1,2,Loaded,402,402,0,8772
201409,6,2,2,Empty,657,0,657,0
201409,3,2,2,Empty,359,0,359,0
201409,1,2,2,Empty,23,0,23,0
201409,4,2,2,Empty,226,0,226,0
201409,2,2,2,Empty,546,0,546,0
201409,8,2,2,Empty,315,0,315,0
201409,5,2,2,Empty,335,0,335,0
201409,9,2,2,Empty,31,0,31,0
201409,6,2,2,Loaded,375,375,0,3145
201409,3,2,2,Loaded,33,33,0,322
201409,1,2,2,Loaded,82,82,0,858
201409,2,2,2,Loaded,188,188,0,1415
201409,8,2,2,Loaded,6,6,0,10
201409,5,2,2,Loaded,38,38,0,231
201409,6,3,2,Empty,2514,0,2514,0
201409,3,3,2,Empty,280,0,280,0
201409,4,3,2,Empty,308,0,308,0
201409,8,3,2,Empty,160,0,160,0
201409,5,3,2,Empty,270,0,270,0
201409,9,3,2,Empty,548,0,548,0
201409,6,3,2,Loaded,7844,7844,0,52165
201409,3,3,2,Loaded,632,632,0,4643
201409,1,3,2,Loaded,1766,1766,0,11853
201409,4,3,2,Loaded,246,246,0,1385
201409,2,3,2,Loaded,3706,3706,0,25953
201409,8,3,2,Loaded,62,62,0,518
201409,5,3,2,Loaded,558,558,0,4258
201409,9,3,2,Loaded,222,222,0,2360
201409,6,4,2,Empty,1726,0,1726,0
201409,3,4,2,Empty,594,0,594,0
201409,1,4,2,Empty,68,0,68,0
201409,4,4,2,Empty,126,0,126,0
201409,2,4,2,Empty,240,0,240,0
201409,8,4,2,Empty,836,0,836,0
201409,5,4,2,Empty,90,0,90,0
201409,9,4,2,Empty,6,0,6,0
201409,6,4,2,Loaded,1264,1264,0,7455
201409,3,4,2,Loaded,230,230,0,2029
201409,1,4,2,Loaded,168,168,0,1130
201409,4,4,2,Loaded,6,6,0,38
201409,2,4,2,Loaded,362,362,0,2723
201409,8,4,2,Loaded,36,36,0,264
201409,5,4,2,Loaded,172,172,0,559
201409,7,1,1,Empty,3266,0,3266,0
201409,7,1,1,Loaded,4266,4266,0,70944
201409,7,2,1,Empty,175,0,175,0
201409,7,2,1,Loaded,1041,1041,0,14439
201409,7,3,1,Empty,2386,0,2386,0
201409,7,3,1,Loaded,7726,7726,0,77627
201409,7,4,1,Empty,456,0,456,0
201409,7,4,1,Loaded,1490,1490,0,16135
201409,7,1,2,Empty,3,0,3,0
201409,7,1,2,Loaded,12231,12231,0,160105
201409,7,2,2,Empty,285,0,285,0
201409,7,2,2,Loaded,802,802,0,5852
201409,7,3,2,Empty,568,0,568,0
201409,7,3,2,Loaded,19014,19014,0,124479
201409,7,4,2,Empty,320,0,320,0
201409,7,4,2,Loaded,2816,2816,0,22766
201408,6,1,1,Empty,2675,0,2675,0
201408,3,1,1,Empty,33,0,33,0
201408,1,1,1,Empty,254,0,254,0
201408,4,1,1,Empty,26,0,26,0
201408,2,1,1,Empty,811,0,811,0
201408,8,1,1,Empty,143,0,143,0
201408,5,1,1,Empty,52,0,52,0
201408,9,1,1,Empty,88,0,88,0
201408,6,1,1,Loaded,6476,6476,0,112110
201408,3,1,1,Loaded,1478,1478,0,28007
201408,1,1,1,Loaded,452,452,0,6440
201408,4,1,1,Loaded,175,175,0,3419
201408,2,1,1,Loaded,1777,1777,0,30612
201408,8,1,1,Loaded,352,352,0,6180
201408,5,1,1,Loaded,738,738,0,13692
201408,9,1,1,Loaded,241,241,0,5495
201408,6,2,1,Empty,8,0,8,0
201408,4,2,1,Empty,2,0,2,0
201408,2,2,1,Empty,6,0,6,0
201408,5,2,1,Empty,4,0,4,0
201408,6,2,1,Loaded,2275,2275,0,33775
201408,3,2,1,Loaded,659,659,0,9614
201408,1,2,1,Loaded,147,147,0,1827
201408,4,2,1,Loaded,147,147,0,2494
201408,2,2,1,Loaded,589,589,0,9202
201408,8,2,1,Loaded,226,226,0,3644
201408,5,2,1,Loaded,516,516,0,7941
201408,9,2,1,Loaded,27,27,0,459
201408,6,3,1,Empty,3376,0,3376,0
201408,3,3,1,Empty,218,0,218,0
201408,1,3,1,Empty,448,0,448,0
201408,2,3,1,Empty,1282,0,1282,0
201408,8,3,1,Empty,8,0,8,0
201408,5,3,1,Empty,66,0,66,0
201408,9,3,1,Empty,18,0,18,0
201408,6,3,1,Loaded,11954,11954,0,133707
201408,3,3,1,Loaded,1396,1396,0,16463
201408,1,3,1,Loaded,1052,1052,0,10427
201408,4,3,1,Loaded,476,476,0,5953
201408,2,3,1,Loaded,2838,2838,0,32837
201408,8,3,1,Loaded,164,164,0,2105
201408,5,3,1,Loaded,1370,1370,0,17490
201408,9,3,1,Loaded,312,312,0,3225
201408,6,4,1,Empty,112,0,112,0
201408,3,4,1,Empty,14,0,14,0
201408,4,4,1,Empty,92,0,92,0
201408,2,4,1,Empty,8,0,8,0
201408,5,4,1,Empty,202,0,202,0
201408,6,4,1,Loaded,3542,3542,0,39932
201408,3,4,1,Loaded,1364,1364,0,15537
201408,1,4,1,Loaded,348,348,0,3898
201408,4,4,1,Loaded,168,168,0,1900
201408,2,4,1,Loaded,804,804,0,9066
201408,8,4,1,Loaded,554,554,0,6332
201408,5,4,1,Loaded,548,548,0,6512
201408,9,4,1,Loaded,30,30,0,398
201408,6,1,2,Empty,740,0,740,0
201408,3,1,2,Empty,157,0,157,0
201408,4,1,2,Empty,132,0,132,0
201408,2,1,2,Empty,168,0,168,0
201408,8,1,2,Empty,191,0,191,0
201408,5,1,2,Empty,351,0,351,0
201408,6,1,2,Loaded,5127,5127,0,81445
201408,3,1,2,Loaded,521,521,0,7937
201408,1,1,2,Loaded,1149,1149,0,16877
201408,4,1,2,Loaded,129,129,0,2287
201408,2,1,2,Loaded,2587,2587,0,40681
201408,8,1,2,Loaded,338,338,0,7542
201408,5,1,2,Loaded,435,435,0,7282
201408,9,1,2,Loaded,327,327,0,6679
201408,6,2,2,Empty,1282,0,1282,0
201408,3,2,2,Empty,512,0,512,0
201408,1,2,2,Empty,30,0,30,0
201408,4,2,2,Empty,157,0,157,0
201408,2,2,2,Empty,814,0,814,0
201408,8,2,2,Empty,225,0,225,0
201408,5,2,2,Empty,447,0,447,0
201408,9,2,2,Empty,32,0,32,0
201408,6,2,2,Loaded,263,263,0,1845
201408,3,2,2,Loaded,20,20,0,138
201408,1,2,2,Loaded,68,68,0,615
201408,4,2,2,Loaded,2,2,0,16
201408,2,2,2,Loaded,127,127,0,833
201408,5,2,2,Loaded,16,16,0,63
201408,6,3,2,Empty,3952,0,3952,0
201408,3,3,2,Empty,694,0,694,0
201408,4,3,2,Empty,684,0,684,0
201408,2,3,2,Empty,598,0,598,0
201408,8,3,2,Empty,1000,0,1000,0
201408,5,3,2,Empty,1084,0,1084,0
201408,9,3,2,Empty,80,0,80,0
201408,6,3,2,Loaded,7522,7522,0,52655
201408,3,3,2,Loaded,512,512,0,3543
201408,1,3,2,Loaded,1272,1272,0,8078
201408,4,3,2,Loaded,210,210,0,1457
201408,2,3,2,Loaded,3206,3206,0,22377
201408,8,3,2,Loaded,12,12,0,102
201408,5,3,2,Loaded,450,450,0,3205
201408,9,3,2,Loaded,110,110,0,881
201408,6,4,2,Empty,1438,0,1438,0
201408,3,4,2,Empty,364,0,364,0
201408,1,4,2,Empty,40,0,40,0
201408,4,4,2,Empty,30,0,30,0
201408,2,4,2,Empty,368,0,368,0
201408,8,4,2,Empty,426,0,426,0
201408,5,4,2,Empty,110,0,110,0
201408,6,4,2,Loaded,1030,1030,0,5767
201408,3,4,2,Loaded,110,110,0,1018
201408,1,4,2,Loaded,116,116,0,880
201408,4,4,2,Loaded,4,4,0,28
201408,2,4,2,Loaded,378,378,0,2188
201408,8,4,2,Loaded,22,22,0,223
201408,5,4,2,Loaded,270,270,0,687
201408,7,1,1,Empty,2971,0,2971,0
201408,7,1,1,Loaded,3228,3228,0,52636
201408,7,2,1,Empty,13,0,13,0
201408,7,2,1,Loaded,672,672,0,8760
201408,7,3,1,Empty,2542,0,2542,0
201408,7,3,1,Loaded,6046,6046,0,60191
201408,7,4,1,Empty,616,0,616,0
201408,7,4,1,Loaded,1034,1034,0,10286
201408,7,1,2,Loaded,10602,10602,0,140877
201408,7,2,2,Empty,562,0,562,0
201408,7,2,2,Loaded,681,681,0,5321
201408,7,3,2,Empty,408,0,408,0
201408,7,3,2,Loaded,15056,15056,0,97759
201408,7,4,2,Empty,344,0,344,0
201408,7,4,2,Loaded,2206,2206,0,17519
201407,6,1,1,Empty,1588,0,1588,0
201407,3,1,1,Empty,24,0,24,0
201407,1,1,1,Empty,271,0,271,0
201407,4,1,1,Empty,8,0,8,0
201407,2,1,1,Empty,809,0,809,0
201407,8,1,1,Empty,139,0,139,0
201407,5,1,1,Empty,14,0,14,0
201407,9,1,1,Empty,41,0,41,0
201407,6,1,1,Loaded,6385,6385,0,112561
201407,3,1,1,Loaded,1379,1379,0,25155
201407,1,1,1,Loaded,301,301,0,3854
201407,4,1,1,Loaded,206,206,0,3913
201407,2,1,1,Loaded,2617,2617,0,43979
201407,8,1,1,Loaded,139,139,0,2709
201407,5,1,1,Loaded,792,792,0,15016
201407,9,1,1,Loaded,202,202,0,4398
201407,6,2,1,Empty,9,0,9,0
201407,3,2,1,Empty,2,0,2,0
201407,2,2,1,Empty,1,0,1,0
201407,5,2,1,Empty,1,0,1,0
201407,6,2,1,Loaded,2435,2435,0,36879
201407,3,2,1,Loaded,677,677,0,9979
201407,1,2,1,Loaded,134,134,0,1609
201407,4,2,1,Loaded,90,90,0,1359
201407,2,2,1,Loaded,1166,1166,0,17893
201407,8,2,1,Loaded,60,60,0,1002
201407,5,2,1,Loaded,627,627,0,9267
201407,9,2,1,Loaded,26,26,0,421
201407,6,3,1,Empty,2518,0,2518,0
201407,3,3,1,Empty,114,0,114,0
201407,1,3,1,Empty,506,0,506,0
201407,4,3,1,Empty,6,0,6,0
201407,2,3,1,Empty,824,0,824,0
201407,8,3,1,Empty,12,0,12,0
201407,5,3,1,Empty,38,0,38,0
201407,9,3,1,Empty,10,0,10,0
201407,6,3,1,Loaded,11928,11928,0,133653
201407,3,3,1,Loaded,1304,1304,0,15428
201407,1,3,1,Loaded,810,810,0,8000
201407,4,3,1,Loaded,820,820,0,10105
201407,2,3,1,Loaded,5118,5118,0,63089
201407,8,3,1,Loaded,2,2,0,17
201407,5,3,1,Loaded,2466,2466,0,31556
201407,9,3,1,Loaded,718,718,0,7946
201407,6,4,1,Empty,44,0,44,0
201407,3,4,1,Empty,2,0,2,0
201407,1,4,1,Empty,2,0,2,0
201407,2,4,1,Empty,2,0,2,0
201407,5,4,1,Empty,2,0,2,0
201407,6,4,1,Loaded,5152,5152,0,57863
201407,3,4,1,Loaded,1786,1786,0,20607
201407,1,4,1,Loaded,204,204,0,2262
201407,4,4,1,Loaded,288,288,0,3221
201407,2,4,1,Loaded,1176,1176,0,13054
201407,8,4,1,Loaded,262,262,0,2834
201407,5,4,1,Loaded,626,626,0,7320
201407,9,4,1,Loaded,190,190,0,2259
201407,6,1,2,Empty,1108,0,1108,0
201407,3,1,2,Empty,329,0,329,0
201407,1,1,2,Empty,1,0,1,0
201407,4,1,2,Empty,125,0,125,0
201407,2,1,2,Empty,95,0,95,0
201407,5,1,2,Empty,292,0,292,0
201407,6,1,2,Loaded,3968,3968,0,64724
201407,3,1,2,Loaded,519,519,0,7889
201407,1,1,2,Loaded,1024,1024,0,14838
201407,4,1,2,Loaded,146,146,0,2500
201407,2,1,2,Loaded,2816,2816,0,42738
201407,8,1,2,Loaded,462,462,0,9581
201407,5,1,2,Loaded,377,377,0,6733
201407,9,1,2,Loaded,427,427,0,8462
201407,6,2,2,Empty,1333,0,1333,0
201407,3,2,2,Empty,689,0,689,0
201407,1,2,2,Empty,108,0,108,0
201407,4,2,2,Empty,293,0,293,0
201407,2,2,2,Empty,900,0,900,0
201407,8,2,2,Empty,83,0,83,0
201407,5,2,2,Empty,648,0,648,0
201407,9,2,2,Empty,52,0,52,0
201407,6,2,2,Loaded,154,154,0,1034
201407,3,2,2,Loaded,41,41,0,413
201407,1,2,2,Loaded,41,41,0,371
201407,4,2,2,Loaded,2,2,0,10
201407,2,2,2,Loaded,170,170,0,1249
201407,5,2,2,Loaded,15,15,0,47
201407,6,3,2,Empty,3992,0,3992,0
201407,3,3,2,Empty,142,0,142,0
201407,1,3,2,Empty,8,0,8,0
201407,4,3,2,Empty,864,0,864,0
201407,2,3,2,Empty,448,0,448,0
201407,5,3,2,Empty,1938,0,1938,0
201407,9,3,2,Empty,414,0,414,0
201407,6,3,2,Loaded,5480,5480,0,41026
201407,3,3,2,Loaded,562,562,0,4454
201407,1,3,2,Loaded,1322,1322,0,7941
201407,4,3,2,Loaded,246,246,0,1509
201407,2,3,2,Loaded,3440,3440,0,25621
201407,8,3,2,Loaded,22,22,0,158
201407,5,3,2,Loaded,374,374,0,2206
201407,9,3,2,Loaded,184,184,0,1812
201407,6,4,2,Empty,1828,0,1828,0
201407,3,4,2,Empty,1052,0,1052,0
201407,1,4,2,Empty,10,0,10,0
201407,4,4,2,Empty,246,0,246,0
201407,2,4,2,Empty,454,0,454,0
201407,8,4,2,Empty,350,0,350,0
201407,5,4,2,Empty,184,0,184,0
201407,9,4,2,Empty,76,0,76,0
201407,6,4,2,Loaded,526,526,0,3989
201407,3,4,2,Loaded,120,120,0,1024
201407,1,4,2,Loaded,174,174,0,997
201407,4,4,2,Loaded,4,4,0,57
201407,2,4,2,Loaded,382,382,0,2531
201407,8,4,2,Loaded,20,20,0,193
201407,5,4,2,Loaded,162,162,0,491
201407,7,1,1,Empty,2744,0,2744,0
201407,7,1,1,Loaded,3508,3508,0,57864
201407,7,2,1,Empty,27,0,27,0
201407,7,2,1,Loaded,608,608,0,7968
201407,7,3,1,Empty,2752,0,2752,0
201407,7,3,1,Loaded,6076,6076,0,59411
201407,7,4,1,Empty,240,0,240,0
201407,7,4,1,Loaded,1118,1118,0,11627
201407,7,1,2,Empty,100,0,100,0
201407,7,1,2,Loaded,11632,11632,0,154904
201407,7,2,2,Empty,572,0,572,0
201407,7,2,2,Loaded,883,883,0,7663
201407,7,3,2,Empty,122,0,122,0
201407,7,3,2,Loaded,16744,16744,0,108901
201407,7,4,2,Empty,198,0,198,0
201407,7,4,2,Loaded,2772,2772,0,19439
201406,6,1,1,Empty,1583,0,1583,0
201406,3,1,1,Empty,47,0,47,0
201406,1,1,1,Empty,527,0,527,0
201406,4,1,1,Empty,13,0,13,0
201406,2,1,1,Empty,771,0,771,0
201406,5,1,1,Empty,20,0,20,0
201406,9,1,1,Empty,4,0,4,0
201406,6,1,1,Loaded,5991,5991,0,102231
201406,3,1,1,Loaded,1230,1230,0,22978
201406,1,1,1,Loaded,283,283,0,3584
201406,4,1,1,Loaded,189,189,0,3402
201406,2,1,1,Loaded,2300,2300,0,39646
201406,8,1,1,Loaded,183,183,0,2631
201406,5,1,1,Loaded,965,965,0,18086
201406,9,1,1,Loaded,290,290,0,6640
201406,6,2,1,Empty,2,0,2,0
201406,3,2,1,Empty,1,0,1,0
201406,2,2,1,Empty,6,0,6,0
201406,5,2,1,Empty,1,0,1,0
201406,6,2,1,Loaded,2830,2830,0,44346
201406,3,2,1,Loaded,661,661,0,9677
201406,1,2,1,Loaded,183,183,0,2357
201406,4,2,1,Loaded,106,106,0,1654
201406,2,2,1,Loaded,957,957,0,14243
201406,8,2,1,Loaded,35,35,0,587
201406,5,2,1,Loaded,1019,1019,0,14975
201406,9,2,1,Loaded,31,31,0,530
201406,6,3,1,Empty,2954,0,2954,0
201406,3,3,1,Empty,174,0,174,0
201406,1,3,1,Empty,270,0,270,0
201406,4,3,1,Empty,2,0,2,0
201406,2,3,1,Empty,776,0,776,0
201406,8,3,1,Empty,12,0,12,0
201406,5,3,1,Empty,38,0,38,0
201406,9,3,1,Empty,24,0,24,0
201406,6,3,1,Loaded,11340,11340,0,125578
201406,3,3,1,Loaded,1902,1902,0,23224
201406,1,3,1,Loaded,972,972,0,9916
201406,4,3,1,Loaded,510,510,0,6298
201406,2,3,1,Loaded,4552,4552,0,55864
201406,8,3,1,Loaded,66,66,0,877
201406,5,3,1,Loaded,2420,2420,0,30973
201406,9,3,1,Loaded,506,506,0,5639
201406,6,4,1,Empty,20,0,20,0
201406,3,4,1,Empty,332,0,332,0
201406,4,4,1,Empty,4,0,4,0
201406,2,4,1,Empty,2,0,2,0
201406,5,4,1,Empty,32,0,32,0
201406,9,4,1,Empty,2,0,2,0
201406,6,4,1,Loaded,5946,5946,0,65999
201406,3,4,1,Loaded,3372,3372,0,38554
201406,1,4,1,Loaded,242,242,0,2705
201406,4,4,1,Loaded,738,738,0,8115
201406,2,4,1,Loaded,1086,1086,0,12207
201406,8,4,1,Loaded,284,284,0,3150
201406,5,4,1,Loaded,1274,1274,0,14554
201406,9,4,1,Loaded,148,148,0,1708
201406,6,1,2,Empty,1070,0,1070,0
201406,3,1,2,Empty,362,0,362,0
201406,4,1,2,Empty,45,0,45,0
201406,2,1,2,Empty,15,0,15,0
201406,8,1,2,Empty,35,0,35,0
201406,5,1,2,Empty,190,0,190,0
201406,9,1,2,Empty,110,0,110,0
201406,6,1,2,Loaded,2881,2881,0,47349
201406,3,1,2,Loaded,404,404,0,6688
201406,1,1,2,Loaded,981,981,0,13852
201406,4,1,2,Loaded,135,135,0,2416
201406,2,1,2,Loaded,2240,2240,0,33277
201406,8,1,2,Loaded,316,316,0,6807
201406,5,1,2,Loaded,380,380,0,6790
201406,9,1,2,Loaded,301,301,0,6784
201406,6,2,2,Empty,1510,0,1510,0
201406,3,2,2,Empty,682,0,682,0
201406,1,2,2,Empty,93,0,93,0
201406,4,2,2,Empty,64,0,64,0
201406,2,2,2,Empty,1164,0,1164,0
201406,8,2,2,Empty,48,0,48,0
201406,5,2,2,Empty,1390,0,1390,0
201406,9,2,2,Empty,53,0,53,0
201406,6,2,2,Loaded,80,80,0,690
201406,3,2,2,Loaded,25,25,0,169
201406,1,2,2,Loaded,33,33,0,309
201406,4,2,2,Loaded,1,1,0,12
201406,2,2,2,Loaded,100,100,0,686
201406,5,2,2,Loaded,19,19,0,30
201406,6,3,2,Empty,4858,0,4858,0
201406,3,3,2,Empty,216,0,216,0
201406,1,3,2,Empty,10,0,10,0
201406,4,3,2,Empty,782,0,782,0
201406,2,3,2,Empty,130,0,130,0
201406,5,3,2,Empty,994,0,994,0
201406,9,3,2,Empty,264,0,264,0
201406,6,3,2,Loaded,4170,4170,0,33319
201406,3,3,2,Loaded,534,534,0,4411
201406,1,3,2,Loaded,1192,1192,0,8354
201406,4,3,2,Loaded,94,94,0,471
201406,2,3,2,Loaded,2768,2768,0,19689
201406,8,3,2,Loaded,10,10,0,65
201406,5,3,2,Loaded,398,398,0,2465
201406,9,3,2,Loaded,150,150,0,1554
201406,6,4,2,Empty,2686,0,2686,0
201406,3,4,2,Empty,1300,0,1300,0
201406,1,4,2,Empty,10,0,10,0
201406,4,4,2,Empty,410,0,410,0
201406,2,4,2,Empty,468,0,468,0
201406,8,4,2,Empty,516,0,516,0
201406,5,4,2,Empty,302,0,302,0
201406,9,4,2,Empty,186,0,186,0
201406,6,4,2,Loaded,506,506,0,4356
201406,3,4,2,Loaded,146,146,0,1321
201406,1,4,2,Loaded,156,156,0,1029
201406,2,4,2,Loaded,280,280,0,1858
201406,8,4,2,Loaded,18,18,0,174
201406,5,4,2,Loaded,260,260,0,905
201406,7,1,1,Empty,2569,0,2569,0
201406,7,1,1,Loaded,4019,4019,0,68013
201406,7,2,1,Empty,8,0,8,0
201406,7,2,1,Loaded,830,830,0,10937
201406,7,3,1,Empty,2698,0,2698,0
201406,7,3,1,Loaded,6584,6584,0,67212
201406,7,4,1,Empty,448,0,448,0
201406,7,4,1,Loaded,1786,1786,0,19083
201406,7,1,2,Empty,18,0,18,0
201406,7,1,2,Loaded,11483,11483,0,155924
201406,7,2,2,Empty,779,0,779,0
201406,7,2,2,Loaded,897,897,0,7396
201406,7,3,2,Empty,26,0,26,0
201406,7,3,2,Loaded,15340,15340,0,99442
201406,7,4,2,Empty,392,0,392,0
201406,7,4,2,Loaded,2844,2844,0,19356
201405,6,1,1,Empty,1839,0,1839,0
201405,3,1,1,Empty,117,0,117,0
201405,1,1,1,Empty,538,0,538,0
201405,4,1,1,Empty,16,0,16,0
201405,2,1,1,Empty,437,0,437,0
201405,8,1,1,Empty,55,0,55,0
201405,5,1,1,Empty,8,0,8,0
201405,9,1,1,Empty,3,0,3,0
201405,6,1,1,Loaded,6450,6450,0,111493
201405,3,1,1,Loaded,1584,1584,0,29534
201405,1,1,1,Loaded,313,313,0,4052
201405,4,1,1,Loaded,124,124,0,2276
201405,2,1,1,Loaded,2628,2628,0,44228
201405,8,1,1,Loaded,156,156,0,3071
201405,5,1,1,Loaded,1124,1124,0,21690
201405,9,1,1,Loaded,295,295,0,6571
201405,6,2,1,Empty,27,0,27,0
201405,3,2,1,Empty,5,0,5,0
201405,2,2,1,Empty,12,0,12,0
201405,5,2,1,Empty,4,0,4,0
201405,6,2,1,Loaded,2929,2929,0,44819
201405,3,2,1,Loaded,844,844,0,12448
201405,1,2,1,Loaded,282,282,0,3579
201405,4,2,1,Loaded,108,108,0,1677
201405,2,2,1,Loaded,1129,1129,0,16759
201405,8,2,1,Loaded,50,50,0,851
201405,5,2,1,Loaded,936,936,0,13791
201405,9,2,1,Loaded,50,50,0,803
201405,6,3,1,Empty,1124,0,1124,0
201405,3,3,1,Empty,260,0,260,0
201405,1,3,1,Empty,136,0,136,0
201405,4,3,1,Empty,14,0,14,0
201405,2,3,1,Empty,422,0,422,0
201405,8,3,1,Empty,46,0,46,0
201405,5,3,1,Empty,78,0,78,0
201405,9,3,1,Empty,36,0,36,0
201405,6,3,1,Loaded,11982,11982,0,135208
201405,3,3,1,Loaded,1978,1978,0,24370
201405,1,3,1,Loaded,1200,1200,0,13292
201405,4,3,1,Loaded,562,562,0,7020
201405,2,3,1,Loaded,5266,5266,0,65213
201405,8,3,1,Loaded,28,28,0,308
201405,5,3,1,Loaded,2674,2674,0,34215
201405,9,3,1,Loaded,892,892,0,10223
201405,6,4,1,Empty,28,0,28,0
201405,3,4,1,Empty,10,0,10,0
201405,2,4,1,Empty,6,0,6,0
201405,5,4,1,Empty,20,0,20,0
201405,6,4,1,Loaded,6120,6120,0,67778
201405,3,4,1,Loaded,4788,4788,0,54886
201405,1,4,1,Loaded,430,430,0,4549
201405,4,4,1,Loaded,1030,1030,0,11466
201405,2,4,1,Loaded,1546,1546,0,17174
201405,8,4,1,Loaded,338,338,0,3908
201405,5,4,1,Loaded,1676,1676,0,19184
201405,9,4,1,Loaded,394,394,0,4664
201405,6,1,2,Empty,912,0,912,0
201405,3,1,2,Empty,259,0,259,0
201405,4,1,2,Empty,41,0,41,0
201405,8,1,2,Empty,101,0,101,0
201405,5,1,2,Empty,325,0,325,0
201405,9,1,2,Empty,97,0,97,0
201405,6,1,2,Loaded,3040,3040,0,53000
201405,3,1,2,Loaded,471,471,0,7783
201405,1,1,2,Loaded,1110,1110,0,16274
201405,4,1,2,Loaded,108,108,0,1713
201405,2,1,2,Loaded,2399,2399,0,36821
201405,8,1,2,Loaded,245,245,0,5516
201405,5,1,2,Loaded,370,370,0,6510
201405,9,1,2,Loaded,344,344,0,6999
201405,6,2,2,Empty,1711,0,1711,0
201405,3,2,2,Empty,713,0,713,0
201405,1,2,2,Empty,125,0,125,0
201405,4,2,2,Empty,94,0,94,0
201405,2,2,2,Empty,988,0,988,0
201405,8,2,2,Empty,42,0,42,0
201405,5,2,2,Empty,1002,0,1002,0
201405,9,2,2,Empty,65,0,65,0
201405,6,2,2,Loaded,133,133,0,1202
201405,3,2,2,Loaded,33,33,0,261
201405,1,2,2,Loaded,50,50,0,435
201405,2,2,2,Loaded,127,127,0,973
201405,8,2,2,Loaded,1,1,0,17
201405,5,2,2,Loaded,25,25,0,85
201405,6,3,2,Empty,4550,0,4550,0
201405,3,3,2,Empty,936,0,936,0
201405,1,3,2,Empty,4,0,4,0
201405,4,3,2,Empty,310,0,310,0
201405,2,3,2,Empty,178,0,178,0
201405,8,3,2,Empty,2,0,2,0
201405,5,3,2,Empty,1244,0,1244,0
201405,9,3,2,Empty,906,0,906,0
201405,6,3,2,Loaded,3852,3852,0,32107
201405,3,3,2,Loaded,446,446,0,3311
201405,1,3,2,Loaded,1316,1316,0,8453
201405,4,3,2,Loaded,104,104,0,633
201405,2,3,2,Loaded,2946,2946,0,21406
201405,8,3,2,Loaded,16,16,0,129
201405,5,3,2,Loaded,394,394,0,2418
201405,9,3,2,Loaded,242,242,0,2418
201405,6,4,2,Empty,3272,0,3272,0
201405,3,4,2,Empty,3380,0,3380,0
201405,1,4,2,Empty,550,0,550,0
201405,4,4,2,Empty,1380,0,1380,0
201405,2,4,2,Empty,882,0,882,0
201405,8,4,2,Empty,300,0,300,0
201405,5,4,2,Empty,1394,0,1394,0
201405,9,4,2,Empty,194,0,194,0
201405,6,4,2,Loaded,454,454,0,3505
201405,3,4,2,Loaded,190,190,0,1610
201405,1,4,2,Loaded,220,220,0,1200
201405,4,4,2,Loaded,2,2,0,25
201405,2,4,2,Loaded,322,322,0,1891
201405,8,4,2,Loaded,24,24,0,219
201405,5,4,2,Loaded,296,296,0,1793
201405,7,1,1,Empty,2455,0,2455,0
201405,7,1,1,Loaded,3909,3909,0,65458
201405,7,2,1,Empty,14,0,14,0
201405,7,2,1,Loaded,877,877,0,11766
201405,7,3,1,Empty,2014,0,2014,0
201405,7,3,1,Loaded,7302,7302,0,76521
201405,7,4,1,Empty,100,0,100,0
201405,7,4,1,Loaded,2108,2108,0,22937
201405,7,1,2,Empty,64,0,64,0
201405,7,1,2,Loaded,12759,12759,0,166882
201405,7,2,2,Empty,1132,0,1132,0
201405,7,2,2,Loaded,1070,1070,0,8714
201405,7,3,2,Empty,210,0,210,0
201405,7,3,2,Loaded,17856,17856,0,113407
201405,7,4,2,Empty,848,0,848,0
201405,7,4,2,Loaded,3124,3124,0,22658
201404,6,1,1,Empty,794,0,794,0
201404,3,1,1,Empty,53,0,53,0
201404,1,1,1,Empty,292,0,292,0
201404,4,1,1,Empty,50,0,50,0
201404,2,1,1,Empty,341,0,341,0
201404,8,1,1,Empty,2,0,2,0
201404,5,1,1,Empty,8,0,8,0
201404,9,1,1,Empty,1,0,1,0
201404,6,1,1,Loaded,5790,5790,0,98691
201404,3,1,1,Loaded,2110,2110,0,38739
201404,1,1,1,Loaded,370,370,0,5540
201404,4,1,1,Loaded,182,182,0,3269
201404,2,1,1,Loaded,1984,1984,0,33926
201404,8,1,1,Loaded,130,130,0,2564
201404,5,1,1,Loaded,874,874,0,16800
201404,9,1,1,Loaded,209,209,0,4361
201404,6,2,1,Empty,17,0,17,0
201404,3,2,1,Empty,1,0,1,0
201404,2,2,1,Empty,2,0,2,0
201404,5,2,1,Empty,3,0,3,0
201404,6,2,1,Loaded,2675,2675,0,41289
201404,3,2,1,Loaded,951,951,0,14200
201404,1,2,1,Loaded,170,170,0,2074
201404,4,2,1,Loaded,112,112,0,1819
201404,2,2,1,Loaded,1087,1087,0,16581
201404,8,2,1,Loaded,63,63,0,1060
201404,5,2,1,Loaded,762,762,0,11303
201404,9,2,1,Loaded,30,30,0,445
201404,6,3,1,Empty,1332,0,1332,0
201404,3,3,1,Empty,126,0,126,0
201404,1,3,1,Empty,52,0,52,0
201404,4,3,1,Empty,12,0,12,0
201404,2,3,1,Empty,462,0,462,0
201404,5,3,1,Empty,70,0,70,0
201404,9,3,1,Empty,18,0,18,0
201404,6,3,1,Loaded,11442,11442,0,129326
201404,3,3,1,Loaded,2552,2552,0,31073
201404,1,3,1,Loaded,968,968,0,10428
201404,4,3,1,Loaded,594,594,0,7462
201404,2,3,1,Loaded,4690,4690,0,57647
201404,8,3,1,Loaded,20,20,0,262
201404,5,3,1,Loaded,2528,2528,0,32191
201404,9,3,1,Loaded,824,824,0,9813
201404,6,4,1,Empty,20,0,20,0
201404,3,4,1,Empty,18,0,18,0
201404,4,4,1,Empty,20,0,20,0
201404,2,4,1,Empty,4,0,4,0
201404,5,4,1,Empty,20,0,20,0
201404,6,4,1,Loaded,4462,4462,0,50571
201404,3,4,1,Loaded,6292,6292,0,74060
201404,1,4,1,Loaded,532,532,0,5766
201404,4,4,1,Loaded,1408,1408,0,15551
201404,2,4,1,Loaded,1506,1506,0,16544
201404,8,4,1,Loaded,338,338,0,3656
201404,5,4,1,Loaded,1730,1730,0,19985
201404,9,4,1,Loaded,236,236,0,2823
201404,6,1,2,Empty,1015,0,1015,0
201404,3,1,2,Empty,591,0,591,0
201404,4,1,2,Empty,101,0,101,0
201404,2,1,2,Empty,2,0,2,0
201404,8,1,2,Empty,27,0,27,0
201404,5,1,2,Empty,229,0,229,0
201404,9,1,2,Empty,22,0,22,0
201404,6,1,2,Loaded,3064,3064,0,53449
201404,3,1,2,Loaded,567,567,0,9084
201404,1,1,2,Loaded,1008,1008,0,15082
201404,4,1,2,Loaded,153,153,0,2568
201404,2,1,2,Loaded,2241,2241,0,35087
201404,8,1,2,Loaded,268,268,0,5251
201404,5,1,2,Loaded,321,321,0,5637
201404,9,1,2,Loaded,282,282,0,6050
201404,6,2,2,Empty,1495,0,1495,0
201404,3,2,2,Empty,926,0,926,0
201404,1,2,2,Empty,120,0,120,0
201404,4,2,2,Empty,117,0,117,0
201404,2,2,2,Empty,942,0,942,0
201404,8,2,2,Empty,70,0,70,0
201404,5,2,2,Empty,688,0,688,0
201404,9,2,2,Empty,38,0,38,0
201404,6,2,2,Loaded,107,107,0,956
201404,3,2,2,Loaded,56,56,0,637
201404,1,2,2,Loaded,55,55,0,444
201404,4,2,2,Loaded,2,2,0,21
201404,2,2,2,Loaded,111,111,0,790
201404,5,2,2,Loaded,19,19,0,93
201404,6,3,2,Empty,6358,0,6358,0
201404,3,3,2,Empty,1102,0,1102,0
201404,4,3,2,Empty,170,0,170,0
201404,2,3,2,Empty,56,0,56,0
201404,8,3,2,Empty,6,0,6,0
201404,5,3,2,Empty,620,0,620,0
201404,9,3,2,Empty,708,0,708,0
201404,6,3,2,Loaded,3868,3868,0,31318
201404,3,3,2,Loaded,522,522,0,3523
201404,1,3,2,Loaded,1212,1212,0,7200
201404,4,3,2,Loaded,176,176,0,1276
201404,2,3,2,Loaded,2872,2872,0,19779
201404,8,3,2,Loaded,16,16,0,120
201404,5,3,2,Loaded,404,404,0,2751
201404,9,3,2,Loaded,188,188,0,2156
201404,6,4,2,Empty,2630,0,2630,0
201404,3,4,2,Empty,4820,0,4820,0
201404,1,4,2,Empty,372,0,372,0
201404,4,4,2,Empty,2702,0,2702,0
201404,2,4,2,Empty,922,0,922,0
201404,8,4,2,Empty,652,0,652,0
201404,5,4,2,Empty,1552,0,1552,0
201404,9,4,2,Empty,434,0,434,0
201404,6,4,2,Loaded,428,428,0,3103
201404,3,4,2,Loaded,198,198,0,1423
201404,1,4,2,Loaded,130,130,0,752
201404,4,4,2,Loaded,4,4,0,53
201404,2,4,2,Loaded,256,256,0,1763
201404,8,4,2,Loaded,10,10,0,80
201404,5,4,2,Loaded,220,220,0,860
201404,7,1,1,Empty,1718,0,1718,0
201404,7,1,1,Loaded,3879,3879,0,64829
201404,7,2,1,Empty,19,0,19,0
201404,7,2,1,Loaded,861,861,0,12050
201404,7,3,1,Empty,1110,0,1110,0
201404,7,3,1,Loaded,6652,6652,0,67402
201404,7,4,1,Empty,46,0,46,0
201404,7,4,1,Loaded,2314,2314,0,26183
201404,7,1,2,Empty,15,0,15,0
201404,7,1,2,Loaded,10958,10958,0,147467
201404,7,2,2,Empty,940,0,940,0
201404,7,2,2,Loaded,743,743,0,5508
201404,7,3,2,Empty,370,0,370,0
201404,7,3,2,Loaded,16546,16546,0,106344
201404,7,4,2,Empty,932,0,932,0
201404,7,4,2,Loaded,3438,3438,0,25114
201403,6,1,1,Empty,1286,0,1286,0
201403,3,1,1,Empty,74,0,74,0
201403,1,1,1,Empty,263,0,263,0
201403,4,1,1,Empty,4,0,4,0
201403,2,1,1,Empty,322,0,322,0
201403,8,1,1,Empty,2,0,2,0
201403,5,1,1,Empty,57,0,57,0
201403,9,1,1,Empty,2,0,2,0
201403,6,1,1,Loaded,6457,6457,0,111495
201403,3,1,1,Loaded,1696,1696,0,31814
201403,1,1,1,Loaded,475,475,0,6781
201403,4,1,1,Loaded,202,202,0,4047
201403,2,1,1,Loaded,2361,2361,0,39747
201403,8,1,1,Loaded,168,168,0,3375
201403,5,1,1,Loaded,1021,1021,0,19321
201403,9,1,1,Loaded,274,274,0,6297
201403,6,2,1,Empty,3,0,3,0
201403,3,2,1,Empty,1,0,1,0
201403,2,2,1,Empty,6,0,6,0
201403,5,2,1,Empty,3,0,3,0
201403,6,2,1,Loaded,2948,2948,0,45792
201403,3,2,1,Loaded,896,896,0,13298
201403,1,2,1,Loaded,216,216,0,2736
201403,4,2,1,Loaded,108,108,0,1705
201403,2,2,1,Loaded,1218,1218,0,17942
201403,8,2,1,Loaded,65,65,0,1081
201403,5,2,1,Loaded,945,945,0,14230
201403,9,2,1,Loaded,33,33,0,522
201403,6,3,1,Empty,486,0,486,0
201403,3,3,1,Empty,18,0,18,0
201403,1,3,1,Empty,64,0,64,0
201403,2,3,1,Empty,128,0,128,0
201403,8,3,1,Empty,2,0,2,0
201403,5,3,1,Empty,36,0,36,0
201403,9,3,1,Empty,12,0,12,0
201403,6,3,1,Loaded,13732,13732,0,157512
201403,3,3,1,Loaded,2618,2618,0,32238
201403,1,3,1,Loaded,1436,1436,0,15566
201403,4,3,1,Loaded,580,580,0,7228
201403,2,3,1,Loaded,5818,5818,0,70780
201403,8,3,1,Loaded,198,198,0,2618
201403,5,3,1,Loaded,3108,3108,0,39706
201403,9,3,1,Loaded,860,860,0,9965
201403,6,4,1,Empty,44,0,44,0
201403,3,4,1,Empty,4,0,4,0
201403,2,4,1,Empty,4,0,4,0
201403,5,4,1,Empty,2,0,2,0
201403,6,4,1,Loaded,3824,3824,0,44290
201403,3,4,1,Loaded,6190,6190,0,75345
201403,1,4,1,Loaded,628,628,0,6964
201403,4,4,1,Loaded,584,584,0,6533
201403,2,4,1,Loaded,1774,1774,0,19404
201403,8,4,1,Loaded,636,636,0,6823
201403,5,4,1,Loaded,2000,2000,0,22836
201403,9,4,1,Loaded,230,230,0,2697
201403,6,1,2,Empty,889,0,889,0
201403,3,1,2,Empty,434,0,434,0
201403,4,1,2,Empty,184,0,184,0
201403,2,1,2,Empty,12,0,12,0
201403,8,1,2,Empty,11,0,11,0
201403,5,1,2,Empty,335,0,335,0
201403,9,1,2,Empty,121,0,121,0
201403,6,1,2,Loaded,2926,2926,0,50388
201403,3,1,2,Loaded,594,594,0,9945
201403,1,1,2,Loaded,1041,1041,0,16202
201403,4,1,2,Loaded,165,165,0,2899
201403,2,1,2,Loaded,2236,2236,0,35085
201403,8,1,2,Loaded,320,320,0,6971
201403,5,1,2,Loaded,398,398,0,7049
201403,9,1,2,Loaded,282,282,0,6431
201403,6,2,2,Empty,1795,0,1795,0
201403,3,2,2,Empty,806,0,806,0
201403,1,2,2,Empty,96,0,96,0
201403,4,2,2,Empty,218,0,218,0
201403,2,2,2,Empty,1503,0,1503,0
201403,8,2,2,Empty,89,0,89,0
201403,5,2,2,Empty,1708,0,1708,0
201403,9,2,2,Empty,80,0,80,0
201403,6,2,2,Loaded,157,157,0,1475
201403,3,2,2,Loaded,14,14,0,124
201403,1,2,2,Loaded,61,61,0,586
201403,4,2,2,Loaded,6,6,0,92
201403,2,2,2,Loaded,116,116,0,918
201403,8,2,2,Loaded,2,2,0,34
201403,5,2,2,Loaded,17,17,0,50
201403,6,3,2,Empty,6834,0,6834,0
201403,3,3,2,Empty,1336,0,1336,0
201403,1,3,2,Empty,178,0,178,0
201403,4,3,2,Empty,656,0,656,0
201403,2,3,2,Empty,236,0,236,0
201403,8,3,2,Empty,2,0,2,0
201403,5,3,2,Empty,1412,0,1412,0
201403,9,3,2,Empty,910,0,910,0
201403,6,3,2,Loaded,3870,3870,0,31002
201403,3,3,2,Loaded,500,500,0,3983
201403,1,3,2,Loaded,1110,1110,0,7447
201403,4,3,2,Loaded,202,202,0,1261
201403,2,3,2,Loaded,3108,3108,0,23441
201403,8,3,2,Loaded,16,16,0,134
201403,5,3,2,Loaded,422,422,0,2961
201403,9,3,2,Loaded,158,158,0,1798
201403,6,4,2,Empty,2146,0,2146,0
201403,3,4,2,Empty,8272,0,8272,0
201403,1,4,2,Empty,328,0,328,0
201403,4,4,2,Empty,534,0,534,0
201403,2,4,2,Empty,1158,0,1158,0
201403,8,4,2,Empty,904,0,904,0
201403,5,4,2,Empty,1004,0,1004,0
201403,9,4,2,Empty,402,0,402,0
201403,6,4,2,Loaded,562,562,0,4231
201403,3,4,2,Loaded,176,176,0,1467
201403,1,4,2,Loaded,96,96,0,710
201403,4,4,2,Loaded,16,16,0,76
201403,2,4,2,Loaded,280,280,0,1608
201403,8,4,2,Loaded,16,16,0,150
201403,5,4,2,Loaded,234,234,0,810
201403,9,4,2,Loaded,2,2,0,29
201403,7,1,1,Empty,2293,0,2293,0
201403,7,1,1,Loaded,4183,4183,0,69564
201403,7,2,1,Empty,45,0,45,0
201403,7,2,1,Loaded,1033,1033,0,14929
201403,7,3,1,Empty,1408,0,1408,0
201403,7,3,1,Loaded,7254,7254,0,75372
201403,7,4,1,Empty,42,0,42,0
201403,7,4,1,Loaded,2916,2916,0,34398
201403,7,1,2,Empty,269,0,269,0
201403,7,1,2,Loaded,10549,10549,0,146039
201403,7,2,2,Empty,621,0,621,0
201403,7,2,2,Loaded,789,789,0,6899
201403,7,3,2,Empty,600,0,600,0
201403,7,3,2,Loaded,15416,15416,0,102826
201403,7,4,2,Empty,1030,0,1030,0
201403,7,4,2,Loaded,2986,2986,0,20864
201402,6,1,1,Empty,1400,0,1400,0
201402,3,1,1,Empty,9,0,9,0
201402,1,1,1,Empty,357,0,357,0
201402,4,1,1,Empty,21,0,21,0
201402,2,1,1,Empty,658,0,658,0
201402,8,1,1,Empty,3,0,3,0
201402,5,1,1,Empty,112,0,112,0
201402,9,1,1,Empty,2,0,2,0
201402,6,1,1,Loaded,5582,5582,0,96013
201402,3,1,1,Loaded,1250,1250,0,22897
201402,1,1,1,Loaded,300,300,0,4112
201402,4,1,1,Loaded,173,173,0,3438
201402,2,1,1,Loaded,1965,1965,0,32433
201402,8,1,1,Loaded,209,209,0,3949
201402,5,1,1,Loaded,753,753,0,13721
201402,9,1,1,Loaded,292,292,0,6797
201402,6,2,1,Empty,3,0,3,0
201402,3,2,1,Empty,1,0,1,0
201402,2,2,1,Empty,2,0,2,0
201402,9,2,1,Empty,1,0,1,0
201402,6,2,1,Loaded,2854,2854,0,44763
201402,3,2,1,Loaded,850,850,0,12668
201402,1,2,1,Loaded,214,214,0,2834
201402,4,2,1,Loaded,93,93,0,1500
201402,2,2,1,Loaded,886,886,0,12996
201402,8,2,1,Loaded,58,58,0,962
201402,5,2,1,Loaded,860,860,0,13402
201402,9,2,1,Loaded,32,32,0,509
201402,6,3,1,Empty,1008,0,1008,0
201402,3,3,1,Empty,186,0,186,0
201402,1,3,1,Empty,22,0,22,0
201402,4,3,1,Empty,8,0,8,0
201402,2,3,1,Empty,218,0,218,0
201402,8,3,1,Empty,12,0,12,0
201402,5,3,1,Empty,72,0,72,0
201402,9,3,1,Empty,22,0,22,0
201402,6,3,1,Loaded,11510,11510,0,133509
201402,3,3,1,Loaded,1496,1496,0,18012
201402,1,3,1,Loaded,878,878,0,9301
201402,4,3,1,Loaded,570,570,0,7136
201402,2,3,1,Loaded,5220,5220,0,64348
201402,8,3,1,Loaded,164,164,0,2175
201402,5,3,1,Loaded,3696,3696,0,47429
201402,9,3,1,Loaded,800,800,0,9307
201402,6,4,1,Empty,6,0,6,0
201402,2,4,1,Empty,2,0,2,0
201402,6,4,1,Loaded,3000,3000,0,35773
201402,3,4,1,Loaded,2734,2734,0,34380
201402,1,4,1,Loaded,514,514,0,5421
201402,4,4,1,Loaded,178,178,0,1939
201402,2,4,1,Loaded,1110,1110,0,12109
201402,8,4,1,Loaded,342,342,0,3699
201402,5,4,1,Loaded,1378,1378,0,16022
201402,9,4,1,Loaded,276,276,0,2786
201402,6,1,2,Empty,672,0,672,0
201402,3,1,2,Empty,219,0,219,0
201402,4,1,2,Empty,101,0,101,0
201402,2,1,2,Empty,64,0,64,0
201402,8,1,2,Empty,160,0,160,0
201402,5,1,2,Empty,204,0,204,0
201402,9,1,2,Empty,30,0,30,0
201402,6,1,2,Loaded,2808,2808,0,48778
201402,3,1,2,Loaded,592,592,0,9668
201402,1,1,2,Loaded,814,814,0,11328
201402,4,1,2,Loaded,112,112,0,1756
201402,2,1,2,Loaded,2400,2400,0,35120
201402,8,1,2,Loaded,160,160,0,3278
201402,5,1,2,Loaded,371,371,0,6577
201402,9,1,2,Loaded,281,281,0,6082
201402,6,2,2,Empty,1345,0,1345,0
201402,3,2,2,Empty,615,0,615,0
201402,1,2,2,Empty,149,0,149,0
201402,4,2,2,Empty,230,0,230,0
201402,2,2,2,Empty,806,0,806,0
201402,8,2,2,Empty,44,0,44,0
201402,5,2,2,Empty,763,0,763,0
201402,9,2,2,Empty,25,0,25,0
201402,6,2,2,Loaded,118,118,0,1168
201402,3,2,2,Loaded,18,18,0,205
201402,1,2,2,Loaded,55,55,0,394
201402,4,2,2,Loaded,9,9,0,99
201402,2,2,2,Loaded,118,118,0,707
201402,8,2,2,Loaded,3,3,0,52
201402,5,2,2,Loaded,11,11,0,20
201402,6,3,2,Empty,4386,0,4386,0
201402,3,3,2,Empty,936,0,936,0
201402,1,3,2,Empty,4,0,4,0
201402,4,3,2,Empty,202,0,202,0
201402,2,3,2,Empty,2,0,2,0
201402,8,3,2,Empty,242,0,242,0
201402,5,3,2,Empty,2078,0,2078,0
201402,9,3,2,Empty,774,0,774,0
201402,6,3,2,Loaded,2844,2844,0,22179
201402,3,3,2,Loaded,486,486,0,3035
201402,1,3,2,Loaded,1064,1064,0,7010
201402,4,3,2,Loaded,234,234,0,1535
201402,2,3,2,Loaded,2916,2916,0,20424
201402,8,3,2,Loaded,30,30,0,198
201402,5,3,2,Loaded,480,480,0,3573
201402,9,3,2,Loaded,198,198,0,2162
201402,6,4,2,Empty,1064,0,1064,0
201402,3,4,2,Empty,3538,0,3538,0
201402,1,4,2,Empty,300,0,300,0
201402,4,4,2,Empty,384,0,384,0
201402,2,4,2,Empty,1130,0,1130,0
201402,8,4,2,Empty,396,0,396,0
201402,5,4,2,Empty,860,0,860,0
201402,9,4,2,Empty,348,0,348,0
201402,6,4,2,Loaded,382,382,0,2656
201402,3,4,2,Loaded,114,114,0,1077
201402,1,4,2,Loaded,130,130,0,562
201402,4,4,2,Loaded,6,6,0,45
201402,2,4,2,Loaded,392,392,0,2181
201402,8,4,2,Loaded,16,16,0,151
201402,5,4,2,Loaded,134,134,0,645
201402,7,1,1,Empty,1430,0,1430,0
201402,7,1,1,Loaded,3535,3535,0,60149
201402,7,2,1,Empty,14,0,14,0
201402,7,2,1,Loaded,814,814,0,10988
201402,7,3,1,Empty,968,0,968,0
201402,7,3,1,Loaded,5856,5856,0,60860
201402,7,4,1,Empty,54,0,54,0
201402,7,4,1,Loaded,1808,1808,0,20268
201402,7,1,2,Empty,50,0,50,0
201402,7,1,2,Loaded,10247,10247,0,135390
201402,7,2,2,Empty,568,0,568,0
201402,7,2,2,Loaded,770,770,0,6310
201402,7,3,2,Empty,162,0,162,0
201402,7,3,2,Loaded,15516,15516,0,98679
201402,7,4,2,Empty,404,0,404,0
201402,7,4,2,Loaded,2788,2788,0,20154
201401,6,1,1,Empty,2153,0,2153,0
201401,3,1,1,Empty,41,0,41,0
201401,1,1,1,Empty,342,0,342,0
201401,2,1,1,Empty,487,0,487,0
201401,8,1,1,Empty,4,0,4,0
201401,5,1,1,Empty,85,0,85,0
201401,9,1,1,Empty,2,0,2,0
201401,6,1,1,Loaded,6230,6230,0,108819
201401,3,1,1,Loaded,1436,1436,0,25987
201401,1,1,1,Loaded,264,264,0,3763
201401,4,1,1,Loaded,196,196,0,3693
201401,2,1,1,Loaded,2073,2073,0,34928
201401,8,1,1,Loaded,104,104,0,1898
201401,5,1,1,Loaded,911,911,0,16976
201401,9,1,1,Loaded,285,285,0,6817
201401,6,2,1,Empty,13,0,13,0
201401,3,2,1,Empty,1,0,1,0
201401,2,2,1,Empty,3,0,3,0
201401,5,2,1,Empty,1,0,1,0
201401,6,2,1,Loaded,2700,2700,0,42691
201401,3,2,1,Loaded,887,887,0,13269
201401,1,2,1,Loaded,134,134,0,1753
201401,4,2,1,Loaded,135,135,0,2159
201401,2,2,1,Loaded,949,949,0,13853
201401,8,2,1,Loaded,32,32,0,493
201401,5,2,1,Loaded,758,758,0,12031
201401,9,2,1,Loaded,29,29,0,457
201401,6,3,1,Empty,2008,0,2008,0
201401,3,3,1,Empty,132,0,132,0
201401,1,3,1,Empty,294,0,294,0
201401,2,3,1,Empty,676,0,676,0
201401,5,3,1,Empty,328,0,328,0
201401,9,3,1,Empty,14,0,14,0
201401,6,3,1,Loaded,11886,11886,0,140374
201401,3,3,1,Loaded,1546,1546,0,18822
201401,1,3,1,Loaded,774,774,0,8458
201401,4,3,1,Loaded,446,446,0,5666
201401,2,3,1,Loaded,5724,5724,0,71752
201401,8,3,1,Loaded,144,144,0,1896
201401,5,3,1,Loaded,3444,3444,0,44953
201401,9,3,1,Loaded,708,708,0,8410
201401,6,4,1,Empty,14,0,14,0
201401,3,4,1,Empty,4,0,4,0
201401,2,4,1,Empty,2,0,2,0
201401,5,4,1,Empty,4,0,4,0
201401,9,4,1,Empty,2,0,2,0
201401,6,4,1,Loaded,3004,3004,0,36404
201401,3,4,1,Loaded,1988,1988,0,25655
201401,1,4,1,Loaded,518,518,0,5420
201401,4,4,1,Loaded,146,146,0,1601
201401,2,4,1,Loaded,1180,1180,0,13023
201401,8,4,1,Loaded,168,168,0,1792
201401,5,4,1,Loaded,860,860,0,9949
201401,9,4,1,Loaded,144,144,0,1652
201401,6,1,2,Empty,609,0,609,0
201401,3,1,2,Empty,148,0,148,0
201401,4,1,2,Empty,115,0,115,0
201401,2,1,2,Empty,2,0,2,0
201401,8,1,2,Empty,77,0,77,0
201401,5,1,2,Empty,195,0,195,0
201401,9,1,2,Empty,60,0,60,0
201401,6,1,2,Loaded,2656,2656,0,46958
201401,3,1,2,Loaded,583,583,0,9707
201401,1,1,2,Loaded,1233,1233,0,17960
201401,4,1,2,Loaded,156,156,0,2549
201401,2,1,2,Loaded,2360,2360,0,34811
201401,8,1,2,Loaded,265,265,0,5185
201401,5,1,2,Loaded,374,374,0,6587
201401,9,1,2,Loaded,257,257,0,5430
201401,6,2,2,Empty,1491,0,1491,0
201401,3,2,2,Empty,1057,0,1057,0
201401,1,2,2,Empty,93,0,93,0
201401,4,2,2,Empty,278,0,278,0
201401,2,2,2,Empty,877,0,877,0
201401,8,2,2,Empty,67,0,67,0
201401,5,2,2,Empty,624,0,624,0
201401,9,2,2,Empty,55,0,55,0
201401,6,2,2,Loaded,79,79,0,683
201401,3,2,2,Loaded,32,32,0,359
201401,1,2,2,Loaded,54,54,0,528
201401,4,2,2,Loaded,5,5,0,47
201401,2,2,2,Loaded,128,128,0,1077
201401,5,2,2,Loaded,11,11,0,47
201401,6,3,2,Empty,5662,0,5662,0
201401,3,3,2,Empty,888,0,888,0
201401,1,3,2,Empty,40,0,40,0
201401,4,3,2,Empty,180,0,180,0
201401,2,3,2,Empty,14,0,14,0
201401,5,3,2,Empty,694,0,694,0
201401,9,3,2,Empty,684,0,684,0
201401,6,3,2,Loaded,3196,3196,0,26576
201401,3,3,2,Loaded,544,544,0,3982
201401,1,3,2,Loaded,1418,1418,0,9194
201401,4,3,2,Loaded,184,184,0,872
201401,2,3,2,Loaded,2952,2952,0,20145
201401,8,3,2,Loaded,16,16,0,89
201401,5,3,2,Loaded,370,370,0,2642
201401,9,3,2,Loaded,112,112,0,1127
201401,6,4,2,Empty,1970,0,1970,0
201401,3,4,2,Empty,3132,0,3132,0
201401,1,4,2,Empty,350,0,350,0
201401,4,4,2,Empty,1180,0,1180,0
201401,2,4,2,Empty,298,0,298,0
201401,8,4,2,Empty,160,0,160,0
201401,5,4,2,Empty,896,0,896,0
201401,9,4,2,Empty,218,0,218,0
201401,6,4,2,Loaded,430,430,0,3053
201401,3,4,2,Loaded,88,88,0,784
201401,1,4,2,Loaded,206,206,0,1177
201401,4,4,2,Loaded,6,6,0,29
201401,2,4,2,Loaded,318,318,0,1736
201401,8,4,2,Loaded,18,18,0,165
201401,5,4,2,Loaded,154,154,0,480
201401,7,1,1,Empty,2769,0,2769,0
201401,7,1,1,Loaded,2679,2679,0,43900
201401,7,2,1,Empty,7,0,7,0
201401,7,2,1,Loaded,886,886,0,12235
201401,7,3,1,Empty,1960,0,1960,0
201401,7,3,1,Loaded,5184,5184,0,55512
201401,7,4,1,Empty,72,0,72,0
201401,7,4,1,Loaded,1018,1018,0,10956
201401,7,1,2,Empty,160,0,160,0
201401,7,1,2,Loaded,11709,11709,0,155265
201401,7,2,2,Empty,530,0,530,0
201401,7,2,2,Loaded,927,927,0,7484
201401,7,3,2,Empty,294,0,294,0
201401,7,3,2,Loaded,17234,17234,0,111826
201401,7,4,2,Empty,450,0,450,0
201401,7,4,2,Loaded,3030,3030,0,20416
201312,6,1,1,Empty,1807,0,1807,0
201312,3,1,1,Empty,24,0,24,0
201312,1,1,1,Empty,110,0,110,0
201312,2,1,1,Empty,330,0,330,0
201312,5,1,1,Empty,62,0,62,0
201312,9,1,1,Empty,4,0,4,0
201312,6,1,1,Loaded,6504,6504,0,111090
201312,3,1,1,Loaded,1644,1644,0,29510
201312,1,1,1,Loaded,314,314,0,4177
201312,4,1,1,Loaded,142,142,0,2604
201312,2,1,1,Loaded,2431,2431,0,40023
201312,8,1,1,Loaded,106,106,0,2097
201312,5,1,1,Loaded,1285,1285,0,24042
201312,9,1,1,Loaded,356,356,0,8495
201312,6,2,1,Empty,2,0,2,0
201312,3,2,1,Empty,1,0,1,0
201312,2,2,1,Empty,2,0,2,0
201312,5,2,1,Empty,1,0,1,0
201312,6,2,1,Loaded,2742,2742,0,42450
201312,3,2,1,Loaded,870,870,0,13132
201312,1,2,1,Loaded,94,94,0,1093
201312,4,2,1,Loaded,101,101,0,1491
201312,2,2,1,Loaded,1010,1010,0,15079
201312,8,2,1,Loaded,11,11,0,163
201312,5,2,1,Loaded,623,623,0,9479
201312,9,2,1,Loaded,35,35,0,542
201312,6,3,1,Empty,2294,0,2294,0
201312,3,3,1,Empty,90,0,90,0
201312,1,3,1,Empty,104,0,104,0
201312,2,3,1,Empty,224,0,224,0
201312,5,3,1,Empty,16,0,16,0
201312,9,3,1,Empty,40,0,40,0
201312,6,3,1,Loaded,13722,13722,0,158249
201312,3,3,1,Loaded,1630,1630,0,19735
201312,1,3,1,Loaded,748,748,0,7632
201312,4,3,1,Loaded,600,600,0,7544
201312,2,3,1,Loaded,6292,6292,0,77830
201312,8,3,1,Loaded,622,622,0,8267
201312,5,3,1,Loaded,3560,3560,0,45790
201312,9,3,1,Loaded,866,866,0,10164
201312,6,4,1,Empty,284,0,284,0
201312,3,4,1,Empty,4,0,4,0
201312,2,4,1,Empty,14,0,14,0
201312,9,4,1,Empty,2,0,2,0
201312,6,4,1,Loaded,2964,2964,0,35252
201312,3,4,1,Loaded,1280,1280,0,15076
201312,1,4,1,Loaded,360,360,0,3684
201312,4,4,1,Loaded,162,162,0,1734
201312,2,4,1,Loaded,1180,1180,0,12910
201312,8,4,1,Loaded,180,180,0,2069
201312,5,4,1,Loaded,952,952,0,10195
201312,9,4,1,Loaded,62,62,0,675
201312,6,1,2,Empty,424,0,424,0
201312,3,1,2,Empty,326,0,326,0
201312,4,1,2,Empty,65,0,65,0
201312,2,1,2,Empty,3,0,3,0
201312,8,1,2,Empty,100,0,100,0
201312,5,1,2,Empty,212,0,212,0
201312,9,1,2,Empty,205,0,205,0
201312,6,1,2,Loaded,3138,3138,0,50996
201312,3,1,2,Loaded,453,453,0,7235
201312,1,1,2,Loaded,877,877,0,12612
201312,4,1,2,Loaded,161,161,0,2827
201312,2,1,2,Loaded,2120,2120,0,31290
201312,8,1,2,Loaded,238,238,0,4506
201312,5,1,2,Loaded,512,512,0,9126
201312,9,1,2,Loaded,342,342,0,6924
201312,6,2,2,Empty,1659,0,1659,0
201312,3,2,2,Empty,1048,0,1048,0
201312,1,2,2,Empty,20,0,20,0
201312,4,2,2,Empty,155,0,155,0
201312,2,2,2,Empty,984,0,984,0
201312,8,2,2,Empty,26,0,26,0
201312,5,2,2,Empty,982,0,982,0
201312,9,2,2,Empty,65,0,65,0
201312,6,2,2,Loaded,170,170,0,1556
201312,3,2,2,Loaded,28,28,0,331
201312,1,2,2,Loaded,65,65,0,580
201312,4,2,2,Loaded,2,2,0,17
201312,2,2,2,Loaded,123,123,0,806
201312,8,2,2,Loaded,2,2,0,18
201312,5,2,2,Loaded,26,26,0,44
201312,6,3,2,Empty,7348,0,7348,0
201312,3,3,2,Empty,1826,0,1826,0
201312,1,3,2,Empty,26,0,26,0
201312,4,3,2,Empty,590,0,590,0
201312,2,3,2,Empty,240,0,240,0
201312,8,3,2,Empty,356,0,356,0
201312,5,3,2,Empty,2520,0,2520,0
201312,9,3,2,Empty,830,0,830,0
201312,6,3,2,Loaded,3890,3890,0,29864
201312,3,3,2,Loaded,570,570,0,4462
201312,1,3,2,Loaded,1038,1038,0,7386
201312,4,3,2,Loaded,226,226,0,1447
201312,2,3,2,Loaded,2276,2276,0,14871
201312,8,3,2,Loaded,92,92,0,685
201312,5,3,2,Loaded,394,394,0,2974
201312,9,3,2,Loaded,224,224,0,2429
201312,6,4,2,Empty,1260,0,1260,0
201312,3,4,2,Empty,2582,0,2582,0
201312,1,4,2,Empty,60,0,60,0
201312,4,4,2,Empty,834,0,834,0
201312,2,4,2,Empty,370,0,370,0
201312,8,4,2,Empty,68,0,68,0
201312,5,4,2,Empty,442,0,442,0
201312,9,4,2,Empty,134,0,134,0
201312,6,4,2,Loaded,778,778,0,5665
201312,3,4,2,Loaded,108,108,0,989
201312,1,4,2,Loaded,122,122,0,539
201312,4,4,2,Loaded,4,4,0,43
201312,2,4,2,Loaded,378,378,0,2326
201312,8,4,2,Loaded,32,32,0,298
201312,5,4,2,Loaded,200,200,0,649
201312,7,1,1,Empty,2683,0,2683,0
201312,7,1,1,Loaded,3463,3463,0,55853
201312,7,2,1,Empty,3,0,3,0
201312,7,2,1,Loaded,889,889,0,12096
201312,7,3,1,Empty,2110,0,2110,0
201312,7,3,1,Loaded,6532,6532,0,63599
201312,7,4,1,Empty,478,0,478,0
201312,7,4,1,Loaded,1224,1224,0,12779
201312,7,1,2,Empty,7,0,7,0
201312,7,1,2,Loaded,9860,9860,0,126805
201312,7,2,2,Empty,826,0,826,0
201312,7,2,2,Loaded,784,784,0,6291
201312,7,3,2,Empty,382,0,382,0
201312,7,3,2,Loaded,15434,15434,0,97156
201312,7,4,2,Empty,362,0,362,0
201312,7,4,2,Loaded,2772,2772,0,21055
201311,6,1,1,Empty,1619,0,1619,0
201311,3,1,1,Empty,54,0,54,0
201311,1,1,1,Empty,499,0,499,0
201311,4,1,1,Empty,8,0,8,0
201311,2,1,1,Empty,238,0,238,0
201311,8,1,1,Empty,2,0,2,0
201311,5,1,1,Empty,6,0,6,0
201311,9,1,1,Empty,4,0,4,0
201311,6,1,1,Loaded,6559,6559,0,112422
201311,3,1,1,Loaded,1528,1528,0,27840
201311,1,1,1,Loaded,361,361,0,5284
201311,4,1,1,Loaded,233,233,0,4652
201311,2,1,1,Loaded,2432,2432,0,41668
201311,8,1,1,Loaded,73,73,0,1449
201311,5,1,1,Loaded,1196,1196,0,22095
201311,9,1,1,Loaded,216,216,0,5329
201311,6,2,1,Empty,8,0,8,0
201311,2,2,1,Empty,4,0,4,0
201311,5,2,1,Empty,4,0,4,0
201311,6,2,1,Loaded,2534,2534,0,38837
201311,3,2,1,Loaded,670,670,0,10021
201311,1,2,1,Loaded,118,118,0,1515
201311,4,2,1,Loaded,127,127,0,1956
201311,2,2,1,Loaded,888,888,0,13123
201311,8,2,1,Loaded,7,7,0,105
201311,5,2,1,Loaded,540,540,0,8437
201311,9,2,1,Loaded,14,14,0,205
201311,6,3,1,Empty,1202,0,1202,0
201311,3,3,1,Empty,74,0,74,0
201311,1,3,1,Empty,178,0,178,0
201311,4,3,1,Empty,10,0,10,0
201311,2,3,1,Empty,120,0,120,0
201311,8,3,1,Empty,4,0,4,0
201311,5,3,1,Empty,6,0,6,0
201311,9,3,1,Empty,20,0,20,0
201311,6,3,1,Loaded,14116,14116,0,162094
201311,3,3,1,Loaded,1762,1762,0,21816
201311,1,3,1,Loaded,936,936,0,9897
201311,4,3,1,Loaded,482,482,0,6031
201311,2,3,1,Loaded,6394,6394,0,80200
201311,8,3,1,Loaded,4,4,0,39
201311,5,3,1,Loaded,2768,2768,0,35240
201311,9,3,1,Loaded,766,766,0,8765
201311,6,4,1,Empty,542,0,542,0
201311,3,4,1,Empty,6,0,6,0
201311,2,4,1,Empty,8,0,8,0
201311,5,4,1,Empty,2,0,2,0
201311,6,4,1,Loaded,2668,2668,0,30583
201311,3,4,1,Loaded,1018,1018,0,12165
201311,1,4,1,Loaded,250,250,0,2763
201311,4,4,1,Loaded,156,156,0,1756
201311,2,4,1,Loaded,1224,1224,0,13455
201311,8,4,1,Loaded,158,158,0,1810
201311,5,4,1,Loaded,484,484,0,5426
201311,9,4,1,Loaded,32,32,0,333
201311,6,1,2,Empty,879,0,879,0
201311,3,1,2,Empty,60,0,60,0
201311,4,1,2,Empty,187,0,187,0
201311,2,1,2,Empty,170,0,170,0
201311,8,1,2,Empty,70,0,70,0
201311,5,1,2,Empty,141,0,141,0
201311,9,1,2,Empty,32,0,32,0
201311,6,1,2,Loaded,3095,3095,0,52076
201311,3,1,2,Loaded,585,585,0,9334
201311,1,1,2,Loaded,1217,1217,0,18433
201311,4,1,2,Loaded,158,158,0,2764
201311,2,1,2,Loaded,2671,2671,0,40917
201311,8,1,2,Loaded,273,273,0,5377
201311,5,1,2,Loaded,386,386,0,6770
201311,9,1,2,Loaded,238,238,0,5269
201311,6,2,2,Empty,1646,0,1646,0
201311,3,2,2,Empty,838,0,838,0
201311,1,2,2,Empty,95,0,95,0
201311,4,2,2,Empty,190,0,190,0
201311,2,2,2,Empty,731,0,731,0
201311,8,2,2,Empty,40,0,40,0
201311,5,2,2,Empty,1294,0,1294,0
201311,9,2,2,Empty,22,0,22,0
201311,6,2,2,Loaded,135,135,0,1225
201311,3,2,2,Loaded,28,28,0,348
201311,1,2,2,Loaded,56,56,0,416
201311,4,2,2,Loaded,7,7,0,95
201311,2,2,2,Loaded,108,108,0,784
201311,5,2,2,Loaded,22,22,0,124
201311,6,3,2,Empty,7718,0,7718,0
201311,3,3,2,Empty,776,0,776,0
201311,1,3,2,Empty,50,0,50,0
201311,4,3,2,Empty,954,0,954,0
201311,2,3,2,Empty,1950,0,1950,0
201311,5,3,2,Empty,2372,0,2372,0
201311,9,3,2,Empty,466,0,466,0
201311,6,3,2,Loaded,3508,3508,0,26749
201311,3,3,2,Loaded,536,536,0,4375
201311,1,3,2,Loaded,1266,1266,0,8202
201311,4,3,2,Loaded,158,158,0,1145
201311,2,3,2,Loaded,3178,3178,0,20802
201311,8,3,2,Loaded,20,20,0,152
201311,5,3,2,Loaded,288,288,0,1823
201311,9,3,2,Loaded,240,240,0,2582
201311,6,4,2,Empty,1090,0,1090,0
201311,3,4,2,Empty,1354,0,1354,0
201311,1,4,2,Empty,258,0,258,0
201311,4,4,2,Empty,238,0,238,0
201311,2,4,2,Empty,456,0,456,0
201311,8,4,2,Empty,214,0,214,0
201311,5,4,2,Empty,282,0,282,0
201311,9,4,2,Empty,92,0,92,0
201311,6,4,2,Loaded,678,678,0,4694
201311,3,4,2,Loaded,110,110,0,1103
201311,1,4,2,Loaded,128,128,0,969
201311,4,4,2,Loaded,4,4,0,49
201311,2,4,2,Loaded,374,374,0,2163
201311,8,4,2,Loaded,14,14,0,145
201311,5,4,2,Loaded,160,160,0,500
201311,7,1,1,Empty,3052,0,3052,0
201311,7,1,1,Loaded,3088,3088,0,49120
201311,7,2,1,Empty,38,0,38,0
201311,7,2,1,Loaded,735,735,0,9141
201311,7,3,1,Empty,1368,0,1368,0
201311,7,3,1,Loaded,5892,5892,0,58036
201311,7,4,1,Empty,1284,0,1284,0
201311,7,4,1,Loaded,1024,1024,0,9976
201311,7,1,2,Empty,65,0,65,0
201311,7,1,2,Loaded,12396,12396,0,161010
201311,7,2,2,Empty,482,0,482,0
201311,7,2,2,Loaded,980,980,0,7924
201311,7,3,2,Empty,86,0,86,0
201311,7,3,2,Loaded,18776,18776,0,120831
201311,7,4,2,Empty,162,0,162,0
201311,7,4,2,Loaded,3528,3528,0,23575
201310,6,1,1,Empty,2103,0,2103,0
201310,3,1,1,Empty,24,0,24,0
201310,1,1,1,Empty,296,0,296,0
201310,4,1,1,Empty,9,0,9,0
201310,2,1,1,Empty,360,0,360,0
201310,5,1,1,Empty,6,0,6,0
201310,9,1,1,Empty,5,0,5,0
201310,6,1,1,Loaded,7148,7148,0,123601
201310,3,1,1,Loaded,1360,1360,0,24591
201310,1,1,1,Loaded,426,426,0,6510
201310,4,1,1,Loaded,278,278,0,5666
201310,2,1,1,Loaded,2214,2214,0,37136
201310,8,1,1,Loaded,86,86,0,1670
201310,5,1,1,Loaded,925,925,0,16813
201310,9,1,1,Loaded,109,109,0,2321
201310,6,2,1,Empty,6,0,6,0
201310,3,2,1,Empty,2,0,2,0
201310,2,2,1,Empty,5,0,5,0
201310,9,2,1,Empty,1,0,1,0
201310,6,2,1,Loaded,2408,2408,0,36434
201310,3,2,1,Loaded,546,546,0,7972
201310,1,2,1,Loaded,103,103,0,1281
201310,4,2,1,Loaded,181,181,0,2958
201310,2,2,1,Loaded,877,877,0,13452
201310,8,2,1,Loaded,23,23,0,366
201310,5,2,1,Loaded,715,715,0,11134
201310,9,2,1,Loaded,25,25,0,398
201310,6,3,1,Empty,1806,0,1806,0
201310,3,3,1,Empty,130,0,130,0
201310,1,3,1,Empty,158,0,158,0
201310,4,3,1,Empty,12,0,12,0
201310,2,3,1,Empty,248,0,248,0
201310,8,3,1,Empty,4,0,4,0
201310,5,3,1,Empty,14,0,14,0
201310,9,3,1,Empty,28,0,28,0
201310,6,3,1,Loaded,15240,15240,0,174080
201310,3,3,1,Loaded,2168,2168,0,26491
201310,1,3,1,Loaded,1140,1140,0,12251
201310,4,3,1,Loaded,682,682,0,8224
201310,2,3,1,Loaded,5600,5600,0,68724
201310,5,3,1,Loaded,3246,3246,0,40424
201310,9,3,1,Loaded,760,760,0,8860
201310,6,4,1,Empty,300,0,300,0
201310,3,4,1,Empty,14,0,14,0
201310,4,4,1,Empty,6,0,6,0
201310,5,4,1,Empty,22,0,22,0
201310,9,4,1,Empty,2,0,2,0
201310,6,4,1,Loaded,2712,2712,0,30817
201310,3,4,1,Loaded,840,840,0,9982
201310,1,4,1,Loaded,268,268,0,3179
201310,4,4,1,Loaded,102,102,0,1156
201310,2,4,1,Loaded,834,834,0,8483
201310,8,4,1,Loaded,162,162,0,1901
201310,5,4,1,Loaded,654,654,0,7692
201310,9,4,1,Loaded,64,64,0,720
201310,6,1,2,Empty,930,0,930,0
201310,3,1,2,Empty,332,0,332,0
201310,1,1,2,Empty,2,0,2,0
201310,4,1,2,Empty,162,0,162,0
201310,2,1,2,Empty,138,0,138,0
201310,8,1,2,Empty,49,0,49,0
201310,5,1,2,Empty,192,0,192,0
201310,9,1,2,Empty,20,0,20,0
201310,6,1,2,Loaded,3680,3680,0,62669
201310,3,1,2,Loaded,425,425,0,6118
201310,1,1,2,Loaded,1365,1365,0,19819
201310,4,1,2,Loaded,248,248,0,4674
201310,2,1,2,Loaded,2682,2682,0,38896
201310,8,1,2,Loaded,125,125,0,2909
201310,5,1,2,Loaded,719,719,0,13218
201310,9,1,2,Loaded,227,227,0,4855
201310,6,2,2,Empty,962,0,962,0
201310,3,2,2,Empty,494,0,494,0
201310,1,2,2,Empty,50,0,50,0
201310,4,2,2,Empty,71,0,71,0
201310,2,2,2,Empty,1060,0,1060,0
201310,8,2,2,Empty,25,0,25,0
201310,5,2,2,Empty,521,0,521,0
201310,9,2,2,Empty,47,0,47,0
201310,6,2,2,Loaded,138,138,0,1217
201310,3,2,2,Loaded,20,20,0,216
201310,1,2,2,Loaded,62,62,0,559
201310,4,2,2,Loaded,22,22,0,315
201310,2,2,2,Loaded,88,88,0,552
201310,8,2,2,Loaded,1,1,0,17
201310,5,2,2,Loaded,84,84,0,1135
201310,6,3,2,Empty,8044,0,8044,0
201310,3,3,2,Empty,342,0,342,0
201310,1,3,2,Empty,60,0,60,0
201310,4,3,2,Empty,740,0,740,0
201310,2,3,2,Empty,202,0,202,0
201310,8,3,2,Empty,2,0,2,0
201310,5,3,2,Empty,1580,0,1580,0
201310,9,3,2,Empty,790,0,790,0
201310,6,3,2,Loaded,4230,4230,0,32489
201310,3,3,2,Loaded,550,550,0,4121
201310,1,3,2,Loaded,1630,1630,0,10510
201310,4,3,2,Loaded,228,228,0,1339
201310,2,3,2,Loaded,3528,3528,0,23613
201310,8,3,2,Loaded,12,12,0,96
201310,5,3,2,Loaded,518,518,0,3899
201310,9,3,2,Loaded,170,170,0,1758
201310,6,4,2,Empty,1338,0,1338,0
201310,3,4,2,Empty,666,0,666,0
201310,1,4,2,Empty,12,0,12,0
201310,4,4,2,Empty,60,0,60,0
201310,2,4,2,Empty,786,0,786,0
201310,8,4,2,Empty,290,0,290,0
201310,5,4,2,Empty,246,0,246,0
201310,9,4,2,Empty,60,0,60,0
201310,6,4,2,Loaded,736,736,0,5101
201310,3,4,2,Loaded,124,124,0,1147
201310,1,4,2,Loaded,236,236,0,1362
201310,4,4,2,Loaded,6,6,0,54
201310,2,4,2,Loaded,328,328,0,2386
201310,8,4,2,Loaded,16,16,0,152
201310,5,4,2,Loaded,178,178,0,1223
201310,7,1,1,Empty,1993,0,1993,0
201310,7,1,1,Loaded,3661,3661,0,60252
201310,7,2,1,Empty,46,0,46,0
201310,7,2,1,Loaded,666,666,0,8335
201310,7,3,1,Empty,938,0,938,0
201310,7,3,1,Loaded,7252,7252,0,69992
201310,7,4,1,Empty,796,0,796,0
201310,7,4,1,Loaded,866,866,0,8088
201310,7,1,2,Empty,105,0,105,0
201310,7,1,2,Loaded,13303,13303,0,173949
201310,7,2,2,Empty,290,0,290,0
201310,7,2,2,Loaded,1012,1012,0,8407
201310,7,3,2,Empty,66,0,66,0
201310,7,3,2,Loaded,20394,20394,0,131517
201310,7,4,2,Empty,120,0,120,0
201310,7,4,2,Loaded,3728,3728,0,25281
201309,6,1,1,Empty,2816,0,2816,0
201309,3,1,1,Empty,57,0,57,0
201309,1,1,1,Empty,453,0,453,0
201309,4,1,1,Empty,1,0,1,0
201309,2,1,1,Empty,423,0,423,0
201309,8,1,1,Empty,1,0,1,0
201309,5,1,1,Empty,122,0,122,0
201309,9,1,1,Empty,2,0,2,0
201309,6,1,1,Loaded,5851,5851,0,101048
201309,3,1,1,Loaded,1651,1651,0,30104
201309,1,1,1,Loaded,420,420,0,6462
201309,4,1,1,Loaded,237,237,0,4892
201309,2,1,1,Loaded,2068,2068,0,35878
201309,8,1,1,Loaded,106,106,0,2030
201309,5,1,1,Loaded,638,638,0,12809
201309,9,1,1,Loaded,151,151,0,3334
201309,6,2,1,Empty,30,0,30,0
201309,3,2,1,Empty,2,0,2,0
201309,1,2,1,Empty,1,0,1,0
201309,4,2,1,Empty,2,0,2,0
201309,2,2,1,Empty,4,0,4,0
201309,5,2,1,Empty,6,0,6,0
201309,9,2,1,Empty,1,0,1,0
201309,6,2,1,Loaded,1957,1957,0,28855
201309,3,2,1,Loaded,627,627,0,9424
201309,1,2,1,Loaded,106,106,0,1390
201309,4,2,1,Loaded,203,203,0,3568
201309,2,2,1,Loaded,878,878,0,12757
201309,8,2,1,Loaded,21,21,0,321
201309,5,2,1,Loaded,550,550,0,8543
201309,9,2,1,Loaded,17,17,0,277
201309,6,3,1,Empty,2962,0,2962,0
201309,3,3,1,Empty,86,0,86,0
201309,1,3,1,Empty,242,0,242,0
201309,4,3,1,Empty,6,0,6,0
201309,2,3,1,Empty,924,0,924,0
201309,8,3,1,Empty,6,0,6,0
201309,5,3,1,Empty,16,0,16,0
201309,9,3,1,Empty,16,0,16,0
201309,6,3,1,Loaded,12718,12718,0,144336
201309,3,3,1,Loaded,1160,1160,0,13502
201309,1,3,1,Loaded,972,972,0,10536
201309,4,3,1,Loaded,574,574,0,7203
201309,2,3,1,Loaded,3850,3850,0,45429
201309,8,3,1,Loaded,2,2,0,23
201309,5,3,1,Loaded,1992,1992,0,24453
201309,9,3,1,Loaded,608,608,0,6901
201309,6,4,1,Empty,272,0,272,0
201309,3,4,1,Empty,2,0,2,0
201309,4,4,1,Empty,212,0,212,0
201309,2,4,1,Empty,44,0,44,0
201309,5,4,1,Empty,20,0,20,0
201309,9,4,1,Empty,2,0,2,0
201309,6,4,1,Loaded,2806,2806,0,32111
201309,3,4,1,Loaded,1002,1002,0,11461
201309,1,4,1,Loaded,146,146,0,1786
201309,4,4,1,Loaded,114,114,0,1241
201309,2,4,1,Loaded,1218,1218,0,13038
201309,8,4,1,Loaded,256,256,0,2813
201309,5,4,1,Loaded,766,766,0,8965
201309,9,4,1,Loaded,54,54,0,577
201309,6,1,2,Empty,901,0,901,0
201309,3,1,2,Empty,323,0,323,0
201309,1,1,2,Empty,1,0,1,0
201309,4,1,2,Empty,281,0,281,0
201309,5,1,2,Empty,30,0,30,0
201309,6,1,2,Loaded,3030,3030,0,49843
201309,3,1,2,Loaded,433,433,0,6216
201309,1,1,2,Loaded,1118,1118,0,16375
201309,4,1,2,Loaded,184,184,0,3584
201309,2,1,2,Loaded,2677,2677,0,37723
201309,8,1,2,Loaded,289,289,0,6193
201309,5,1,2,Loaded,474,474,0,8505
201309,9,1,2,Loaded,195,195,0,4227
201309,6,2,2,Empty,1020,0,1020,0
201309,3,2,2,Empty,544,0,544,0
201309,1,2,2,Empty,12,0,12,0
201309,4,2,2,Empty,150,0,150,0
201309,2,2,2,Empty,507,0,507,0
201309,8,2,2,Empty,53,0,53,0
201309,5,2,2,Empty,248,0,248,0
201309,9,2,2,Empty,31,0,31,0
201309,6,2,2,Loaded,93,93,0,810
201309,3,2,2,Loaded,17,17,0,183
201309,1,2,2,Loaded,67,67,0,591
201309,4,2,2,Loaded,8,8,0,146
201309,2,2,2,Loaded,133,133,0,917
201309,8,2,2,Loaded,1,1,0,1
201309,5,2,2,Loaded,22,22,0,161
201309,6,3,2,Empty,5318,0,5318,0
201309,3,3,2,Empty,488,0,488,0
201309,1,3,2,Empty,222,0,222,0
201309,4,3,2,Empty,340,0,340,0
201309,2,3,2,Empty,228,0,228,0
201309,5,3,2,Empty,478,0,478,0
201309,9,3,2,Empty,518,0,518,0
201309,6,3,2,Loaded,3578,3578,0,26594
201309,3,3,2,Loaded,456,456,0,2905
201309,1,3,2,Loaded,1372,1372,0,9627
201309,4,3,2,Loaded,188,188,0,1053
201309,2,3,2,Loaded,3330,3330,0,22183
201309,8,3,2,Loaded,44,44,0,181
201309,5,3,2,Loaded,454,454,0,2907
201309,9,3,2,Loaded,164,164,0,1747
201309,6,4,2,Empty,658,0,658,0
201309,3,4,2,Empty,610,0,610,0
201309,1,4,2,Empty,16,0,16,0
201309,4,4,2,Empty,200,0,200,0
201309,2,4,2,Empty,566,0,566,0
201309,8,4,2,Empty,226,0,226,0
201309,5,4,2,Empty,160,0,160,0
201309,9,4,2,Empty,32,0,32,0
201309,6,4,2,Loaded,538,538,0,3584
201309,3,4,2,Loaded,120,120,0,1134
201309,1,4,2,Loaded,164,164,0,1014
201309,4,4,2,Loaded,4,4,0,48
201309,2,4,2,Loaded,390,390,0,2795
201309,8,4,2,Loaded,6,6,0,60
201309,5,4,2,Loaded,156,156,0,680
201309,7,1,1,Empty,2052,0,2052,0
201309,7,1,1,Loaded,3467,3467,0,55586
201309,7,2,1,Empty,17,0,17,0
201309,7,2,1,Loaded,757,757,0,9864
201309,7,3,1,Empty,1038,0,1038,0
201309,7,3,1,Loaded,5770,5770,0,55418
201309,7,4,1,Empty,968,0,968,0
201309,7,4,1,Loaded,1018,1018,0,9694
201309,7,1,2,Empty,52,0,52,0
201309,7,1,2,Loaded,11428,11428,0,149898
201309,7,2,2,Empty,426,0,426,0
201309,7,2,2,Loaded,828,828,0,6620
201309,7,3,2,Empty,70,0,70,0
201309,7,3,2,Loaded,16932,16932,0,105836
201309,7,4,2,Empty,88,0,88,0
201309,7,4,2,Loaded,3098,3098,0,21202
201308,6,1,1,Empty,3863,0,3863,0
201308,3,1,1,Empty,109,0,109,0
201308,1,1,1,Empty,589,0,589,0
201308,4,1,1,Empty,19,0,19,0
201308,2,1,1,Empty,1044,0,1044,0
201308,8,1,1,Empty,51,0,51,0
201308,5,1,1,Empty,55,0,55,0
201308,9,1,1,Empty,10,0,10,0
201308,6,1,1,Loaded,5753,5753,0,100310
201308,3,1,1,Loaded,1516,1516,0,27448
201308,1,1,1,Loaded,265,265,0,3790
201308,4,1,1,Loaded,164,164,0,3181
201308,2,1,1,Loaded,1906,1906,0,32763
201308,8,1,1,Loaded,95,95,0,1920
201308,5,1,1,Loaded,526,526,0,10225
201308,9,1,1,Loaded,172,172,0,3970
201308,6,2,1,Empty,5,0,5,0
201308,2,2,1,Empty,3,0,3,0
201308,5,2,1,Empty,4,0,4,0
201308,6,2,1,Loaded,1971,1971,0,29337
201308,3,2,1,Loaded,599,599,0,8748
201308,1,2,1,Loaded,82,82,0,1051
201308,4,2,1,Loaded,154,154,0,2570
201308,2,2,1,Loaded,672,672,0,9524
201308,8,2,1,Loaded,29,29,0,460
201308,5,2,1,Loaded,398,398,0,6167
201308,9,2,1,Loaded,18,18,0,298
201308,6,3,1,Empty,3338,0,3338,0
201308,3,3,1,Empty,106,0,106,0
201308,1,3,1,Empty,530,0,530,0
201308,4,3,1,Empty,4,0,4,0
201308,2,3,1,Empty,1312,0,1312,0
201308,5,3,1,Empty,22,0,22,0
201308,9,3,1,Empty,26,0,26,0
201308,6,3,1,Loaded,10998,10998,0,120764
201308,3,3,1,Loaded,1442,1442,0,16924
201308,1,3,1,Loaded,898,898,0,10084
201308,4,3,1,Loaded,704,704,0,8672
201308,2,3,1,Loaded,3364,3364,0,38830
201308,5,3,1,Loaded,1596,1596,0,19684
201308,9,3,1,Loaded,562,562,0,6077
201308,6,4,1,Empty,94,0,94,0
201308,3,4,1,Empty,6,0,6,0
201308,2,4,1,Empty,74,0,74,0
201308,5,4,1,Empty,20,0,20,0
201308,6,4,1,Loaded,3056,3056,0,34236
201308,3,4,1,Loaded,1378,1378,0,15790
201308,1,4,1,Loaded,206,206,0,2556
201308,4,4,1,Loaded,184,184,0,2047
201308,2,4,1,Loaded,1106,1106,0,12351
201308,8,4,1,Loaded,262,262,0,2867
201308,5,4,1,Loaded,480,480,0,5602
201308,9,4,1,Loaded,36,36,0,465
201308,6,1,2,Empty,495,0,495,0
201308,3,1,2,Empty,612,0,612,0
201308,1,1,2,Empty,2,0,2,0
201308,4,1,2,Empty,196,0,196,0
201308,2,1,2,Empty,16,0,16,0
201308,5,1,2,Empty,1,0,1,0
201308,9,1,2,Empty,6,0,6,0
201308,6,1,2,Loaded,3208,3208,0,54913
201308,3,1,2,Loaded,587,587,0,9091
201308,1,1,2,Loaded,942,942,0,13223
201308,4,1,2,Loaded,201,201,0,3887
201308,2,1,2,Loaded,2759,2759,0,39585
201308,8,1,2,Loaded,475,475,0,10029
201308,5,1,2,Loaded,331,331,0,5934
201308,9,1,2,Loaded,256,256,0,5442
201308,6,2,2,Empty,1553,0,1553,0
201308,3,2,2,Empty,711,0,711,0
201308,1,2,2,Empty,72,0,72,0
201308,4,2,2,Empty,73,0,73,0
201308,2,2,2,Empty,708,0,708,0
201308,8,2,2,Empty,25,0,25,0
201308,5,2,2,Empty,449,0,449,0
201308,9,2,2,Empty,16,0,16,0
201308,6,2,2,Loaded,86,86,0,732
201308,3,2,2,Loaded,17,17,0,221
201308,1,2,2,Loaded,53,53,0,559
201308,4,2,2,Loaded,5,5,0,82
201308,2,2,2,Loaded,149,149,0,1081
201308,8,2,2,Loaded,1,1,0,17
201308,5,2,2,Loaded,17,17,0,63
201308,6,3,2,Empty,3542,0,3542,0
201308,3,3,2,Empty,540,0,540,0
201308,4,3,2,Empty,314,0,314,0
201308,2,3,2,Empty,4,0,4,0
201308,5,3,2,Empty,724,0,724,0
201308,9,3,2,Empty,496,0,496,0
201308,6,3,2,Loaded,4204,4204,0,31592
201308,3,3,2,Loaded,574,574,0,4508
201308,1,3,2,Loaded,1286,1286,0,7849
201308,4,3,2,Loaded,224,224,0,1713
201308,2,3,2,Loaded,3524,3524,0,22936
201308,8,3,2,Loaded,18,18,0,129
201308,5,3,2,Loaded,244,244,0,1519
201308,9,3,2,Loaded,156,156,0,1601
201308,6,4,2,Empty,1312,0,1312,0
201308,3,4,2,Empty,910,0,910,0
201308,1,4,2,Empty,20,0,20,0
201308,4,4,2,Empty,220,0,220,0
201308,2,4,2,Empty,626,0,626,0
201308,8,4,2,Empty,198,0,198,0
201308,5,4,2,Empty,50,0,50,0
201308,9,4,2,Empty,38,0,38,0
201308,6,4,2,Loaded,388,388,0,2751
201308,3,4,2,Loaded,204,204,0,1859
201308,1,4,2,Loaded,100,100,0,850
201308,2,4,2,Loaded,286,286,0,2126
201308,8,4,2,Loaded,34,34,0,315
201308,5,4,2,Loaded,118,118,0,281
201308,7,1,1,Empty,1841,0,1841,0
201308,7,1,1,Loaded,2855,2855,0,45359
201308,7,2,1,Empty,47,0,47,0
201308,7,2,1,Loaded,582,582,0,7486
201308,7,3,1,Empty,1292,0,1292,0
201308,7,3,1,Loaded,5858,5858,0,57795
201308,7,4,1,Empty,1236,0,1236,0
201308,7,4,1,Loaded,876,876,0,8874
201308,7,1,2,Loaded,11719,11719,0,151298
201308,7,2,2,Empty,651,0,651,0
201308,7,2,2,Loaded,924,924,0,7965
201308,7,3,2,Empty,198,0,198,0
201308,7,3,2,Loaded,17524,17524,0,112546
201308,7,4,2,Empty,196,0,196,0
201308,7,4,2,Loaded,3088,3088,0,21734
201307,6,1,1,Empty,2735,0,2735,0
201307,3,1,1,Empty,248,0,248,0
201307,1,1,1,Empty,444,0,444,0
201307,4,1,1,Empty,12,0,12,0
201307,2,1,1,Empty,489,0,489,0
201307,5,1,1,Empty,49,0,49,0
201307,9,1,1,Empty,81,0,81,0
201307,6,1,1,Loaded,5849,5849,0,99439
201307,3,1,1,Loaded,1791,1791,0,32638
201307,1,1,1,Loaded,261,261,0,3381
201307,4,1,1,Loaded,195,195,0,3895
201307,2,1,1,Loaded,2092,2092,0,34628
201307,8,1,1,Loaded,117,117,0,2255
201307,5,1,1,Loaded,993,993,0,19126
201307,9,1,1,Loaded,170,170,0,4012
201307,6,2,1,Empty,46,0,46,0
201307,3,2,1,Empty,3,0,3,0
201307,4,2,1,Empty,1,0,1,0
201307,2,2,1,Empty,10,0,10,0
201307,8,2,1,Empty,1,0,1,0
201307,5,2,1,Empty,7,0,7,0
201307,9,2,1,Empty,1,0,1,0
201307,6,2,1,Loaded,2532,2532,0,38019
201307,3,2,1,Loaded,689,689,0,10168
201307,1,2,1,Loaded,146,146,0,1946
201307,4,2,1,Loaded,218,218,0,3614
201307,2,2,1,Loaded,820,820,0,12296
201307,8,2,1,Loaded,40,40,0,594
201307,5,2,1,Loaded,711,711,0,10901
201307,9,2,1,Loaded,19,19,0,307
201307,6,3,1,Empty,2384,0,2384,0
201307,3,3,1,Empty,150,0,150,0
201307,1,3,1,Empty,186,0,186,0
201307,2,3,1,Empty,716,0,716,0
201307,8,3,1,Empty,36,0,36,0
201307,5,3,1,Empty,38,0,38,0
201307,9,3,1,Empty,28,0,28,0
201307,6,3,1,Loaded,12328,12328,0,136502
201307,3,3,1,Loaded,1862,1862,0,22124
201307,1,3,1,Loaded,1204,1204,0,12941
201307,4,3,1,Loaded,584,584,0,7348
201307,2,3,1,Loaded,3318,3318,0,39087
201307,5,3,1,Loaded,2586,2586,0,32973
201307,9,3,1,Loaded,668,668,0,7358
201307,6,4,1,Empty,22,0,22,0
201307,3,4,1,Empty,6,0,6,0
201307,4,4,1,Empty,18,0,18,0
201307,2,4,1,Empty,4,0,4,0
201307,5,4,1,Empty,16,0,16,0
201307,6,4,1,Loaded,4262,4262,0,48251
201307,3,4,1,Loaded,2658,2658,0,30683
201307,1,4,1,Loaded,120,120,0,1310
201307,4,4,1,Loaded,364,364,0,4038
201307,2,4,1,Loaded,1250,1250,0,13936
201307,8,4,1,Loaded,264,264,0,2881
201307,5,4,1,Loaded,792,792,0,9339
201307,9,4,1,Loaded,86,86,0,1035
201307,6,1,2,Empty,244,0,244,0
201307,3,1,2,Empty,54,0,54,0
201307,4,1,2,Empty,173,0,173,0
201307,8,1,2,Empty,32,0,32,0
201307,5,1,2,Empty,41,0,41,0
201307,9,1,2,Empty,30,0,30,0
201307,6,1,2,Loaded,3479,3479,0,57079
201307,3,1,2,Loaded,508,508,0,7899
201307,1,1,2,Loaded,922,922,0,13311
201307,4,1,2,Loaded,157,157,0,2749
201307,2,1,2,Loaded,2214,2214,0,33591
201307,8,1,2,Loaded,228,228,0,4696
201307,5,1,2,Loaded,423,423,0,7675
201307,9,1,2,Loaded,161,161,0,3583
201307,6,2,2,Empty,1152,0,1152,0
201307,3,2,2,Empty,640,0,640,0
201307,1,2,2,Empty,63,0,63,0
201307,4,2,2,Empty,114,0,114,0
201307,2,2,2,Empty,654,0,654,0
201307,8,2,2,Empty,46,0,46,0
201307,5,2,2,Empty,834,0,834,0
201307,9,2,2,Empty,27,0,27,0
201307,6,2,2,Loaded,87,87,0,907
201307,3,2,2,Loaded,22,22,0,186
201307,1,2,2,Loaded,59,59,0,631
201307,4,2,2,Loaded,6,6,0,98
201307,2,2,2,Loaded,132,132,0,1043
201307,5,2,2,Loaded,13,13,0,65
201307,6,3,2,Empty,3368,0,3368,0
201307,3,3,2,Empty,360,0,360,0
201307,1,3,2,Empty,40,0,40,0
201307,4,3,2,Empty,260,0,260,0
201307,2,3,2,Empty,36,0,36,0
201307,8,3,2,Empty,40,0,40,0
201307,5,3,2,Empty,822,0,822,0
201307,9,3,2,Empty,386,0,386,0
201307,6,3,2,Loaded,4874,4874,0,38093
201307,3,3,2,Loaded,596,596,0,4565
201307,1,3,2,Loaded,1234,1234,0,8168
201307,4,3,2,Loaded,234,234,0,1822
201307,2,3,2,Loaded,2650,2650,0,18628
201307,8,3,2,Loaded,8,8,0,53
201307,5,3,2,Loaded,302,302,0,1929
201307,9,3,2,Loaded,14,14,0,71
201307,6,4,2,Empty,1150,0,1150,0
201307,3,4,2,Empty,1106,0,1106,0
201307,4,4,2,Empty,232,0,232,0
201307,2,4,2,Empty,340,0,340,0
201307,8,4,2,Empty,234,0,234,0
201307,5,4,2,Empty,306,0,306,0
201307,9,4,2,Empty,8,0,8,0
201307,6,4,2,Loaded,476,476,0,3080
201307,3,4,2,Loaded,166,166,0,1637
201307,1,4,2,Loaded,74,74,0,668
201307,4,4,2,Loaded,2,2,0,25
201307,2,4,2,Loaded,240,240,0,1651
201307,8,4,2,Loaded,34,34,0,318
201307,5,4,2,Loaded,136,136,0,312
201307,7,1,1,Empty,1855,0,1855,0
201307,7,1,1,Loaded,3237,3237,0,52395
201307,7,2,1,Empty,4,0,4,0
201307,7,2,1,Loaded,741,741,0,9908
201307,7,3,1,Empty,1394,0,1394,0
201307,7,3,1,Loaded,5494,5494,0,52349
201307,7,4,1,Empty,452,0,452,0
201307,7,4,1,Loaded,1084,1084,0,10983
201307,7,1,2,Empty,20,0,20,0
201307,7,1,2,Loaded,10965,10965,0,145759
201307,7,2,2,Empty,854,0,854,0
201307,7,2,2,Loaded,818,818,0,6664
201307,7,3,2,Empty,302,0,302,0
201307,7,3,2,Loaded,15898,15898,0,106358
201307,7,4,2,Empty,256,0,256,0
201307,7,4,2,Loaded,3082,3082,0,21157
201306,6,1,1,Empty,3073,0,3073,0
201306,3,1,1,Empty,145,0,145,0
201306,1,1,1,Empty,378,0,378,0
201306,4,1,1,Empty,3,0,3,0
201306,2,1,1,Empty,360,0,360,0
201306,8,1,1,Empty,2,0,2,0
201306,5,1,1,Empty,117,0,117,0
201306,9,1,1,Empty,3,0,3,0
201306,6,1,1,Loaded,5980,5980,0,104211
201306,3,1,1,Loaded,1646,1646,0,30215
201306,1,1,1,Loaded,261,261,0,3902
201306,4,1,1,Loaded,147,147,0,2557
201306,2,1,1,Loaded,2257,2257,0,39016
201306,8,1,1,Loaded,229,229,0,4327
201306,5,1,1,Loaded,1113,1113,0,21201
201306,9,1,1,Loaded,274,274,0,5918
201306,6,2,1,Empty,5,0,5,0
201306,3,2,1,Empty,2,0,2,0
201306,2,2,1,Empty,2,0,2,0
201306,5,2,1,Empty,9,0,9,0
201306,9,2,1,Empty,1,0,1,0
201306,6,2,1,Loaded,2585,2585,0,39328
201306,3,2,1,Loaded,674,674,0,10159
201306,1,2,1,Loaded,108,108,0,1309
201306,4,2,1,Loaded,104,104,0,1670
201306,2,2,1,Loaded,969,969,0,14484
201306,8,2,1,Loaded,42,42,0,744
201306,5,2,1,Loaded,857,857,0,13262
201306,9,2,1,Loaded,23,23,0,349
201306,6,3,1,Empty,2256,0,2256,0
201306,3,3,1,Empty,100,0,100,0
201306,1,3,1,Empty,170,0,170,0
201306,4,3,1,Empty,2,0,2,0
201306,2,3,1,Empty,246,0,246,0
201306,5,3,1,Empty,22,0,22,0
201306,9,3,1,Empty,14,0,14,0
201306,6,3,1,Loaded,11438,11438,0,126822
201306,3,3,1,Loaded,1532,1532,0,18291
201306,1,3,1,Loaded,878,878,0,9469
201306,4,3,1,Loaded,532,532,0,6753
201306,2,3,1,Loaded,4120,4120,0,49810
201306,8,3,1,Loaded,20,20,0,239
201306,5,3,1,Loaded,2452,2452,0,30706
201306,9,3,1,Loaded,934,934,0,11110
201306,6,4,1,Empty,20,0,20,0
201306,3,4,1,Empty,28,0,28,0
201306,1,4,1,Empty,2,0,2,0
201306,2,4,1,Empty,2,0,2,0
201306,6,4,1,Loaded,4814,4814,0,53468
201306,3,4,1,Loaded,3554,3554,0,41014
201306,1,4,1,Loaded,152,152,0,1758
201306,4,4,1,Loaded,748,748,0,8293
201306,2,4,1,Loaded,1246,1246,0,13944
201306,8,4,1,Loaded,318,318,0,3622
201306,5,4,1,Loaded,1304,1304,0,15513
201306,9,4,1,Loaded,176,176,0,2061
201306,6,1,2,Empty,500,0,500,0
201306,3,1,2,Empty,734,0,734,0
201306,4,1,2,Empty,35,0,35,0
201306,2,1,2,Empty,108,0,108,0
201306,8,1,2,Empty,50,0,50,0
201306,5,1,2,Empty,401,0,401,0
201306,9,1,2,Empty,164,0,164,0
201306,6,1,2,Loaded,3647,3647,0,59173
201306,3,1,2,Loaded,551,551,0,9259
201306,1,1,2,Loaded,931,931,0,13910
201306,4,1,2,Loaded,105,105,0,1840
201306,2,1,2,Loaded,2253,2253,0,33360
201306,8,1,2,Loaded,196,196,0,3999
201306,5,1,2,Loaded,385,385,0,7252
201306,9,1,2,Loaded,210,210,0,4273
201306,6,2,2,Empty,1226,0,1226,0
201306,3,2,2,Empty,597,0,597,0
201306,1,2,2,Empty,117,0,117,0
201306,4,2,2,Empty,13,0,13,0
201306,2,2,2,Empty,1043,0,1043,0
201306,8,2,2,Empty,36,0,36,0
201306,5,2,2,Empty,906,0,906,0
201306,9,2,2,Empty,34,0,34,0
201306,6,2,2,Loaded,150,150,0,1503
201306,3,2,2,Loaded,22,22,0,250
201306,1,2,2,Loaded,38,38,0,306
201306,4,2,2,Loaded,3,3,0,45
201306,2,2,2,Loaded,131,131,0,1045
201306,8,2,2,Loaded,1,1,0,17
201306,5,2,2,Loaded,21,21,0,131
201306,6,3,2,Empty,4728,0,4728,0
201306,3,3,2,Empty,270,0,270,0
201306,1,3,2,Empty,162,0,162,0
201306,4,3,2,Empty,240,0,240,0
201306,2,3,2,Empty,4,0,4,0
201306,5,3,2,Empty,1254,0,1254,0
201306,9,3,2,Empty,1228,0,1228,0
201306,6,3,2,Loaded,4724,4724,0,35914
201306,3,3,2,Loaded,370,370,0,2932
201306,1,3,2,Loaded,1162,1162,0,7543
201306,4,3,2,Loaded,160,160,0,1185
201306,2,3,2,Loaded,2516,2516,0,17054
201306,8,3,2,Loaded,18,18,0,153
201306,5,3,2,Loaded,338,338,0,2441
201306,9,3,2,Loaded,90,90,0,943
201306,6,4,2,Empty,2626,0,2626,0
201306,3,4,2,Empty,2894,0,2894,0
201306,1,4,2,Empty,220,0,220,0
201306,4,4,2,Empty,266,0,266,0
201306,2,4,2,Empty,976,0,976,0
201306,8,4,2,Empty,438,0,438,0
201306,5,4,2,Empty,722,0,722,0
201306,9,4,2,Empty,290,0,290,0
201306,6,4,2,Loaded,488,488,0,3468
201306,3,4,2,Loaded,146,146,0,1420
201306,1,4,2,Loaded,168,168,0,965
201306,4,4,2,Loaded,2,2,0,24
201306,2,4,2,Loaded,318,318,0,1938
201306,8,4,2,Loaded,22,22,0,195
201306,5,4,2,Loaded,204,204,0,436
201306,7,1,1,Empty,1859,0,1859,0
201306,7,1,1,Loaded,2898,2898,0,50366
201306,7,2,1,Empty,68,0,68,0
201306,7,2,1,Loaded,682,682,0,9235
201306,7,3,1,Empty,1424,0,1424,0
201306,7,3,1,Loaded,4628,4628,0,45661
201306,7,4,1,Empty,82,0,82,0
201306,7,4,1,Loaded,1442,1442,0,15125
201306,7,1,2,Empty,13,0,13,0
201306,7,1,2,Loaded,9463,9463,0,124264
201306,7,2,2,Empty,435,0,435,0
201306,7,2,2,Loaded,822,822,0,7168
201306,7,3,2,Empty,256,0,256,0
201306,7,3,2,Loaded,12650,12650,0,82289
201306,7,4,2,Empty,218,0,218,0
201306,7,4,2,Loaded,2278,2278,0,15520
201305,6,1,1,Empty,2421,0,2421,0
201305,3,1,1,Empty,121,0,121,0
201305,1,1,1,Empty,647,0,647,0
201305,4,1,1,Empty,4,0,4,0
201305,2,1,1,Empty,497,0,497,0
201305,8,1,1,Empty,3,0,3,0
201305,5,1,1,Empty,40,0,40,0
201305,9,1,1,Empty,2,0,2,0
201305,6,1,1,Loaded,6540,6540,0,109103
201305,3,1,1,Loaded,1754,1754,0,31652
201305,1,1,1,Loaded,433,433,0,6589
201305,4,1,1,Loaded,108,108,0,1775
201305,2,1,1,Loaded,2517,2517,0,42969
201305,8,1,1,Loaded,136,136,0,2665
201305,5,1,1,Loaded,706,706,0,12857
201305,9,1,1,Loaded,308,308,0,6573
201305,6,2,1,Empty,53,0,53,0
201305,3,2,1,Empty,5,0,5,0
201305,4,2,1,Empty,1,0,1,0
201305,2,2,1,Empty,3,0,3,0
201305,5,2,1,Empty,3,0,3,0
201305,9,2,1,Empty,7,0,7,0
201305,6,2,1,Loaded,2928,2928,0,44908
201305,3,2,1,Loaded,711,711,0,10545
201305,1,2,1,Loaded,200,200,0,2740
201305,4,2,1,Loaded,154,154,0,2387
201305,2,2,1,Loaded,1153,1153,0,17384
201305,8,2,1,Loaded,27,27,0,409
201305,5,2,1,Loaded,947,947,0,14297
201305,9,2,1,Loaded,29,29,0,468
201305,6,3,1,Empty,2938,0,2938,0
201305,3,3,1,Empty,232,0,232,0
201305,1,3,1,Empty,150,0,150,0
201305,4,3,1,Empty,4,0,4,0
201305,2,3,1,Empty,494,0,494,0
201305,5,3,1,Empty,12,0,12,0
201305,9,3,1,Empty,24,0,24,0
201305,6,3,1,Loaded,12404,12404,0,137725
201305,3,3,1,Loaded,2380,2380,0,28940
201305,1,3,1,Loaded,1158,1158,0,12681
201305,4,3,1,Loaded,496,496,0,6232
201305,2,3,1,Loaded,4620,4620,0,56465
201305,8,3,1,Loaded,16,16,0,187
201305,5,3,1,Loaded,3060,3060,0,39138
201305,9,3,1,Loaded,1226,1226,0,14382
201305,6,4,1,Empty,18,0,18,0
201305,3,4,1,Empty,14,0,14,0
201305,4,4,1,Empty,14,0,14,0
201305,2,4,1,Empty,12,0,12,0
201305,5,4,1,Empty,2,0,2,0
201305,9,4,1,Empty,2,0,2,0
201305,6,4,1,Loaded,6194,6194,0,69744
201305,3,4,1,Loaded,4342,4342,0,50298
201305,1,4,1,Loaded,176,176,0,2005
201305,4,4,1,Loaded,1318,1318,0,14421
201305,2,4,1,Loaded,1514,1514,0,16991
201305,8,4,1,Loaded,280,280,0,3236
201305,5,4,1,Loaded,1484,1484,0,17553
201305,9,4,1,Loaded,180,180,0,2107
201305,6,1,2,Empty,1452,0,1452,0
201305,3,1,2,Empty,700,0,700,0
201305,1,1,2,Empty,8,0,8,0
201305,4,1,2,Empty,95,0,95,0
201305,2,1,2,Empty,91,0,91,0
201305,8,1,2,Empty,134,0,134,0
201305,5,1,2,Empty,259,0,259,0
201305,9,1,2,Empty,164,0,164,0
201305,6,1,2,Loaded,3850,3850,0,62824
201305,3,1,2,Loaded,501,501,0,8228
201305,1,1,2,Loaded,1070,1070,0,15470
201305,4,1,2,Loaded,153,153,0,2683
201305,2,1,2,Loaded,2351,2351,0,34315
201305,8,1,2,Loaded,126,126,0,2527
201305,5,1,2,Loaded,362,362,0,6657
201305,9,1,2,Loaded,247,247,0,5357
201305,6,2,2,Empty,1847,0,1847,0
201305,3,2,2,Empty,545,0,545,0
201305,1,2,2,Empty,136,0,136,0
201305,4,2,2,Empty,107,0,107,0
201305,2,2,2,Empty,985,0,985,0
201305,8,2,2,Empty,38,0,38,0
201305,5,2,2,Empty,819,0,819,0
201305,9,2,2,Empty,51,0,51,0
201305,6,2,2,Loaded,167,167,0,1639
201305,3,2,2,Loaded,15,15,0,129
201305,1,2,2,Loaded,52,52,0,461
201305,4,2,2,Loaded,9,9,0,111
201305,2,2,2,Loaded,132,132,0,1087
201305,8,2,2,Loaded,1,1,0,17
201305,5,2,2,Loaded,17,17,0,35
201305,9,2,2,Loaded,1,1,0,11
201305,6,3,2,Empty,5480,0,5480,0
201305,3,3,2,Empty,526,0,526,0
201305,1,3,2,Empty,120,0,120,0
201305,4,3,2,Empty,380,0,380,0
201305,2,3,2,Empty,2,0,2,0
201305,8,3,2,Empty,22,0,22,0
201305,5,3,2,Empty,1802,0,1802,0
201305,9,3,2,Empty,1002,0,1002,0
201305,6,3,2,Loaded,4934,4934,0,36240
201305,3,3,2,Loaded,472,472,0,3391
201305,1,3,2,Loaded,1348,1348,0,8805
201305,4,3,2,Loaded,230,230,0,1728
201305,2,3,2,Loaded,3084,3084,0,22591
201305,8,3,2,Loaded,46,46,0,232
201305,5,3,2,Loaded,268,268,0,1773
201305,9,3,2,Loaded,42,42,0,320
201305,6,4,2,Empty,1750,0,1750,0
201305,3,4,2,Empty,4026,0,4026,0
201305,1,4,2,Empty,80,0,80,0
201305,4,4,2,Empty,1024,0,1024,0
201305,2,4,2,Empty,1052,0,1052,0
201305,8,4,2,Empty,446,0,446,0
201305,5,4,2,Empty,774,0,774,0
201305,9,4,2,Empty,308,0,308,0
201305,6,4,2,Loaded,658,658,0,4372
201305,3,4,2,Loaded,152,152,0,1429
201305,1,4,2,Loaded,96,96,0,601
201305,4,4,2,Loaded,4,4,0,26
201305,2,4,2,Loaded,240,240,0,1917
201305,8,4,2,Loaded,6,6,0,59
201305,5,4,2,Loaded,174,174,0,423
201305,7,1,1,Empty,898,0,898,0
201305,7,1,1,Loaded,3126,3126,0,52113
201305,7,2,1,Empty,19,0,19,0
201305,7,2,1,Loaded,704,704,0,9341
201305,7,3,1,Empty,902,0,902,0
201305,7,3,1,Loaded,5662,5662,0,55916
201305,7,4,1,Empty,62,0,62,0
201305,7,4,1,Loaded,1676,1676,0,17458
201305,7,1,2,Empty,77,0,77,0
201305,7,1,2,Loaded,9799,9799,0,128311
201305,7,2,2,Empty,648,0,648,0
201305,7,2,2,Loaded,838,838,0,7036
201305,7,3,2,Empty,360,0,360,0
201305,7,3,2,Loaded,12836,12836,0,85665
201305,7,4,2,Empty,366,0,366,0
201305,7,4,2,Loaded,2644,2644,0,19614
201304,6,1,1,Empty,1707,0,1707,0
201304,3,1,1,Empty,79,0,79,0
201304,1,1,1,Empty,270,0,270,0
201304,2,1,1,Empty,186,0,186,0
201304,5,1,1,Empty,98,0,98,0
201304,9,1,1,Empty,1,0,1,0
201304,6,1,1,Loaded,5405,5405,0,90783
201304,3,1,1,Loaded,1814,1814,0,32966
201304,1,1,1,Loaded,464,464,0,6789
201304,4,1,1,Loaded,214,214,0,3932
201304,2,1,1,Loaded,2554,2554,0,43205
201304,8,1,1,Loaded,153,153,0,2985
201304,5,1,1,Loaded,1016,1016,0,18530
201304,9,1,1,Loaded,106,106,0,2192
201304,6,2,1,Empty,18,0,18,0
201304,3,2,1,Empty,5,0,5,0
201304,2,2,1,Empty,10,0,10,0
201304,5,2,1,Empty,14,0,14,0
201304,6,2,1,Loaded,2482,2482,0,37646
201304,3,2,1,Loaded,826,826,0,12424
201304,1,2,1,Loaded,188,188,0,2656
201304,4,2,1,Loaded,128,128,0,1986
201304,2,2,1,Loaded,925,925,0,13743
201304,8,2,1,Loaded,16,16,0,245
201304,5,2,1,Loaded,950,950,0,14598
201304,9,2,1,Loaded,9,9,0,128
201304,6,3,1,Empty,1784,0,1784,0
201304,3,3,1,Empty,230,0,230,0
201304,1,3,1,Empty,116,0,116,0
201304,2,3,1,Empty,698,0,698,0
201304,5,3,1,Empty,102,0,102,0
201304,9,3,1,Empty,6,0,6,0
201304,6,3,1,Loaded,11726,11726,0,134515
201304,3,3,1,Loaded,1788,1788,0,21776
201304,1,3,1,Loaded,874,874,0,9519
201304,4,3,1,Loaded,460,460,0,5842
201304,2,3,1,Loaded,4854,4854,0,59756
201304,8,3,1,Loaded,4,4,0,50
201304,5,3,1,Loaded,2680,2680,0,33981
201304,9,3,1,Loaded,258,258,0,3031
201304,6,4,1,Empty,24,0,24,0
201304,3,4,1,Empty,16,0,16,0
201304,4,4,1,Empty,8,0,8,0
201304,2,4,1,Empty,12,0,12,0
201304,5,4,1,Empty,38,0,38,0
201304,9,4,1,Empty,2,0,2,0
201304,6,4,1,Loaded,4860,4860,0,56188
201304,3,4,1,Loaded,5550,5550,0,66509
201304,1,4,1,Loaded,256,256,0,2932
201304,4,4,1,Loaded,836,836,0,9262
201304,2,4,1,Loaded,1542,1542,0,17208
201304,8,4,1,Loaded,290,290,0,3378
201304,5,4,1,Loaded,1598,1598,0,18867
201304,9,4,1,Loaded,102,102,0,1303
201304,6,1,2,Empty,786,0,786,0
201304,3,1,2,Empty,437,0,437,0
201304,1,1,2,Empty,27,0,27,0
201304,4,1,2,Empty,131,0,131,0
201304,2,1,2,Empty,157,0,157,0
201304,8,1,2,Empty,184,0,184,0
201304,5,1,2,Empty,440,0,440,0
201304,9,1,2,Empty,138,0,138,0
201304,6,1,2,Loaded,3012,3012,0,49092
201304,3,1,2,Loaded,517,517,0,8361
201304,1,1,2,Loaded,984,984,0,14042
201304,4,1,2,Loaded,155,155,0,2650
201304,2,1,2,Loaded,2106,2106,0,31653
201304,8,1,2,Loaded,172,172,0,3443
201304,5,1,2,Loaded,335,335,0,6268
201304,9,1,2,Loaded,85,85,0,1614
201304,6,2,2,Empty,1957,0,1957,0
201304,3,2,2,Empty,830,0,830,0
201304,1,2,2,Empty,115,0,115,0
201304,4,2,2,Empty,144,0,144,0
201304,2,2,2,Empty,1271,0,1271,0
201304,8,2,2,Empty,71,0,71,0
201304,5,2,2,Empty,925,0,925,0
201304,9,2,2,Empty,37,0,37,0
201304,6,2,2,Loaded,133,133,0,1474
201304,3,2,2,Loaded,27,27,0,320
201304,1,2,2,Loaded,47,47,0,337
201304,4,2,2,Loaded,2,2,0,35
201304,2,2,2,Loaded,138,138,0,984
201304,5,2,2,Loaded,11,11,0,6
201304,6,3,2,Empty,6638,0,6638,0
201304,3,3,2,Empty,1278,0,1278,0
201304,1,3,2,Empty,280,0,280,0
201304,4,3,2,Empty,420,0,420,0
201304,2,3,2,Empty,260,0,260,0
201304,8,3,2,Empty,42,0,42,0
201304,5,3,2,Empty,2788,0,2788,0
201304,9,3,2,Empty,720,0,720,0
201304,6,3,2,Loaded,3568,3568,0,27114
201304,3,3,2,Loaded,566,566,0,4716
201304,1,3,2,Loaded,1048,1048,0,7326
201304,4,3,2,Loaded,148,148,0,1140
201304,2,3,2,Loaded,2438,2438,0,17350
201304,8,3,2,Loaded,10,10,0,65
201304,5,3,2,Loaded,244,244,0,1721
201304,9,3,2,Loaded,96,96,0,1037
201304,6,4,2,Empty,2854,0,2854,0
201304,3,4,2,Empty,4396,0,4396,0
201304,1,4,2,Empty,154,0,154,0
201304,4,4,2,Empty,1098,0,1098,0
201304,2,4,2,Empty,1160,0,1160,0
201304,8,4,2,Empty,246,0,246,0
201304,5,4,2,Empty,2238,0,2238,0
201304,9,4,2,Empty,132,0,132,0
201304,6,4,2,Loaded,444,444,0,3220
201304,3,4,2,Loaded,166,166,0,1548
201304,1,4,2,Loaded,106,106,0,469
201304,2,4,2,Loaded,244,244,0,1614
201304,8,4,2,Loaded,6,6,0,63
201304,5,4,2,Loaded,128,128,0,274
201304,7,1,1,Empty,1518,0,1518,0
201304,7,1,1,Loaded,3502,3502,0,57286
201304,7,2,1,Empty,24,0,24,0
201304,7,2,1,Loaded,969,969,0,13481
201304,7,3,1,Empty,936,0,936,0
201304,7,3,1,Loaded,5492,5492,0,52248
201304,7,4,1,Empty,114,0,114,0
201304,7,4,1,Loaded,1662,1662,0,18001
201304,7,1,2,Empty,232,0,232,0
201304,7,1,2,Loaded,9640,9640,0,128830
201304,7,2,2,Empty,457,0,457,0
201304,7,2,2,Loaded,693,693,0,5676
201304,7,3,2,Empty,354,0,354,0
201304,7,3,2,Loaded,12860,12860,0,86976
201304,7,4,2,Empty,438,0,438,0
201304,7,4,2,Loaded,2748,2748,0,20834
201303,6,1,1,Empty,2157,0,2157,0
201303,3,1,1,Empty,132,0,132,0
201303,1,1,1,Empty,352,0,352,0
201303,2,1,1,Empty,243,0,243,0
201303,8,1,1,Empty,1,0,1,0
201303,5,1,1,Empty,35,0,35,0
201303,6,1,1,Loaded,5792,5792,0,98287
201303,3,1,1,Loaded,2071,2071,0,37748
201303,1,1,1,Loaded,579,579,0,8928
201303,4,1,1,Loaded,123,123,0,2167
201303,2,1,1,Loaded,2347,2347,0,40123
201303,8,1,1,Loaded,205,205,0,3990
201303,5,1,1,Loaded,1800,1800,0,32459
201303,9,1,1,Loaded,191,191,0,3799
201303,6,2,1,Empty,60,0,60,0
201303,3,2,1,Empty,4,0,4,0
201303,1,2,1,Empty,1,0,1,0
201303,2,2,1,Empty,10,0,10,0
201303,5,2,1,Empty,1,0,1,0
201303,6,2,1,Loaded,3112,3112,0,48513
201303,3,2,1,Loaded,954,954,0,14713
201303,1,2,1,Loaded,166,166,0,2361
201303,4,2,1,Loaded,78,78,0,1265
201303,2,2,1,Loaded,807,807,0,12111
201303,8,2,1,Loaded,18,18,0,283
201303,5,2,1,Loaded,1384,1384,0,21750
201303,9,2,1,Loaded,18,18,0,238
201303,6,3,1,Empty,1886,0,1886,0
201303,3,3,1,Empty,76,0,76,0
201303,1,3,1,Empty,192,0,192,0
201303,2,3,1,Empty,210,0,210,0
201303,5,3,1,Empty,82,0,82,0
201303,9,3,1,Empty,14,0,14,0
201303,6,3,1,Loaded,12698,12698,0,144279
201303,3,3,1,Loaded,2112,2112,0,25420
201303,1,3,1,Loaded,1264,1264,0,13401
201303,4,3,1,Loaded,460,460,0,5756
201303,2,3,1,Loaded,4870,4870,0,59727
201303,8,3,1,Loaded,146,146,0,1795
201303,5,3,1,Loaded,4146,4146,0,51996
201303,9,3,1,Loaded,892,892,0,10268
201303,6,4,1,Empty,256,0,256,0
201303,3,4,1,Empty,2,0,2,0
201303,2,4,1,Empty,4,0,4,0
201303,9,4,1,Empty,2,0,2,0
201303,6,4,1,Loaded,3832,3832,0,45367
201303,3,4,1,Loaded,5626,5626,0,69286
201303,1,4,1,Loaded,270,270,0,3030
201303,4,4,1,Loaded,328,328,0,3580
201303,2,4,1,Loaded,1368,1368,0,15198
201303,8,4,1,Loaded,346,346,0,4106
201303,5,4,1,Loaded,1972,1972,0,23282
201303,9,4,1,Loaded,258,258,0,3113
201303,6,1,2,Empty,751,0,751,0
201303,3,1,2,Empty,421,0,421,0
201303,1,1,2,Empty,157,0,157,0
201303,4,1,2,Empty,55,0,55,0
201303,2,1,2,Empty,263,0,263,0
201303,8,1,2,Empty,216,0,216,0
201303,5,1,2,Empty,556,0,556,0
201303,9,1,2,Empty,242,0,242,0
201303,6,1,2,Loaded,3532,3532,0,55957
201303,3,1,2,Loaded,401,401,0,6011
201303,1,1,2,Loaded,1005,1005,0,14744
201303,4,1,2,Loaded,132,132,0,2210
201303,2,1,2,Loaded,1860,1860,0,28392
201303,8,1,2,Loaded,109,109,0,2132
201303,5,1,2,Loaded,585,585,0,10470
201303,9,1,2,Loaded,133,133,0,2787
201303,6,2,2,Empty,2224,0,2224,0
201303,3,2,2,Empty,986,0,986,0
201303,1,2,2,Empty,113,0,113,0
201303,4,2,2,Empty,258,0,258,0
201303,2,2,2,Empty,1189,0,1189,0
201303,8,2,2,Empty,31,0,31,0
201303,5,2,2,Empty,1885,0,1885,0
201303,9,2,2,Empty,15,0,15,0
201303,6,2,2,Loaded,144,144,0,1455
201303,3,2,2,Loaded,11,11,0,103
201303,1,2,2,Loaded,43,43,0,406
201303,4,2,2,Loaded,4,4,0,70
201303,2,2,2,Loaded,96,96,0,708
201303,8,2,2,Loaded,4,4,0,69
201303,5,2,2,Loaded,47,47,0,535
201303,6,3,2,Empty,5912,0,5912,0
201303,3,3,2,Empty,696,0,696,0
201303,1,3,2,Empty,100,0,100,0
201303,4,3,2,Empty,84,0,84,0
201303,2,3,2,Empty,990,0,990,0
201303,8,3,2,Empty,40,0,40,0
201303,5,3,2,Empty,2552,0,2552,0
201303,9,3,2,Empty,854,0,854,0
201303,6,3,2,Loaded,4732,4732,0,35399
201303,3,3,2,Loaded,480,480,0,4039
201303,1,3,2,Loaded,1044,1044,0,6876
201303,4,3,2,Loaded,270,270,0,1738
201303,2,3,2,Loaded,2522,2522,0,18487
201303,8,3,2,Loaded,10,10,0,75
201303,5,3,2,Loaded,490,490,0,4091
201303,9,3,2,Loaded,116,116,0,1247
201303,6,4,2,Empty,1596,0,1596,0
201303,3,4,2,Empty,4606,0,4606,0
201303,1,4,2,Empty,128,0,128,0
201303,4,4,2,Empty,1110,0,1110,0
201303,2,4,2,Empty,1066,0,1066,0
201303,8,4,2,Empty,594,0,594,0
201303,5,4,2,Empty,1994,0,1994,0
201303,9,4,2,Empty,370,0,370,0
201303,6,4,2,Loaded,632,632,0,4852
201303,3,4,2,Loaded,70,70,0,739
201303,1,4,2,Loaded,98,98,0,626
201303,4,4,2,Loaded,20,20,0,127
201303,2,4,2,Loaded,208,208,0,1614
201303,5,4,2,Loaded,208,208,0,830
201303,7,1,1,Empty,1396,0,1396,0
201303,7,1,1,Loaded,3383,3383,0,55839
201303,7,2,1,Empty,2,0,2,0
201303,7,2,1,Loaded,976,976,0,13723
201303,7,3,1,Empty,938,0,938,0
201303,7,3,1,Loaded,5524,5524,0,53838
201303,7,4,1,Empty,106,0,106,0
201303,7,4,1,Loaded,1788,1788,0,20042
201303,7,1,2,Empty,428,0,428,0
201303,7,1,2,Loaded,8990,8990,0,123350
201303,7,2,2,Empty,713,0,713,0
201303,7,2,2,Loaded,709,709,0,6866
201303,7,3,2,Empty,806,0,806,0
201303,7,3,2,Loaded,11888,11888,0,83165
201303,7,4,2,Empty,546,0,546,0
201303,7,4,2,Loaded,2558,2558,0,20752
201302,6,1,1,Empty,1138,0,1138,0
201302,3,1,1,Empty,110,0,110,0
201302,1,1,1,Empty,93,0,93,0
201302,4,1,1,Empty,2,0,2,0
201302,2,1,1,Empty,329,0,329,0
201302,5,1,1,Empty,55,0,55,0
201302,9,1,1,Empty,4,0,4,0
201302,6,1,1,Loaded,5848,5848,0,101344
201302,3,1,1,Loaded,1692,1692,0,30751
201302,1,1,1,Loaded,537,537,0,8298
201302,4,1,1,Loaded,163,163,0,2846
201302,2,1,1,Loaded,2478,2478,0,42106
201302,8,1,1,Loaded,136,136,0,2350
201302,5,1,1,Loaded,1349,1349,0,24543
201302,9,1,1,Loaded,351,351,0,7833
201302,6,2,1,Empty,30,0,30,0
201302,3,2,1,Empty,8,0,8,0
201302,2,2,1,Empty,16,0,16,0
201302,5,2,1,Empty,12,0,12,0
201302,9,2,1,Empty,7,0,7,0
201302,6,2,1,Loaded,3128,3128,0,48297
201302,3,2,1,Loaded,960,960,0,14783
201302,1,2,1,Loaded,122,122,0,1751
201302,4,2,1,Loaded,168,168,0,2721
201302,2,2,1,Loaded,973,973,0,14749
201302,8,2,1,Loaded,40,40,0,657
201302,5,2,1,Loaded,924,924,0,14371
201302,9,2,1,Loaded,28,28,0,425
201302,6,3,1,Empty,1194,0,1194,0
201302,3,3,1,Empty,38,0,38,0
201302,1,3,1,Empty,80,0,80,0
201302,4,3,1,Empty,4,0,4,0
201302,2,3,1,Empty,404,0,404,0
201302,5,3,1,Empty,94,0,94,0
201302,9,3,1,Empty,56,0,56,0
201302,6,3,1,Loaded,12414,12414,0,142578
201302,3,3,1,Loaded,1502,1502,0,18196
201302,1,3,1,Loaded,772,772,0,7865
201302,4,3,1,Loaded,622,622,0,7746
201302,2,3,1,Loaded,5414,5414,0,66962
201302,8,3,1,Loaded,268,268,0,3525
201302,5,3,1,Loaded,2796,2796,0,35429
201302,9,3,1,Loaded,610,610,0,6979
201302,6,4,1,Empty,146,0,146,0
201302,3,4,1,Empty,12,0,12,0
201302,2,4,1,Empty,2,0,2,0
201302,5,4,1,Empty,10,0,10,0
201302,6,4,1,Loaded,3196,3196,0,39031
201302,3,4,1,Loaded,2504,2504,0,32148
201302,1,4,1,Loaded,294,294,0,3498
201302,4,4,1,Loaded,180,180,0,2106
201302,2,4,1,Loaded,1216,1216,0,13277
201302,8,4,1,Loaded,98,98,0,1105
201302,5,4,1,Loaded,1318,1318,0,15831
201302,9,4,1,Loaded,68,68,0,753
201302,6,1,2,Empty,921,0,921,0
201302,3,1,2,Empty,146,0,146,0
201302,1,1,2,Empty,104,0,104,0
201302,4,1,2,Empty,48,0,48,0
201302,2,1,2,Empty,143,0,143,0
201302,8,1,2,Empty,90,0,90,0
201302,5,1,2,Empty,501,0,501,0
201302,9,1,2,Empty,150,0,150,0
201302,6,1,2,Loaded,3641,3641,0,57174
201302,3,1,2,Loaded,415,415,0,6348
201302,1,1,2,Loaded,835,835,0,11990
201302,4,1,2,Loaded,129,129,0,2317
201302,2,1,2,Loaded,2192,2192,0,31366
201302,8,1,2,Loaded,35,35,0,811
201302,5,1,2,Loaded,393,393,0,7147
201302,9,1,2,Loaded,186,186,0,3739
201302,6,2,2,Empty,2000,0,2000,0
201302,3,2,2,Empty,858,0,858,0
201302,1,2,2,Empty,86,0,86,0
201302,4,2,2,Empty,205,0,205,0
201302,2,2,2,Empty,849,0,849,0
201302,8,2,2,Empty,38,0,38,0
201302,5,2,2,Empty,806,0,806,0
201302,9,2,2,Empty,19,0,19,0
201302,6,2,2,Loaded,158,158,0,1467
201302,3,2,2,Loaded,17,17,0,133
201302,1,2,2,Loaded,38,38,0,467
201302,4,2,2,Loaded,8,8,0,131
201302,2,2,2,Loaded,110,110,0,814
201302,5,2,2,Loaded,7,7,0,17
201302,6,3,2,Empty,6318,0,6318,0
201302,3,3,2,Empty,576,0,576,0
201302,4,3,2,Empty,246,0,246,0
201302,2,3,2,Empty,326,0,326,0
201302,8,3,2,Empty,48,0,48,0
201302,5,3,2,Empty,2222,0,2222,0
201302,9,3,2,Empty,570,0,570,0
201302,6,3,2,Loaded,4796,4796,0,35845
201302,3,3,2,Loaded,578,578,0,4338
201302,1,3,2,Loaded,1080,1080,0,7044
201302,4,3,2,Loaded,344,344,0,2367
201302,2,3,2,Loaded,2634,2634,0,17657
201302,8,3,2,Loaded,6,6,0,48
201302,5,3,2,Loaded,360,360,0,2753
201302,9,3,2,Loaded,56,56,0,468
201302,6,4,2,Empty,1354,0,1354,0
201302,3,4,2,Empty,3942,0,3942,0
201302,1,4,2,Empty,180,0,180,0
201302,4,4,2,Empty,826,0,826,0
201302,2,4,2,Empty,650,0,650,0
201302,5,4,2,Empty,1356,0,1356,0
201302,9,4,2,Empty,200,0,200,0
201302,6,4,2,Loaded,782,782,0,5586
201302,3,4,2,Loaded,114,114,0,971
201302,1,4,2,Loaded,70,70,0,294
201302,4,4,2,Loaded,18,18,0,230
201302,2,4,2,Loaded,270,270,0,1731
201302,5,4,2,Loaded,106,106,0,278
201302,7,1,1,Empty,1232,0,1232,0
201302,7,1,1,Loaded,3542,3542,0,60915
201302,7,2,1,Empty,8,0,8,0
201302,7,2,1,Loaded,970,970,0,13942
201302,7,3,1,Empty,844,0,844,0
201302,7,3,1,Loaded,4638,4638,0,44169
201302,7,4,1,Empty,78,0,78,0
201302,7,4,1,Loaded,1068,1068,0,11382
201302,7,1,2,Empty,323,0,323,0
201302,7,1,2,Loaded,9150,9150,0,117651
201302,7,2,2,Empty,917,0,917,0
201302,7,2,2,Loaded,690,690,0,5386
201302,7,3,2,Empty,776,0,776,0
201302,7,3,2,Loaded,13282,13282,0,89340
201302,7,4,2,Empty,358,0,358,0
201302,7,4,2,Loaded,2664,2664,0,20939
201301,6,1,1,Empty,1565,0,1565,0
201301,3,1,1,Empty,136,0,136,0
201301,1,1,1,Empty,312,0,312,0
201301,4,1,1,Empty,30,0,30,0
201301,2,1,1,Empty,367,0,367,0
201301,5,1,1,Empty,93,0,93,0
201301,9,1,1,Empty,4,0,4,0
201301,6,1,1,Loaded,5536,5536,0,96079
201301,3,1,1,Loaded,1373,1373,0,24320
201301,1,1,1,Loaded,354,354,0,5417
201301,4,1,1,Loaded,125,125,0,2178
201301,2,1,1,Loaded,1955,1955,0,32481
201301,8,1,1,Loaded,166,166,0,3047
201301,5,1,1,Loaded,1510,1510,0,27390
201301,9,1,1,Loaded,232,232,0,5333
201301,6,2,1,Empty,97,0,97,0
201301,3,2,1,Empty,5,0,5,0
201301,2,2,1,Empty,3,0,3,0
201301,5,2,1,Empty,9,0,9,0
201301,6,2,1,Loaded,2860,2860,0,45275
201301,3,2,1,Loaded,878,878,0,13388
201301,1,2,1,Loaded,114,114,0,1535
201301,4,2,1,Loaded,127,127,0,2022
201301,2,2,1,Loaded,841,841,0,12928
201301,8,2,1,Loaded,31,31,0,484
201301,5,2,1,Loaded,941,941,0,14474
201301,9,2,1,Loaded,19,19,0,279
201301,6,3,1,Empty,2386,0,2386,0
201301,3,3,1,Empty,66,0,66,0
201301,1,3,1,Empty,128,0,128,0
201301,4,3,1,Empty,20,0,20,0
201301,2,3,1,Empty,332,0,332,0
201301,8,3,1,Empty,24,0,24,0
201301,5,3,1,Empty,58,0,58,0
201301,9,3,1,Empty,42,0,42,0
201301,6,3,1,Loaded,12186,12186,0,144582
201301,3,3,1,Loaded,1198,1198,0,14409
201301,1,3,1,Loaded,648,648,0,6602
201301,4,3,1,Loaded,464,464,0,5792
201301,2,3,1,Loaded,4444,4444,0,54807
201301,8,3,1,Loaded,378,378,0,4942
201301,5,3,1,Loaded,3008,3008,0,37876
201301,9,3,1,Loaded,718,718,0,8499
201301,6,4,1,Empty,20,0,20,0
201301,3,4,1,Empty,4,0,4,0
201301,1,4,1,Empty,2,0,2,0
201301,4,4,1,Empty,2,0,2,0
201301,2,4,1,Empty,4,0,4,0
201301,5,4,1,Empty,16,0,16,0
201301,6,4,1,Loaded,2324,2324,0,28921
201301,3,4,1,Loaded,1372,1372,0,17425
201301,1,4,1,Loaded,220,220,0,2292
201301,4,4,1,Loaded,92,92,0,1145
201301,2,4,1,Loaded,746,746,0,8166
201301,8,4,1,Loaded,66,66,0,796
201301,5,4,1,Loaded,1126,1126,0,13458
201301,9,4,1,Loaded,46,46,0,515
201301,6,1,2,Empty,773,0,773,0
201301,3,1,2,Empty,248,0,248,0
201301,1,1,2,Empty,72,0,72,0
201301,4,1,2,Empty,27,0,27,0
201301,2,1,2,Empty,18,0,18,0
201301,8,1,2,Empty,165,0,165,0
201301,5,1,2,Empty,553,0,553,0
201301,9,1,2,Empty,191,0,191,0
201301,6,1,2,Loaded,3585,3585,0,55282
201301,3,1,2,Loaded,428,428,0,6301
201301,1,1,2,Loaded,960,960,0,13702
201301,4,1,2,Loaded,113,113,0,1698
201301,2,1,2,Loaded,2119,2119,0,30093
201301,8,1,2,Loaded,187,187,0,3771
201301,5,1,2,Loaded,425,425,0,7476
201301,9,1,2,Loaded,149,149,0,3199
201301,6,2,2,Empty,1659,0,1659,0
201301,3,2,2,Empty,899,0,899,0
201301,1,2,2,Empty,75,0,75,0
201301,4,2,2,Empty,224,0,224,0
201301,2,2,2,Empty,959,0,959,0
201301,8,2,2,Empty,45,0,45,0
201301,5,2,2,Empty,1318,0,1318,0
201301,9,2,2,Empty,43,0,43,0
201301,6,2,2,Loaded,167,167,0,1521
201301,3,2,2,Loaded,16,16,0,134
201301,1,2,2,Loaded,55,55,0,530
201301,4,2,2,Loaded,3,3,0,53
201301,2,2,2,Loaded,135,135,0,1162
201301,5,2,2,Loaded,46,46,0,562
201301,6,3,2,Empty,5930,0,5930,0
201301,3,3,2,Empty,590,0,590,0
201301,4,3,2,Empty,112,0,112,0
201301,8,3,2,Empty,480,0,480,0
201301,5,3,2,Empty,2502,0,2502,0
201301,9,3,2,Empty,876,0,876,0
201301,6,3,2,Loaded,4802,4802,0,33811
201301,3,3,2,Loaded,588,588,0,4926
201301,1,3,2,Loaded,1146,1146,0,7891
201301,4,3,2,Loaded,214,214,0,1559
201301,2,3,2,Loaded,2794,2794,0,19702
201301,8,3,2,Loaded,6,6,0,56
201301,5,3,2,Loaded,466,466,0,3817
201301,9,3,2,Loaded,74,74,0,792
201301,6,4,2,Empty,874,0,874,0
201301,3,4,2,Empty,3414,0,3414,0
201301,1,4,2,Empty,40,0,40,0
201301,4,4,2,Empty,240,0,240,0
201301,2,4,2,Empty,396,0,396,0
201301,8,4,2,Empty,4,0,4,0
201301,5,4,2,Empty,630,0,630,0
201301,9,4,2,Empty,102,0,102,0
201301,6,4,2,Loaded,614,614,0,4967
201301,3,4,2,Loaded,106,106,0,982
201301,1,4,2,Loaded,162,162,0,658
201301,4,4,2,Loaded,2,2,0,25
201301,2,4,2,Loaded,276,276,0,1749
201301,5,4,2,Loaded,112,112,0,663
201301,7,1,1,Empty,1162,0,1162,0
201301,7,1,1,Loaded,2401,2401,0,40749
201301,7,2,1,Empty,7,0,7,0
201301,7,2,1,Loaded,750,750,0,10933
201301,7,3,1,Empty,856,0,856,0
201301,7,3,1,Loaded,3542,3542,0,32489
201301,7,4,1,Empty,66,0,66,0
201301,7,4,1,Loaded,566,566,0,5080
201301,7,1,2,Empty,820,0,820,0
201301,7,1,2,Loaded,8379,8379,0,109206
201301,7,2,2,Empty,668,0,668,0
201301,7,2,2,Loaded,697,697,0,6002
201301,7,3,2,Empty,296,0,296,0
201301,7,3,2,Loaded,11852,11852,0,80124
201301,7,4,2,Empty,194,0,194,0
201301,7,4,2,Loaded,2814,2814,0,21703
201212,6,1,1,Empty,2339,0,2339,0
201212,3,1,1,Empty,55,0,55,0
201212,1,1,1,Empty,170,0,170,0
201212,2,1,1,Empty,245,0,245,0
201212,8,1,1,Empty,2,0,2,0
201212,5,1,1,Empty,60,0,60,0
201212,9,1,1,Empty,2,0,2,0
201212,6,1,1,Loaded,7150,7150,0,123360
201212,3,1,1,Loaded,1178,1178,0,21631
201212,1,1,1,Loaded,531,531,0,8213
201212,4,1,1,Loaded,219,219,0,3601
201212,2,1,1,Loaded,2822,2822,0,48330
201212,8,1,1,Loaded,277,277,0,5206
201212,5,1,1,Loaded,1436,1436,0,27259
201212,9,1,1,Loaded,186,186,0,4350
201212,6,2,1,Empty,27,0,27,0
201212,1,2,1,Empty,9,0,9,0
201212,2,2,1,Empty,2,0,2,0
201212,5,2,1,Empty,3,0,3,0
201212,6,2,1,Loaded,3362,3362,0,52412
201212,3,2,1,Loaded,891,891,0,13759
201212,1,2,1,Loaded,108,108,0,1330
201212,4,2,1,Loaded,183,183,0,2945
201212,2,2,1,Loaded,937,937,0,13965
201212,8,2,1,Loaded,39,39,0,587
201212,5,2,1,Loaded,730,730,0,11297
201212,9,2,1,Loaded,10,10,0,133
201212,6,3,1,Empty,1732,0,1732,0
201212,3,3,1,Empty,74,0,74,0
201212,1,3,1,Empty,96,0,96,0
201212,2,3,1,Empty,342,0,342,0
201212,8,3,1,Empty,42,0,42,0
201212,5,3,1,Empty,22,0,22,0
201212,9,3,1,Empty,46,0,46,0
201212,6,3,1,Loaded,16144,16144,0,185682
201212,3,3,1,Loaded,1786,1786,0,21096
201212,1,3,1,Loaded,884,884,0,9334
201212,4,3,1,Loaded,592,592,0,7432
201212,2,3,1,Loaded,5134,5134,0,63218
201212,8,3,1,Loaded,434,434,0,5729
201212,5,3,1,Loaded,3462,3462,0,43555
201212,9,3,1,Loaded,912,912,0,10837
201212,6,4,1,Empty,30,0,30,0
201212,5,4,1,Empty,6,0,6,0
201212,6,4,1,Loaded,2796,2796,0,33603
201212,3,4,1,Loaded,710,710,0,8484
201212,1,4,1,Loaded,220,220,0,2381
201212,4,4,1,Loaded,148,148,0,1631
201212,2,4,1,Loaded,984,984,0,10636
201212,8,4,1,Loaded,110,110,0,1222
201212,5,4,1,Loaded,816,816,0,9928
201212,9,4,1,Loaded,70,70,0,879
201212,6,1,2,Empty,766,0,766,0
201212,3,1,2,Empty,210,0,210,0
201212,1,1,2,Empty,2,0,2,0
201212,4,1,2,Empty,31,0,31,0
201212,2,1,2,Empty,138,0,138,0
201212,8,1,2,Empty,232,0,232,0
201212,5,1,2,Empty,306,0,306,0
201212,9,1,2,Empty,1,0,1,0
201212,6,1,2,Loaded,3886,3886,0,59443
201212,3,1,2,Loaded,484,484,0,7751
201212,1,1,2,Loaded,867,867,0,11940
201212,4,1,2,Loaded,157,157,0,2740
201212,2,1,2,Loaded,2336,2336,0,34097
201212,8,1,2,Loaded,125,125,0,2670
201212,5,1,2,Loaded,310,310,0,5111
201212,9,1,2,Loaded,295,295,0,6268
201212,6,2,2,Empty,2131,0,2131,0
201212,3,2,2,Empty,720,0,720,0
201212,1,2,2,Empty,147,0,147,0
201212,4,2,2,Empty,523,0,523,0
201212,2,2,2,Empty,1178,0,1178,0
201212,8,2,2,Empty,54,0,54,0
201212,5,2,2,Empty,1413,0,1413,0
201212,9,2,2,Empty,15,0,15,0
201212,6,2,2,Loaded,192,192,0,1757
201212,3,2,2,Loaded,22,22,0,249
201212,1,2,2,Loaded,40,40,0,344
201212,4,2,2,Loaded,3,3,0,56
201212,2,2,2,Loaded,136,136,0,990
201212,5,2,2,Loaded,18,18,0,23
201212,6,3,2,Empty,6136,0,6136,0
201212,3,3,2,Empty,564,0,564,0
201212,1,3,2,Empty,112,0,112,0
201212,4,3,2,Empty,164,0,164,0
201212,2,3,2,Empty,404,0,404,0
201212,8,3,2,Empty,714,0,714,0
201212,5,3,2,Empty,1672,0,1672,0
201212,9,3,2,Empty,836,0,836,0
201212,6,3,2,Loaded,5218,5218,0,35583
201212,3,3,2,Loaded,444,444,0,3492
201212,1,3,2,Loaded,1140,1140,0,8741
201212,4,3,2,Loaded,158,158,0,1035
201212,2,3,2,Loaded,2710,2710,0,18263
201212,8,3,2,Loaded,18,18,0,178
201212,5,3,2,Loaded,306,306,0,2122
201212,9,3,2,Loaded,100,100,0,913
201212,6,4,2,Empty,564,0,564,0
201212,3,4,2,Empty,1388,0,1388,0
201212,1,4,2,Empty,122,0,122,0
201212,4,4,2,Empty,20,0,20,0
201212,2,4,2,Empty,378,0,378,0
201212,5,4,2,Empty,1098,0,1098,0
201212,9,4,2,Empty,40,0,40,0
201212,6,4,2,Loaded,914,914,0,7279
201212,3,4,2,Loaded,76,76,0,730
201212,1,4,2,Loaded,122,122,0,588
201212,4,4,2,Loaded,10,10,0,99
201212,2,4,2,Loaded,276,276,0,2047
201212,5,4,2,Loaded,88,88,0,172
201212,7,1,1,Empty,829,0,829,0
201212,7,1,1,Loaded,3016,3016,0,50799
201212,7,2,1,Empty,18,0,18,0
201212,7,2,1,Loaded,736,736,0,9792
201212,7,3,1,Empty,650,0,650,0
201212,7,3,1,Loaded,5200,5200,0,49323
201212,7,4,1,Empty,24,0,24,0
201212,7,4,1,Loaded,606,606,0,5314
201212,7,1,2,Empty,553,0,553,0
201212,7,1,2,Loaded,9066,9066,0,115716
201212,7,2,2,Empty,334,0,334,0
201212,7,2,2,Loaded,756,756,0,6702
201212,7,3,2,Empty,406,0,406,0
201212,7,3,2,Loaded,12764,12764,0,83204
201212,7,4,2,Empty,70,0,70,0
201212,7,4,2,Loaded,2342,2342,0,18403
201211,6,1,1,Empty,2307,0,2307,0
201211,3,1,1,Empty,26,0,26,0
201211,1,1,1,Empty,146,0,146,0
201211,4,1,1,Empty,11,0,11,0
201211,2,1,1,Empty,285,0,285,0
201211,5,1,1,Empty,68,0,68,0
201211,9,1,1,Empty,2,0,2,0
201211,6,1,1,Loaded,6791,6791,0,116258
201211,3,1,1,Loaded,1192,1192,0,21271
201211,1,1,1,Loaded,662,662,0,9982
201211,4,1,1,Loaded,301,301,0,5333
201211,2,1,1,Loaded,2613,2613,0,44286
201211,8,1,1,Loaded,166,166,0,3137
201211,5,1,1,Loaded,1483,1483,0,26509
201211,9,1,1,Loaded,234,234,0,5466
201211,6,2,1,Empty,35,0,35,0
201211,3,2,1,Empty,1,0,1,0
201211,2,2,1,Empty,1,0,1,0
201211,5,2,1,Empty,21,0,21,0
201211,6,2,1,Loaded,3167,3167,0,49448
201211,3,2,1,Loaded,693,693,0,10531
201211,1,2,1,Loaded,111,111,0,1297
201211,4,2,1,Loaded,141,141,0,2244
201211,2,2,1,Loaded,1153,1153,0,17695
201211,8,2,1,Loaded,19,19,0,290
201211,5,2,1,Loaded,569,569,0,8779
201211,9,2,1,Loaded,26,26,0,379
201211,6,3,1,Empty,1112,0,1112,0
201211,3,3,1,Empty,106,0,106,0
201211,1,3,1,Empty,204,0,204,0
201211,4,3,1,Empty,6,0,6,0
201211,2,3,1,Empty,270,0,270,0
201211,8,3,1,Empty,6,0,6,0
201211,5,3,1,Empty,16,0,16,0
201211,9,3,1,Empty,26,0,26,0
201211,6,3,1,Loaded,14798,14798,0,168898
201211,3,3,1,Loaded,1774,1774,0,20860
201211,1,3,1,Loaded,920,920,0,9686
201211,4,3,1,Loaded,358,358,0,4301
201211,2,3,1,Loaded,4598,4598,0,55525
201211,8,3,1,Loaded,38,38,0,490
201211,5,3,1,Loaded,2900,2900,0,36689
201211,9,3,1,Loaded,1256,1256,0,14434
201211,6,4,1,Empty,144,0,144,0
201211,3,4,1,Empty,4,0,4,0
201211,2,4,1,Empty,2,0,2,0
201211,6,4,1,Loaded,2540,2540,0,29847
201211,3,4,1,Loaded,732,732,0,8880
201211,1,4,1,Loaded,258,258,0,2905
201211,4,4,1,Loaded,78,78,0,817
201211,2,4,1,Loaded,1046,1046,0,11444
201211,8,4,1,Loaded,190,190,0,2081
201211,5,4,1,Loaded,680,680,0,8291
201211,9,4,1,Loaded,14,14,0,139
201211,6,1,2,Empty,1203,0,1203,0
201211,3,1,2,Empty,110,0,110,0
201211,4,1,2,Empty,100,0,100,0
201211,2,1,2,Empty,175,0,175,0
201211,8,1,2,Empty,250,0,250,0
201211,5,1,2,Empty,688,0,688,0
201211,9,1,2,Empty,1,0,1,0
201211,6,1,2,Loaded,4347,4347,0,65887
201211,3,1,2,Loaded,521,521,0,8252
201211,1,1,2,Loaded,1006,1006,0,13938
201211,4,1,2,Loaded,262,262,0,4607
201211,2,1,2,Loaded,2601,2601,0,37695
201211,8,1,2,Loaded,126,126,0,2446
201211,5,1,2,Loaded,548,548,0,9616
201211,9,1,2,Loaded,246,246,0,5395
201211,6,2,2,Empty,1799,0,1799,0
201211,3,2,2,Empty,599,0,599,0
201211,1,2,2,Empty,36,0,36,0
201211,4,2,2,Empty,239,0,239,0
201211,2,2,2,Empty,1065,0,1065,0
201211,8,2,2,Empty,51,0,51,0
201211,5,2,2,Empty,693,0,693,0
201211,9,2,2,Empty,48,0,48,0
201211,6,2,2,Loaded,184,184,0,1820
201211,3,2,2,Loaded,41,41,0,446
201211,1,2,2,Loaded,50,50,0,279
201211,4,2,2,Loaded,5,5,0,65
201211,2,2,2,Loaded,127,127,0,923
201211,5,2,2,Loaded,30,30,0,27
201211,6,3,2,Empty,7406,0,7406,0
201211,3,3,2,Empty,850,0,850,0
201211,1,3,2,Empty,86,0,86,0
201211,4,3,2,Empty,228,0,228,0
201211,2,3,2,Empty,218,0,218,0
201211,8,3,2,Empty,208,0,208,0
201211,5,3,2,Empty,1240,0,1240,0
201211,9,3,2,Empty,1164,0,1164,0
201211,6,3,2,Loaded,6248,6248,0,43393
201211,3,3,2,Loaded,506,506,0,3758
201211,1,3,2,Loaded,1278,1278,0,8729
201211,4,3,2,Loaded,262,262,0,1842
201211,2,3,2,Loaded,3184,3184,0,21556
201211,8,3,2,Loaded,4,4,0,16
201211,5,3,2,Loaded,404,404,0,3207
201211,9,3,2,Loaded,118,118,0,1242
201211,6,4,2,Empty,728,0,728,0
201211,3,4,2,Empty,1108,0,1108,0
201211,1,4,2,Empty,242,0,242,0
201211,4,4,2,Empty,220,0,220,0
201211,2,4,2,Empty,400,0,400,0
201211,8,4,2,Empty,344,0,344,0
201211,5,4,2,Empty,644,0,644,0
201211,9,4,2,Empty,36,0,36,0
201211,6,4,2,Loaded,864,864,0,6618
201211,3,4,2,Loaded,110,110,0,1126
201211,1,4,2,Loaded,102,102,0,569
201211,4,4,2,Loaded,6,6,0,59
201211,2,4,2,Loaded,352,352,0,2113
201211,5,4,2,Loaded,86,86,0,189
201211,7,1,1,Empty,512,0,512,0
201211,7,1,1,Loaded,3087,3087,0,51508
201211,7,2,1,Loaded,674,674,0,8889
201211,7,3,1,Empty,942,0,942,0
201211,7,3,1,Loaded,4844,4844,0,46524
201211,7,4,1,Empty,234,0,234,0
201211,7,4,1,Loaded,754,754,0,7135
201211,7,1,2,Empty,519,0,519,0
201211,7,1,2,Loaded,9211,9211,0,120742
201211,7,2,2,Empty,546,0,546,0
201211,7,2,2,Loaded,762,762,0,6183
201211,7,3,2,Empty,270,0,270,0
201211,7,3,2,Loaded,13084,13084,0,86050
201211,7,4,2,Empty,98,0,98,0
201211,7,4,2,Loaded,2742,2742,0,20385
201210,6,1,1,Empty,2089,0,2089,0
201210,3,1,1,Empty,67,0,67,0
201210,1,1,1,Empty,288,0,288,0
201210,4,1,1,Empty,2,0,2,0
201210,2,1,1,Empty,378,0,378,0
201210,8,1,1,Empty,1,0,1,0
201210,5,1,1,Empty,39,0,39,0
201210,6,1,1,Loaded,7224,7224,0,123203
201210,3,1,1,Loaded,1381,1381,0,24153
201210,1,1,1,Loaded,434,434,0,6281
201210,4,1,1,Loaded,370,370,0,6912
201210,2,1,1,Loaded,2247,2247,0,38398
201210,8,1,1,Loaded,112,112,0,2223
201210,5,1,1,Loaded,888,888,0,16516
201210,9,1,1,Loaded,266,266,0,6288
201210,6,2,1,Empty,158,0,158,0
201210,2,2,1,Empty,1,0,1,0
201210,9,2,1,Empty,2,0,2,0
201210,6,2,1,Loaded,2598,2598,0,39944
201210,3,2,1,Loaded,567,567,0,8136
201210,1,2,1,Loaded,73,73,0,918
201210,4,2,1,Loaded,158,158,0,2460
201210,2,2,1,Loaded,962,962,0,14195
201210,8,2,1,Loaded,11,11,0,173
201210,5,2,1,Loaded,538,538,0,8123
201210,9,2,1,Loaded,9,9,0,141
201210,6,3,1,Empty,2446,0,2446,0
201210,3,3,1,Empty,142,0,142,0
201210,1,3,1,Empty,62,0,62,0
201210,4,3,1,Empty,4,0,4,0
201210,2,3,1,Empty,548,0,548,0
201210,5,3,1,Empty,22,0,22,0
201210,9,3,1,Empty,16,0,16,0
201210,6,3,1,Loaded,13814,13814,0,156036
201210,3,3,1,Loaded,1742,1742,0,20487
201210,1,3,1,Loaded,898,898,0,9590
201210,4,3,1,Loaded,620,620,0,7695
201210,2,3,1,Loaded,3810,3810,0,45079
201210,8,3,1,Loaded,22,22,0,282
201210,5,3,1,Loaded,2150,2150,0,27028
201210,9,3,1,Loaded,906,906,0,10384
201210,6,4,1,Empty,452,0,452,0
201210,2,4,1,Empty,8,0,8,0
201210,9,4,1,Empty,2,0,2,0
201210,6,4,1,Loaded,2802,2802,0,32631
201210,3,4,1,Loaded,648,648,0,7681
201210,1,4,1,Loaded,138,138,0,1541
201210,4,4,1,Loaded,138,138,0,1573
201210,2,4,1,Loaded,954,954,0,10108
201210,8,4,1,Loaded,214,214,0,2311
201210,5,4,1,Loaded,554,554,0,6658
201210,9,4,1,Loaded,18,18,0,219
201210,6,1,2,Empty,870,0,870,0
201210,3,1,2,Empty,188,0,188,0
201210,1,1,2,Empty,1,0,1,0
201210,4,1,2,Empty,105,0,105,0
201210,2,1,2,Empty,255,0,255,0
201210,8,1,2,Empty,133,0,133,0
201210,5,1,2,Empty,405,0,405,0
201210,9,1,2,Empty,106,0,106,0
201210,6,1,2,Loaded,4404,4404,0,66192
201210,3,1,2,Loaded,626,626,0,10175
201210,1,1,2,Loaded,1161,1161,0,15348
201210,4,1,2,Loaded,225,225,0,4117
201210,2,1,2,Loaded,2486,2486,0,34774
201210,8,1,2,Loaded,82,82,0,1545
201210,5,1,2,Loaded,512,512,0,9131
201210,9,1,2,Loaded,279,279,0,5979
201210,6,2,2,Empty,1569,0,1569,0
201210,3,2,2,Empty,492,0,492,0
201210,1,2,2,Empty,35,0,35,0
201210,4,2,2,Empty,248,0,248,0
201210,2,2,2,Empty,910,0,910,0
201210,8,2,2,Empty,23,0,23,0
201210,5,2,2,Empty,647,0,647,0
201210,9,2,2,Empty,19,0,19,0
201210,6,2,2,Loaded,201,201,0,2018
201210,3,2,2,Loaded,36,36,0,542
201210,1,2,2,Loaded,47,47,0,441
201210,4,2,2,Loaded,9,9,0,133
201210,2,2,2,Loaded,135,135,0,990
201210,5,2,2,Loaded,26,26,0,54
201210,6,3,2,Empty,7020,0,7020,0
201210,3,3,2,Empty,494,0,494,0
201210,1,3,2,Empty,56,0,56,0
201210,4,3,2,Empty,40,0,40,0
201210,2,3,2,Empty,82,0,82,0
201210,8,3,2,Empty,42,0,42,0
201210,5,3,2,Empty,2458,0,2458,0
201210,9,3,2,Empty,798,0,798,0
201210,6,3,2,Loaded,6262,6262,0,43672
201210,3,3,2,Loaded,592,592,0,4702
201210,1,3,2,Loaded,1250,1250,0,8618
201210,4,3,2,Loaded,294,294,0,2442
201210,2,3,2,Loaded,3196,3196,0,22262
201210,8,3,2,Loaded,4,4,0,20
201210,5,3,2,Loaded,390,390,0,3451
201210,9,3,2,Loaded,178,178,0,1909
201210,6,4,2,Empty,756,0,756,0
201210,3,4,2,Empty,456,0,456,0
201210,1,4,2,Empty,42,0,42,0
201210,4,4,2,Empty,70,0,70,0
201210,2,4,2,Empty,398,0,398,0
201210,8,4,2,Empty,450,0,450,0
201210,5,4,2,Empty,336,0,336,0
201210,9,4,2,Empty,80,0,80,0
201210,6,4,2,Loaded,796,796,0,6148
201210,3,4,2,Loaded,156,156,0,1428
201210,1,4,2,Loaded,182,182,0,814
201210,4,4,2,Loaded,22,22,0,227
201210,2,4,2,Loaded,414,414,0,2305
201210,5,4,2,Loaded,116,116,0,307
201210,7,1,1,Empty,1002,0,1002,0
201210,7,1,1,Loaded,3558,3558,0,60036
201210,7,2,1,Loaded,624,624,0,7555
201210,7,3,1,Empty,820,0,820,0
201210,7,3,1,Loaded,5286,5286,0,49929
201210,7,4,1,Empty,222,0,222,0
201210,7,4,1,Loaded,878,878,0,8305
201210,7,1,2,Empty,411,0,411,0
201210,7,1,2,Loaded,10390,10390,0,135809
201210,7,2,2,Empty,429,0,429,0
201210,7,2,2,Loaded,757,757,0,6425
201210,7,3,2,Empty,464,0,464,0
201210,7,3,2,Loaded,13916,13916,0,91669
201210,7,4,2,Empty,130,0,130,0
201210,7,4,2,Loaded,3188,3188,0,24865
201209,6,1,1,Empty,2192,0,2192,0
201209,3,1,1,Empty,31,0,31,0
201209,1,1,1,Empty,296,0,296,0
201209,4,1,1,Empty,13,0,13,0
201209,2,1,1,Empty,459,0,459,0
201209,5,1,1,Empty,55,0,55,0
201209,9,1,1,Empty,4,0,4,0
201209,6,1,1,Loaded,6595,6595,0,112915
201209,3,1,1,Loaded,1236,1236,0,22394
201209,1,1,1,Loaded,531,531,0,7129
201209,4,1,1,Loaded,379,379,0,7090
201209,2,1,1,Loaded,1697,1697,0,29839
201209,8,1,1,Loaded,70,70,0,1187
201209,5,1,1,Loaded,423,423,0,8166
201209,9,1,1,Loaded,159,159,0,3680
201209,6,2,1,Empty,35,0,35,0
201209,3,2,1,Empty,1,0,1,0
201209,1,2,1,Empty,1,0,1,0
201209,2,2,1,Empty,4,0,4,0
201209,5,2,1,Empty,11,0,11,0
201209,6,2,1,Loaded,2597,2597,0,39129
201209,3,2,1,Loaded,514,514,0,7338
201209,1,2,1,Loaded,84,84,0,1025
201209,4,2,1,Loaded,260,260,0,4322
201209,2,2,1,Loaded,762,762,0,11472
201209,8,2,1,Loaded,53,53,0,746
201209,5,2,1,Loaded,670,670,0,10116
201209,9,2,1,Loaded,26,26,0,390
201209,6,3,1,Empty,2282,0,2282,0
201209,3,3,1,Empty,64,0,64,0
201209,1,3,1,Empty,156,0,156,0
201209,4,3,1,Empty,130,0,130,0
201209,2,3,1,Empty,336,0,336,0
201209,8,3,1,Empty,2,0,2,0
201209,5,3,1,Empty,368,0,368,0
201209,9,3,1,Empty,10,0,10,0
201209,6,3,1,Loaded,15076,15076,0,171789
201209,3,3,1,Loaded,1620,1620,0,19144
201209,1,3,1,Loaded,1110,1110,0,11295
201209,4,3,1,Loaded,1074,1074,0,13383
201209,2,3,1,Loaded,2948,2948,0,35326
201209,8,3,1,Loaded,48,48,0,548
201209,5,3,1,Loaded,1976,1976,0,24859
201209,9,3,1,Loaded,700,700,0,8021
201209,6,4,1,Empty,342,0,342,0
201209,3,4,1,Empty,6,0,6,0
201209,4,4,1,Empty,8,0,8,0
201209,2,4,1,Empty,504,0,504,0
201209,5,4,1,Empty,306,0,306,0
201209,6,4,1,Loaded,3452,3452,0,39866
201209,3,4,1,Loaded,618,618,0,7144
201209,1,4,1,Loaded,220,220,0,2306
201209,4,4,1,Loaded,226,226,0,2509
201209,2,4,1,Loaded,1090,1090,0,11677
201209,8,4,1,Loaded,82,82,0,894
201209,5,4,1,Loaded,722,722,0,8701
201209,9,4,1,Loaded,26,26,0,284
201209,6,1,2,Empty,476,0,476,0
201209,3,1,2,Empty,105,0,105,0
201209,4,1,2,Empty,109,0,109,0
201209,2,1,2,Empty,147,0,147,0
201209,8,1,2,Empty,46,0,46,0
201209,5,1,2,Empty,50,0,50,0
201209,9,1,2,Empty,85,0,85,0
201209,6,1,2,Loaded,3912,3912,0,59612
201209,3,1,2,Loaded,459,459,0,6823
201209,1,1,2,Loaded,1064,1064,0,15448
201209,4,1,2,Loaded,233,233,0,4537
201209,2,1,2,Loaded,2174,2174,0,32878
201209,8,1,2,Loaded,55,55,0,868
201209,5,1,2,Loaded,361,361,0,6653
201209,9,1,2,Loaded,199,199,0,4267
201209,6,2,2,Empty,1430,0,1430,0
201209,3,2,2,Empty,510,0,510,0
201209,1,2,2,Empty,202,0,202,0
201209,4,2,2,Empty,309,0,309,0
201209,2,2,2,Empty,689,0,689,0
201209,8,2,2,Empty,102,0,102,0
201209,5,2,2,Empty,889,0,889,0
201209,9,2,2,Empty,32,0,32,0
201209,6,2,2,Loaded,227,227,0,2042
201209,3,2,2,Loaded,16,16,0,164
201209,1,2,2,Loaded,56,56,0,627
201209,4,2,2,Loaded,3,3,0,30
201209,2,2,2,Loaded,91,91,0,703
201209,5,2,2,Loaded,18,18,0,37
201209,9,2,2,Loaded,2,2,0,18
201209,6,3,2,Empty,4838,0,4838,0
201209,3,3,2,Empty,208,0,208,0
201209,1,3,2,Empty,40,0,40,0
201209,4,3,2,Empty,666,0,666,0
201209,2,3,2,Empty,240,0,240,0
201209,5,3,2,Empty,926,0,926,0
201209,9,3,2,Empty,814,0,814,0
201209,6,3,2,Loaded,5846,5846,0,42024
201209,3,3,2,Loaded,730,730,0,5680
201209,1,3,2,Loaded,1248,1248,0,8507
201209,4,3,2,Loaded,138,138,0,944
201209,2,3,2,Loaded,2484,2484,0,17445
201209,8,3,2,Loaded,64,64,0,296
201209,5,3,2,Loaded,354,354,0,2746
201209,9,3,2,Loaded,116,116,0,1345
201209,6,4,2,Empty,2074,0,2074,0
201209,3,4,2,Empty,306,0,306,0
201209,1,4,2,Empty,96,0,96,0
201209,4,4,2,Empty,48,0,48,0
201209,2,4,2,Empty,658,0,658,0
201209,8,4,2,Empty,90,0,90,0
201209,5,4,2,Empty,388,0,388,0
201209,9,4,2,Empty,12,0,12,0
201209,6,4,2,Loaded,778,778,0,5982
201209,3,4,2,Loaded,134,134,0,1229
201209,1,4,2,Loaded,106,106,0,612
201209,4,4,2,Loaded,2,2,0,25
201209,2,4,2,Loaded,322,322,0,1709
201209,8,4,2,Loaded,18,18,0,177
201209,5,4,2,Loaded,110,110,0,392
201209,9,4,2,Loaded,2,2,0,18
201209,7,1,1,Empty,1727,0,1727,0
201209,7,1,1,Loaded,3175,3175,0,53736
201209,7,2,1,Empty,1,0,1,0
201209,7,2,1,Loaded,567,567,0,6808
201209,7,3,1,Empty,1430,0,1430,0
201209,7,3,1,Loaded,4312,4312,0,38855
201209,7,4,1,Empty,936,0,936,0
201209,7,4,1,Loaded,698,698,0,6702
201209,7,1,2,Empty,358,0,358,0
201209,7,1,2,Loaded,10551,10551,0,132439
201209,7,2,2,Empty,722,0,722,0
201209,7,2,2,Loaded,946,946,0,7830
201209,7,3,2,Empty,428,0,428,0
201209,7,3,2,Loaded,15022,15022,0,98218
201209,7,4,2,Empty,66,0,66,0
201209,7,4,2,Loaded,2828,2828,0,21160
201208,6,1,1,Empty,2764,0,2764,0
201208,3,1,1,Empty,59,0,59,0
201208,1,1,1,Empty,390,0,390,0
201208,2,1,1,Empty,682,0,682,0
201208,8,1,1,Empty,2,0,2,0
201208,5,1,1,Empty,103,0,103,0
201208,9,1,1,Empty,69,0,69,0
201208,6,1,1,Loaded,6023,6023,0,103934
201208,3,1,1,Loaded,1561,1561,0,27332
201208,1,1,1,Loaded,647,647,0,9198
201208,4,1,1,Loaded,263,263,0,4824
201208,2,1,1,Loaded,2157,2157,0,37155
201208,8,1,1,Loaded,90,90,0,1585
201208,5,1,1,Loaded,710,710,0,13626
201208,9,1,1,Loaded,170,170,0,3724
201208,6,2,1,Empty,101,0,101,0
201208,3,2,1,Empty,1,0,1,0
201208,1,2,1,Empty,2,0,2,0
201208,2,2,1,Empty,1,0,1,0
201208,5,2,1,Empty,5,0,5,0
201208,6,2,1,Loaded,2414,2414,0,36850
201208,3,2,1,Loaded,643,643,0,9635
201208,1,2,1,Loaded,91,91,0,1231
201208,4,2,1,Loaded,195,195,0,3246
201208,2,2,1,Loaded,698,698,0,10273
201208,8,2,1,Loaded,73,73,0,1019
201208,5,2,1,Loaded,615,615,0,9271
201208,9,2,1,Loaded,23,23,0,354
201208,6,3,1,Empty,2310,0,2310,0
201208,3,3,1,Empty,224,0,224,0
201208,1,3,1,Empty,554,0,554,0
201208,4,3,1,Empty,6,0,6,0
201208,2,3,1,Empty,330,0,330,0
201208,5,3,1,Empty,152,0,152,0
201208,9,3,1,Empty,16,0,16,0
201208,6,3,1,Loaded,13334,13334,0,149624
201208,3,3,1,Loaded,1832,1832,0,21674
201208,1,3,1,Loaded,1264,1264,0,14052
201208,4,3,1,Loaded,758,758,0,9649
201208,2,3,1,Loaded,2992,2992,0,35055
201208,8,3,1,Loaded,64,64,0,681
201208,5,3,1,Loaded,1974,1974,0,24900
201208,9,3,1,Loaded,774,774,0,8598
201208,6,4,1,Empty,106,0,106,0
201208,3,4,1,Empty,16,0,16,0
201208,1,4,1,Empty,62,0,62,0
201208,4,4,1,Empty,8,0,8,0
201208,2,4,1,Empty,120,0,120,0
201208,5,4,1,Empty,84,0,84,0
201208,6,4,1,Loaded,4094,4094,0,45716
201208,3,4,1,Loaded,1022,1022,0,11893
201208,1,4,1,Loaded,146,146,0,1700
201208,4,4,1,Loaded,264,264,0,2956
201208,2,4,1,Loaded,1004,1004,0,10802
201208,8,4,1,Loaded,84,84,0,860
201208,5,4,1,Loaded,600,600,0,7084
201208,9,4,1,Loaded,28,28,0,334
201208,6,1,2,Empty,411,0,411,0
201208,3,1,2,Empty,188,0,188,0
201208,4,1,2,Empty,37,0,37,0
201208,2,1,2,Empty,39,0,39,0
201208,5,1,2,Empty,2,0,2,0
201208,6,1,2,Loaded,3642,3642,0,54491
201208,3,1,2,Loaded,458,458,0,7038
201208,1,1,2,Loaded,1020,1020,0,14078
201208,4,1,2,Loaded,148,148,0,2761
201208,2,1,2,Loaded,2505,2505,0,36032
201208,8,1,2,Loaded,124,124,0,2479
201208,5,1,2,Loaded,323,323,0,5770
201208,9,1,2,Loaded,198,198,0,3829
201208,6,2,2,Empty,1377,0,1377,0
201208,3,2,2,Empty,604,0,604,0
201208,1,2,2,Empty,74,0,74,0
201208,4,2,2,Empty,269,0,269,0
201208,2,2,2,Empty,780,0,780,0
201208,8,2,2,Empty,216,0,216,0
201208,5,2,2,Empty,565,0,565,0
201208,9,2,2,Empty,39,0,39,0
201208,6,2,2,Loaded,177,177,0,1695
201208,3,2,2,Loaded,40,40,0,477
201208,1,2,2,Loaded,30,30,0,235
201208,4,2,2,Loaded,2,2,0,33
201208,2,2,2,Loaded,128,128,0,934
201208,8,2,2,Loaded,1,1,0,16
201208,5,2,2,Loaded,20,20,0,72
201208,6,3,2,Empty,4724,0,4724,0
201208,3,3,2,Empty,554,0,554,0
201208,1,3,2,Empty,12,0,12,0
201208,4,3,2,Empty,380,0,380,0
201208,2,3,2,Empty,126,0,126,0
201208,5,3,2,Empty,1460,0,1460,0
201208,9,3,2,Empty,758,0,758,0
201208,6,3,2,Loaded,5268,5268,0,37610
201208,3,3,2,Loaded,654,654,0,4770
201208,1,3,2,Loaded,1492,1492,0,10714
201208,4,3,2,Loaded,198,198,0,1511
201208,2,3,2,Loaded,3152,3152,0,21982
201208,8,3,2,Loaded,78,78,0,406
201208,5,3,2,Loaded,224,224,0,1586
201208,9,3,2,Loaded,116,116,0,1291
201208,6,4,2,Empty,2218,0,2218,0
201208,3,4,2,Empty,980,0,980,0
201208,1,4,2,Empty,110,0,110,0
201208,4,4,2,Empty,60,0,60,0
201208,2,4,2,Empty,532,0,532,0
201208,8,4,2,Empty,250,0,250,0
201208,5,4,2,Empty,248,0,248,0
201208,9,4,2,Empty,24,0,24,0
201208,6,4,2,Loaded,542,542,0,3962
201208,3,4,2,Loaded,126,126,0,1090
201208,1,4,2,Loaded,94,94,0,665
201208,4,4,2,Loaded,2,2,0,22
201208,2,4,2,Loaded,456,456,0,2571
201208,8,4,2,Loaded,18,18,0,182
201208,5,4,2,Loaded,86,86,0,172
201208,7,1,1,Empty,1941,0,1941,0
201208,7,1,1,Loaded,2945,2945,0,49021
201208,7,2,1,Empty,3,0,3,0
201208,7,2,1,Loaded,646,646,0,8006
201208,7,3,1,Empty,1268,0,1268,0
201208,7,3,1,Loaded,4288,4288,0,38884
201208,7,4,1,Empty,324,0,324,0
201208,7,4,1,Loaded,708,708,0,7185
201208,7,1,2,Empty,455,0,455,0
201208,7,1,2,Loaded,9325,9325,0,119369
201208,7,2,2,Empty,243,0,243,0
201208,7,2,2,Loaded,815,815,0,6542
201208,7,3,2,Empty,514,0,514,0
201208,7,3,2,Loaded,13560,13560,0,88071
201208,7,4,2,Empty,258,0,258,0
201208,7,4,2,Loaded,3014,3014,0,22632
201207,6,1,1,Empty,1750,0,1750,0
201207,3,1,1,Empty,31,0,31,0
201207,1,1,1,Empty,255,0,255,0
201207,4,1,1,Empty,35,0,35,0
201207,2,1,1,Empty,393,0,393,0
201207,5,1,1,Empty,9,0,9,0
201207,9,1,1,Empty,1,0,1,0
201207,6,1,1,Loaded,6739,6739,0,115170
201207,3,1,1,Loaded,1479,1479,0,26621
201207,1,1,1,Loaded,767,767,0,10776
201207,4,1,1,Loaded,216,216,0,3417
201207,2,1,1,Loaded,2500,2500,0,42589
201207,8,1,1,Loaded,335,335,0,5500
201207,5,1,1,Loaded,744,744,0,13744
201207,9,1,1,Loaded,143,143,0,3277
201207,6,2,1,Empty,64,0,64,0
201207,4,2,1,Empty,6,0,6,0
201207,2,2,1,Empty,8,0,8,0
201207,5,2,1,Empty,63,0,63,0
201207,9,2,1,Empty,2,0,2,0
201207,6,2,1,Loaded,2863,2863,0,44426
201207,3,2,1,Loaded,663,663,0,9670
201207,1,2,1,Loaded,87,87,0,1069
201207,4,2,1,Loaded,162,162,0,2547
201207,2,2,1,Loaded,957,957,0,14326
201207,8,2,1,Loaded,188,188,0,3014
201207,5,2,1,Loaded,740,740,0,10923
201207,9,2,1,Loaded,42,42,0,658
201207,6,3,1,Empty,1050,0,1050,0
201207,3,3,1,Empty,120,0,120,0
201207,1,3,1,Empty,60,0,60,0
201207,4,3,1,Empty,44,0,44,0
201207,2,3,1,Empty,166,0,166,0
201207,5,3,1,Empty,10,0,10,0
201207,9,3,1,Empty,8,0,8,0
201207,6,3,1,Loaded,17184,17184,0,199590
201207,3,3,1,Loaded,2346,2346,0,28384
201207,1,3,1,Loaded,1036,1036,0,10832
201207,4,3,1,Loaded,640,640,0,7620
201207,2,3,1,Loaded,3498,3498,0,41820
201207,8,3,1,Loaded,128,128,0,1583
201207,5,3,1,Loaded,4010,4010,0,51381
201207,9,3,1,Loaded,748,748,0,8745
201207,6,4,1,Empty,48,0,48,0
201207,3,4,1,Empty,10,0,10,0
201207,4,4,1,Empty,2,0,2,0
201207,2,4,1,Empty,8,0,8,0
201207,5,4,1,Empty,56,0,56,0
201207,6,4,1,Loaded,5394,5394,0,60704
201207,3,4,1,Loaded,2352,2352,0,27152
201207,1,4,1,Loaded,144,144,0,1665
201207,4,4,1,Loaded,324,324,0,3635
201207,2,4,1,Loaded,1016,1016,0,11350
201207,8,4,1,Loaded,186,186,0,1880
201207,5,4,1,Loaded,800,800,0,9331
201207,9,4,1,Loaded,60,60,0,740
201207,6,1,2,Empty,649,0,649,0
201207,3,1,2,Empty,150,0,150,0
201207,4,1,2,Empty,42,0,42,0
201207,2,1,2,Empty,24,0,24,0
201207,5,1,2,Empty,123,0,123,0
201207,9,1,2,Empty,61,0,61,0
201207,6,1,2,Loaded,3821,3821,0,61497
201207,3,1,2,Loaded,429,429,0,6580
201207,1,1,2,Loaded,771,771,0,10522
201207,4,1,2,Loaded,117,117,0,1974
201207,2,1,2,Loaded,2629,2629,0,39125
201207,8,1,2,Loaded,276,276,0,5463
201207,5,1,2,Loaded,356,356,0,6190
201207,9,1,2,Loaded,179,179,0,3452
201207,6,2,2,Empty,1323,0,1323,0
201207,3,2,2,Empty,667,0,667,0
201207,1,2,2,Empty,70,0,70,0
201207,4,2,2,Empty,101,0,101,0
201207,2,2,2,Empty,1190,0,1190,0
201207,8,2,2,Empty,610,0,610,0
201207,5,2,2,Empty,508,0,508,0
201207,9,2,2,Empty,29,0,29,0
201207,6,2,2,Loaded,147,147,0,1511
201207,3,2,2,Loaded,21,21,0,239
201207,1,2,2,Loaded,22,22,0,195
201207,4,2,2,Loaded,1,1,0,8
201207,2,2,2,Loaded,120,120,0,982
201207,5,2,2,Loaded,25,25,0,57
201207,6,3,2,Empty,4684,0,4684,0
201207,3,3,2,Empty,1026,0,1026,0
201207,1,3,2,Empty,308,0,308,0
201207,4,3,2,Empty,800,0,800,0
201207,2,3,2,Empty,246,0,246,0
201207,8,3,2,Empty,172,0,172,0
201207,5,3,2,Empty,2810,0,2810,0
201207,9,3,2,Empty,718,0,718,0
201207,6,3,2,Loaded,5136,5136,0,37476
201207,3,3,2,Loaded,412,412,0,2912
201207,1,3,2,Loaded,1020,1020,0,7093
201207,4,3,2,Loaded,232,232,0,1980
201207,2,3,2,Loaded,2896,2896,0,19984
201207,8,3,2,Loaded,86,86,0,514
201207,5,3,2,Loaded,318,318,0,2386
201207,9,3,2,Loaded,42,42,0,335
201207,6,4,2,Empty,2012,0,2012,0
201207,3,4,2,Empty,1174,0,1174,0
201207,1,4,2,Empty,102,0,102,0
201207,4,4,2,Empty,284,0,284,0
201207,2,4,2,Empty,908,0,908,0
201207,8,4,2,Empty,148,0,148,0
201207,5,4,2,Empty,138,0,138,0
201207,9,4,2,Empty,68,0,68,0
201207,6,4,2,Loaded,524,524,0,4014
201207,3,4,2,Loaded,136,136,0,1203
201207,1,4,2,Loaded,44,44,0,427
201207,4,4,2,Loaded,2,2,0,16
201207,2,4,2,Loaded,402,402,0,2534
201207,8,4,2,Loaded,24,24,0,249
201207,5,4,2,Loaded,150,150,0,280
201207,7,1,1,Empty,1175,0,1175,0
201207,7,1,1,Loaded,3144,3144,0,51833
201207,7,2,1,Empty,4,0,4,0
201207,7,2,1,Loaded,904,904,0,12371
201207,7,3,1,Empty,588,0,588,0
201207,7,3,1,Loaded,4602,4602,0,42012
201207,7,4,1,Empty,66,0,66,0
201207,7,4,1,Loaded,1262,1262,0,13285
201207,7,1,2,Empty,152,0,152,0
201207,7,1,2,Loaded,9765,9765,0,128318
201207,7,2,2,Empty,474,0,474,0
201207,7,2,2,Loaded,731,731,0,6270
201207,7,3,2,Empty,526,0,526,0
201207,7,3,2,Loaded,13362,13362,0,87732
201207,7,4,2,Empty,212,0,212,0
201207,7,4,2,Loaded,2610,2610,0,20292
201206,6,1,1,Empty,2261,0,2261,0
201206,3,1,1,Empty,7,0,7,0
201206,1,1,1,Empty,184,0,184,0
201206,4,1,1,Empty,20,0,20,0
201206,2,1,1,Empty,332,0,332,0
201206,5,1,1,Empty,35,0,35,0
201206,6,1,1,Loaded,6241,6241,0,108895
201206,3,1,1,Loaded,1255,1255,0,22482
201206,1,1,1,Loaded,971,971,0,15306
201206,4,1,1,Loaded,137,137,0,2256
201206,2,1,1,Loaded,2252,2252,0,37333
201206,8,1,1,Loaded,205,205,0,3339
201206,5,1,1,Loaded,743,743,0,13559
201206,9,1,1,Loaded,246,246,0,4772
201206,6,2,1,Empty,69,0,69,0
201206,3,2,1,Empty,6,0,6,0
201206,1,2,1,Empty,1,0,1,0
201206,4,2,1,Empty,7,0,7,0
201206,2,2,1,Empty,4,0,4,0
201206,5,2,1,Empty,14,0,14,0
201206,6,2,1,Loaded,3065,3065,0,47171
201206,3,2,1,Loaded,611,611,0,9265
201206,1,2,1,Loaded,74,74,0,873
201206,4,2,1,Loaded,60,60,0,845
201206,2,2,1,Loaded,957,957,0,14515
201206,8,2,1,Loaded,220,220,0,3678
201206,5,2,1,Loaded,730,730,0,11168
201206,9,2,1,Loaded,28,28,0,421
201206,6,3,1,Empty,2240,0,2240,0
201206,3,3,1,Empty,34,0,34,0
201206,1,3,1,Empty,150,0,150,0
201206,4,3,1,Empty,60,0,60,0
201206,2,3,1,Empty,350,0,350,0
201206,5,3,1,Empty,12,0,12,0
201206,9,3,1,Empty,4,0,4,0
201206,6,3,1,Loaded,14648,14648,0,167485
201206,3,3,1,Loaded,2270,2270,0,27436
201206,1,3,1,Loaded,1898,1898,0,17282
201206,4,3,1,Loaded,332,332,0,3929
201206,2,3,1,Loaded,3828,3828,0,46035
201206,8,3,1,Loaded,156,156,0,1966
201206,5,3,1,Loaded,2756,2756,0,35181
201206,9,3,1,Loaded,656,656,0,7466
201206,6,4,1,Empty,54,0,54,0
201206,3,4,1,Empty,14,0,14,0
201206,4,4,1,Empty,16,0,16,0
201206,5,4,1,Empty,6,0,6,0
201206,6,4,1,Loaded,6408,6408,0,71380
201206,3,4,1,Loaded,3208,3208,0,37052
201206,1,4,1,Loaded,182,182,0,2041
201206,4,4,1,Loaded,110,110,0,1155
201206,2,4,1,Loaded,1234,1234,0,13441
201206,8,4,1,Loaded,196,196,0,2106
201206,5,4,1,Loaded,726,726,0,8371
201206,9,4,1,Loaded,48,48,0,594
201206,6,1,2,Empty,422,0,422,0
201206,3,1,2,Empty,129,0,129,0
201206,4,1,2,Empty,97,0,97,0
201206,2,1,2,Empty,13,0,13,0
201206,5,1,2,Empty,122,0,122,0
201206,9,1,2,Empty,133,0,133,0
201206,6,1,2,Loaded,3483,3483,0,57714
201206,3,1,2,Loaded,514,514,0,8324
201206,1,1,2,Loaded,1169,1169,0,18300
201206,4,1,2,Loaded,149,149,0,2701
201206,2,1,2,Loaded,2221,2221,0,34945
201206,8,1,2,Loaded,167,167,0,3135
201206,5,1,2,Loaded,247,247,0,4189
201206,9,1,2,Loaded,199,199,0,4331
201206,6,2,2,Empty,1741,0,1741,0
201206,3,2,2,Empty,644,0,644,0
201206,1,2,2,Empty,90,0,90,0
201206,4,2,2,Empty,80,0,80,0
201206,2,2,2,Empty,838,0,838,0
201206,8,2,2,Empty,323,0,323,0
201206,5,2,2,Empty,661,0,661,0
201206,9,2,2,Empty,37,0,37,0
201206,6,2,2,Loaded,146,146,0,1543
201206,3,2,2,Loaded,31,31,0,376
201206,1,2,2,Loaded,22,22,0,133
201206,2,2,2,Loaded,94,94,0,814
201206,8,2,2,Loaded,1,1,0,17
201206,5,2,2,Loaded,14,14,0,46
201206,6,3,2,Empty,4962,0,4962,0
201206,3,3,2,Empty,910,0,910,0
201206,1,3,2,Empty,140,0,140,0
201206,4,3,2,Empty,654,0,654,0
201206,2,3,2,Empty,140,0,140,0
201206,8,3,2,Empty,78,0,78,0
201206,5,3,2,Empty,2038,0,2038,0
201206,9,3,2,Empty,544,0,544,0
201206,6,3,2,Loaded,4704,4704,0,36759
201206,3,3,2,Loaded,552,552,0,4042
201206,1,3,2,Loaded,1588,1588,0,10413
201206,4,3,2,Loaded,78,78,0,562
201206,2,3,2,Loaded,2112,2112,0,14614
201206,8,3,2,Loaded,108,108,0,1014
201206,5,3,2,Loaded,268,268,0,2068
201206,9,3,2,Loaded,26,26,0,181
201206,6,4,2,Empty,2138,0,2138,0
201206,3,4,2,Empty,2626,0,2626,0
201206,1,4,2,Empty,126,0,126,0
201206,4,4,2,Empty,376,0,376,0
201206,2,4,2,Empty,1334,0,1334,0
201206,8,4,2,Empty,230,0,230,0
201206,5,4,2,Empty,1352,0,1352,0
201206,9,4,2,Empty,80,0,80,0
201206,6,4,2,Loaded,436,436,0,3497
201206,3,4,2,Loaded,140,140,0,1353
201206,1,4,2,Loaded,44,44,0,418
201206,2,4,2,Loaded,172,172,0,1290
201206,8,4,2,Loaded,20,20,0,208
201206,5,4,2,Loaded,92,92,0,183
201206,7,1,1,Empty,1009,0,1009,0
201206,7,1,1,Loaded,2948,2948,0,51494
201206,7,2,1,Empty,24,0,24,0
201206,7,2,1,Loaded,753,753,0,10088
201206,7,3,1,Empty,748,0,748,0
201206,7,3,1,Loaded,3896,3896,0,33874
201206,7,4,1,Empty,170,0,170,0
201206,7,4,1,Loaded,910,910,0,9650
201206,7,1,2,Empty,302,0,302,0
201206,7,1,2,Loaded,9579,9579,0,124311
201206,7,2,2,Empty,585,0,585,0
201206,7,2,2,Loaded,769,769,0,6495
201206,7,3,2,Empty,1108,0,1108,0
201206,7,3,2,Loaded,12312,12312,0,80881
201206,7,4,2,Empty,210,0,210,0
201206,7,4,2,Loaded,2510,2510,0,18860
201205,6,1,1,Empty,2581,0,2581,0
201205,3,1,1,Empty,72,0,72,0
201205,1,1,1,Empty,207,0,207,0
201205,4,1,1,Empty,4,0,4,0
201205,2,1,1,Empty,330,0,330,0
201205,5,1,1,Empty,24,0,24,0
201205,9,1,1,Empty,4,0,4,0
201205,6,1,1,Loaded,6881,6881,0,117302
201205,3,1,1,Loaded,1472,1472,0,26727
201205,1,1,1,Loaded,845,845,0,12513
201205,4,1,1,Loaded,204,204,0,3507
201205,2,1,1,Loaded,2620,2620,0,43755
201205,8,1,1,Loaded,311,311,0,4640
201205,5,1,1,Loaded,1148,1148,0,21534
201205,9,1,1,Loaded,329,329,0,6509
201205,6,2,1,Empty,6,0,6,0
201205,3,2,1,Empty,1,0,1,0
201205,1,2,1,Empty,1,0,1,0
201205,4,2,1,Empty,1,0,1,0
201205,2,2,1,Empty,3,0,3,0
201205,5,2,1,Empty,1,0,1,0
201205,6,2,1,Loaded,3577,3577,0,55893
201205,3,2,1,Loaded,806,806,0,12112
201205,1,2,1,Loaded,59,59,0,702
201205,4,2,1,Loaded,63,63,0,857
201205,2,2,1,Loaded,1107,1107,0,16356
201205,8,2,1,Loaded,241,241,0,3956
201205,5,2,1,Loaded,1230,1230,0,19288
201205,9,2,1,Loaded,24,24,0,412
201205,6,3,1,Empty,1588,0,1588,0
201205,3,3,1,Empty,100,0,100,0
201205,1,3,1,Empty,18,0,18,0
201205,4,3,1,Empty,10,0,10,0
201205,2,3,1,Empty,126,0,126,0
201205,5,3,1,Empty,74,0,74,0
201205,9,3,1,Empty,8,0,8,0
201205,6,3,1,Loaded,15254,15254,0,170989
201205,3,3,1,Loaded,2792,2792,0,34383
201205,1,3,1,Loaded,1134,1134,0,12056
201205,4,3,1,Loaded,424,424,0,5100
201205,2,3,1,Loaded,4892,4892,0,58881
201205,8,3,1,Loaded,84,84,0,896
201205,5,3,1,Loaded,3142,3142,0,40149
201205,9,3,1,Loaded,1082,1082,0,12573
201205,6,4,1,Empty,54,0,54,0
201205,3,4,1,Empty,2,0,2,0
201205,2,4,1,Empty,12,0,12,0
201205,5,4,1,Empty,6,0,6,0
201205,6,4,1,Loaded,8046,8046,0,89742
201205,3,4,1,Loaded,3554,3554,0,41574
201205,1,4,1,Loaded,260,260,0,2460
201205,4,4,1,Loaded,132,132,0,1336
201205,2,4,1,Loaded,1746,1746,0,19336
201205,8,4,1,Loaded,216,216,0,2334
201205,5,4,1,Loaded,1772,1772,0,20641
201205,9,4,1,Loaded,34,34,0,369
201205,6,1,2,Empty,453,0,453,0
201205,3,1,2,Empty,315,0,315,0
201205,1,1,2,Empty,125,0,125,0
201205,4,1,2,Empty,78,0,78,0
201205,2,1,2,Empty,149,0,149,0
201205,5,1,2,Empty,294,0,294,0
201205,9,1,2,Empty,207,0,207,0
201205,6,1,2,Loaded,3291,3291,0,53401
201205,3,1,2,Loaded,482,482,0,7486
201205,1,1,2,Loaded,915,915,0,13341
201205,4,1,2,Loaded,128,128,0,2437
201205,2,1,2,Loaded,2557,2557,0,37278
201205,8,1,2,Loaded,30,30,0,532
201205,5,1,2,Loaded,291,291,0,5061
201205,9,1,2,Loaded,387,387,0,8704
201205,6,2,2,Empty,1533,0,1533,0
201205,3,2,2,Empty,874,0,874,0
201205,1,2,2,Empty,76,0,76,0
201205,4,2,2,Empty,83,0,83,0
201205,2,2,2,Empty,1155,0,1155,0
201205,8,2,2,Empty,331,0,331,0
201205,5,2,2,Empty,1147,0,1147,0
201205,9,2,2,Empty,27,0,27,0
201205,6,2,2,Loaded,100,100,0,835
201205,3,2,2,Loaded,44,44,0,549
201205,1,2,2,Loaded,20,20,0,167
201205,4,2,2,Loaded,1,1,0,17
201205,2,2,2,Loaded,124,124,0,1069
201205,5,2,2,Loaded,26,26,0,117
201205,6,3,2,Empty,4508,0,4508,0
201205,3,3,2,Empty,1614,0,1614,0
201205,1,3,2,Empty,134,0,134,0
201205,4,3,2,Empty,934,0,934,0
201205,2,3,2,Empty,490,0,490,0
201205,8,3,2,Empty,126,0,126,0
201205,5,3,2,Empty,2244,0,2244,0
201205,9,3,2,Empty,1136,0,1136,0
201205,6,3,2,Loaded,4224,4224,0,32033
201205,3,3,2,Loaded,706,706,0,5544
201205,1,3,2,Loaded,1054,1054,0,7448
201205,4,3,2,Loaded,96,96,0,719
201205,2,3,2,Loaded,2762,2762,0,18242
201205,8,3,2,Loaded,42,42,0,199
201205,5,3,2,Loaded,330,330,0,2595
201205,9,3,2,Loaded,116,116,0,1179
201205,6,4,2,Empty,1936,0,1936,0
201205,3,4,2,Empty,3232,0,3232,0
201205,1,4,2,Empty,110,0,110,0
201205,4,4,2,Empty,704,0,704,0
201205,2,4,2,Empty,1478,0,1478,0
201205,8,4,2,Empty,240,0,240,0
201205,5,4,2,Empty,1614,0,1614,0
201205,9,4,2,Empty,50,0,50,0
201205,6,4,2,Loaded,326,326,0,2511
201205,3,4,2,Loaded,168,168,0,1838
201205,1,4,2,Loaded,34,34,0,267
201205,4,4,2,Loaded,10,10,0,67
201205,2,4,2,Loaded,330,330,0,1389
201205,8,4,2,Loaded,34,34,0,332
201205,5,4,2,Loaded,168,168,0,263
201205,7,1,1,Empty,1577,0,1577,0
201205,7,1,1,Loaded,3321,3321,0,56685
201205,7,2,1,Empty,3,0,3,0
201205,7,2,1,Loaded,899,899,0,12702
201205,7,3,1,Empty,1120,0,1120,0
201205,7,3,1,Loaded,4158,4158,0,37984
201205,7,4,1,Empty,84,0,84,0
201205,7,4,1,Loaded,1208,1208,0,13217
201205,7,1,2,Empty,505,0,505,0
201205,7,1,2,Loaded,9528,9528,0,123774
201205,7,2,2,Empty,949,0,949,0
201205,7,2,2,Loaded,798,798,0,6803
201205,7,3,2,Empty,522,0,522,0
201205,7,3,2,Loaded,12796,12796,0,81675
201205,7,4,2,Empty,204,0,204,0
201205,7,4,2,Loaded,2846,2846,0,22415
201204,6,1,1,Empty,498,0,498,0
201204,3,1,1,Empty,11,0,11,0
201204,1,1,1,Empty,67,0,67,0
201204,4,1,1,Empty,1,0,1,0
201204,2,1,1,Empty,169,0,169,0
201204,5,1,1,Empty,7,0,7,0
201204,9,1,1,Empty,2,0,2,0
201204,6,1,1,Loaded,8185,8185,0,139662
201204,3,1,1,Loaded,1121,1121,0,20282
201204,1,1,1,Loaded,472,472,0,6724
201204,4,1,1,Loaded,145,145,0,2351
201204,2,1,1,Loaded,2121,2121,0,35032
201204,8,1,1,Loaded,262,262,0,4256
201204,5,1,1,Loaded,781,781,0,14604
201204,9,1,1,Loaded,259,259,0,5589
201204,6,2,1,Empty,8,0,8,0
201204,3,2,1,Empty,2,0,2,0
201204,1,2,1,Empty,1,0,1,0
201204,2,2,1,Empty,4,0,4,0
201204,5,2,1,Empty,11,0,11,0
201204,6,2,1,Loaded,3658,3658,0,56365
201204,3,2,1,Loaded,772,772,0,11854
201204,1,2,1,Loaded,68,68,0,780
201204,4,2,1,Loaded,82,82,0,1171
201204,2,2,1,Loaded,1080,1080,0,16377
201204,8,2,1,Loaded,193,193,0,3175
201204,5,2,1,Loaded,899,899,0,13886
201204,9,2,1,Loaded,13,13,0,193
201204,6,3,1,Empty,732,0,732,0
201204,3,3,1,Empty,28,0,28,0
201204,1,3,1,Empty,34,0,34,0
201204,4,3,1,Empty,12,0,12,0
201204,2,3,1,Empty,130,0,130,0
201204,5,3,1,Empty,24,0,24,0
201204,9,3,1,Empty,16,0,16,0
201204,6,3,1,Loaded,16410,16410,0,181288
201204,3,3,1,Loaded,2318,2318,0,28624
201204,1,3,1,Loaded,948,948,0,10368
201204,4,3,1,Loaded,392,392,0,4582
201204,2,3,1,Loaded,3280,3280,0,38127
201204,8,3,1,Loaded,300,300,0,3669
201204,5,3,1,Loaded,3106,3106,0,39238
201204,9,3,1,Loaded,1088,1088,0,12393
201204,6,4,1,Empty,48,0,48,0
201204,3,4,1,Empty,4,0,4,0
201204,5,4,1,Empty,6,0,6,0
201204,6,4,1,Loaded,6396,6396,0,72185
201204,3,4,1,Loaded,4236,4236,0,51838
201204,1,4,1,Loaded,264,264,0,2592
201204,4,4,1,Loaded,90,90,0,916
201204,2,4,1,Loaded,1320,1320,0,15405
201204,8,4,1,Loaded,260,260,0,2981
201204,5,4,1,Loaded,1210,1210,0,14082
201204,9,4,1,Loaded,92,92,0,1050
201204,6,1,2,Empty,509,0,509,0
201204,3,1,2,Empty,254,0,254,0
201204,1,1,2,Empty,88,0,88,0
201204,4,1,2,Empty,74,0,74,0
201204,2,1,2,Empty,143,0,143,0
201204,8,1,2,Empty,26,0,26,0
201204,5,1,2,Empty,358,0,358,0
201204,9,1,2,Empty,172,0,172,0
201204,6,1,2,Loaded,4588,4588,0,71975
201204,3,1,2,Loaded,517,517,0,8283
201204,1,1,2,Loaded,933,933,0,13024
201204,4,1,2,Loaded,118,118,0,2019
201204,2,1,2,Loaded,2378,2378,0,35410
201204,8,1,2,Loaded,133,133,0,2507
201204,5,1,2,Loaded,269,269,0,4914
201204,9,1,2,Loaded,277,277,0,5783
201204,6,2,2,Empty,1996,0,1996,0
201204,3,2,2,Empty,695,0,695,0
201204,1,2,2,Empty,30,0,30,0
201204,4,2,2,Empty,105,0,105,0
201204,2,2,2,Empty,1395,0,1395,0
201204,8,2,2,Empty,348,0,348,0
201204,5,2,2,Empty,1019,0,1019,0
201204,9,2,2,Empty,48,0,48,0
201204,6,2,2,Loaded,184,184,0,1723
201204,3,2,2,Loaded,16,16,0,139
201204,1,2,2,Loaded,27,27,0,201
201204,2,2,2,Loaded,85,85,0,550
201204,5,2,2,Loaded,20,20,0,26
201204,6,3,2,Empty,7308,0,7308,0
201204,3,3,2,Empty,1368,0,1368,0
201204,1,3,2,Empty,378,0,378,0
201204,4,3,2,Empty,862,0,862,0
201204,2,3,2,Empty,432,0,432,0
201204,8,3,2,Empty,30,0,30,0
201204,5,3,2,Empty,2172,0,2172,0
201204,9,3,2,Empty,1178,0,1178,0
201204,6,3,2,Loaded,5808,5808,0,43772
201204,3,3,2,Loaded,460,460,0,3487
201204,1,3,2,Loaded,858,858,0,5761
201204,4,3,2,Loaded,192,192,0,1524
201204,2,3,2,Loaded,2706,2706,0,18350
201204,8,3,2,Loaded,68,68,0,491
201204,5,3,2,Loaded,318,318,0,2240
201204,9,3,2,Loaded,130,130,0,1487
201204,6,4,2,Empty,2562,0,2562,0
201204,3,4,2,Empty,3124,0,3124,0
201204,1,4,2,Empty,134,0,134,0
201204,4,4,2,Empty,398,0,398,0
201204,2,4,2,Empty,1032,0,1032,0
201204,8,4,2,Empty,160,0,160,0
201204,5,4,2,Empty,1604,0,1604,0
201204,9,4,2,Empty,130,0,130,0
201204,6,4,2,Loaded,616,616,0,5428
201204,3,4,2,Loaded,116,116,0,1137
201204,1,4,2,Loaded,46,46,0,321
201204,2,4,2,Loaded,220,220,0,1202
201204,8,4,2,Loaded,26,26,0,271
201204,5,4,2,Loaded,136,136,0,251
201204,7,1,1,Empty,1644,0,1644,0
201204,7,1,1,Loaded,1796,1796,0,30550
201204,7,2,1,Empty,4,0,4,0
201204,7,2,1,Loaded,320,320,0,4110
201204,7,3,1,Empty,326,0,326,0
201204,7,3,1,Loaded,2310,2310,0,20323
201204,7,4,1,Empty,290,0,290,0
201204,7,4,1,Loaded,750,750,0,8445
201204,7,1,2,Empty,155,0,155,0
201204,7,1,2,Loaded,8119,8119,0,102748
201204,7,2,2,Empty,462,0,462,0
201204,7,2,2,Loaded,606,606,0,5542
201204,7,3,2,Empty,92,0,92,0
201204,7,3,2,Loaded,11378,11378,0,71180
201204,7,4,2,Empty,186,0,186,0
201204,7,4,2,Loaded,2604,2604,0,19313
201203,6,1,1,Empty,982,0,982,0
201203,3,1,1,Empty,37,0,37,0
201203,1,1,1,Empty,219,0,219,0
201203,4,1,1,Empty,21,0,21,0
201203,2,1,1,Empty,273,0,273,0
201203,5,1,1,Empty,157,0,157,0
201203,6,1,1,Loaded,8213,8213,0,139104
201203,3,1,1,Loaded,1568,1568,0,28517
201203,1,1,1,Loaded,1090,1090,0,16982
201203,4,1,1,Loaded,157,157,0,2600
201203,2,1,1,Loaded,2478,2478,0,42031
201203,8,1,1,Loaded,196,196,0,3040
201203,5,1,1,Loaded,1084,1084,0,20904
201203,9,1,1,Loaded,192,192,0,3618
201203,6,2,1,Empty,5,0,5,0
201203,3,2,1,Empty,1,0,1,0
201203,2,2,1,Empty,2,0,2,0
201203,9,2,1,Empty,1,0,1,0
201203,6,2,1,Loaded,3965,3965,0,61293
201203,3,2,1,Loaded,924,924,0,14021
201203,1,2,1,Loaded,178,178,0,2305
201203,4,2,1,Loaded,83,83,0,1217
201203,2,2,1,Loaded,1008,1008,0,15131
201203,8,2,1,Loaded,207,207,0,3453
201203,5,2,1,Loaded,1129,1129,0,17610
201203,9,2,1,Loaded,17,17,0,264
201203,6,3,1,Empty,1068,0,1068,0
201203,3,3,1,Empty,96,0,96,0
201203,1,3,1,Empty,66,0,66,0
201203,4,3,1,Empty,10,0,10,0
201203,2,3,1,Empty,130,0,130,0
201203,5,3,1,Empty,148,0,148,0
201203,9,3,1,Empty,12,0,12,0
201203,6,3,1,Loaded,19082,19082,0,212668
201203,3,3,1,Loaded,3144,3144,0,38304
201203,1,3,1,Loaded,1544,1544,0,14716
201203,4,3,1,Loaded,442,442,0,5318
201203,2,3,1,Loaded,4256,4256,0,50451
201203,8,3,1,Loaded,424,424,0,5469
201203,5,3,1,Loaded,2706,2706,0,33576
201203,9,3,1,Loaded,724,724,0,8512
201203,6,4,1,Empty,52,0,52,0
201203,3,4,1,Empty,4,0,4,0
201203,2,4,1,Empty,4,0,4,0
201203,5,4,1,Empty,4,0,4,0
201203,6,4,1,Loaded,5108,5108,0,59068
201203,3,4,1,Loaded,4168,4168,0,51550
201203,1,4,1,Loaded,404,404,0,4082
201203,4,4,1,Loaded,134,134,0,1426
201203,2,4,1,Loaded,1296,1296,0,14315
201203,8,4,1,Loaded,152,152,0,1745
201203,5,4,1,Loaded,1302,1302,0,15687
201203,9,4,1,Loaded,34,34,0,425
201203,6,1,2,Empty,346,0,346,0
201203,3,1,2,Empty,217,0,217,0
201203,1,1,2,Empty,69,0,69,0
201203,4,1,2,Empty,52,0,52,0
201203,2,1,2,Empty,160,0,160,0
201203,8,1,2,Empty,110,0,110,0
201203,5,1,2,Empty,328,0,328,0
201203,9,1,2,Empty,35,0,35,0
201203,6,1,2,Loaded,5028,5028,0,76383
201203,3,1,2,Loaded,537,537,0,8662
201203,1,1,2,Loaded,1766,1766,0,23198
201203,4,1,2,Loaded,113,113,0,1899
201203,2,1,2,Loaded,2356,2356,0,35136
201203,8,1,2,Loaded,73,73,0,1411
201203,5,1,2,Loaded,311,311,0,5779
201203,9,1,2,Loaded,214,214,0,4316
201203,6,2,2,Empty,1632,0,1632,0
201203,3,2,2,Empty,821,0,821,0
201203,1,2,2,Empty,136,0,136,0
201203,4,2,2,Empty,53,0,53,0
201203,2,2,2,Empty,1321,0,1321,0
201203,8,2,2,Empty,273,0,273,0
201203,5,2,2,Empty,1534,0,1534,0
201203,9,2,2,Empty,17,0,17,0
201203,6,2,2,Loaded,264,264,0,2605
201203,3,2,2,Loaded,43,43,0,500
201203,1,2,2,Loaded,144,144,0,1374
201203,2,2,2,Loaded,117,117,0,798
201203,8,2,2,Loaded,2,2,0,25
201203,5,2,2,Loaded,14,14,0,32
201203,6,3,2,Empty,6118,0,6118,0
201203,3,3,2,Empty,1228,0,1228,0
201203,1,3,2,Empty,134,0,134,0
201203,4,3,2,Empty,798,0,798,0
201203,2,3,2,Empty,286,0,286,0
201203,8,3,2,Empty,304,0,304,0
201203,5,3,2,Empty,1648,0,1648,0
201203,9,3,2,Empty,1006,0,1006,0
201203,6,3,2,Loaded,6328,6328,0,46414
201203,3,3,2,Loaded,666,666,0,5272
201203,1,3,2,Loaded,2222,2222,0,14508
201203,4,3,2,Loaded,134,134,0,985
201203,2,3,2,Loaded,2588,2588,0,16731
201203,8,3,2,Loaded,46,46,0,237
201203,5,3,2,Loaded,346,346,0,2560
201203,9,3,2,Loaded,62,62,0,712
201203,6,4,2,Empty,1504,0,1504,0
201203,3,4,2,Empty,4356,0,4356,0
201203,1,4,2,Empty,132,0,132,0
201203,4,4,2,Empty,130,0,130,0
201203,2,4,2,Empty,1044,0,1044,0
201203,8,4,2,Empty,118,0,118,0
201203,5,4,2,Empty,1606,0,1606,0
201203,9,4,2,Empty,104,0,104,0
201203,6,4,2,Loaded,740,740,0,5687
201203,3,4,2,Loaded,120,120,0,1051
201203,1,4,2,Loaded,360,360,0,2752
201203,2,4,2,Loaded,292,292,0,2134
201203,8,4,2,Loaded,20,20,0,206
201203,5,4,2,Loaded,146,146,0,192
201203,7,1,1,Empty,128,0,128,0
201203,7,1,1,Loaded,192,192,0,4572
201203,7,2,1,Empty,1,0,1,0
201203,7,2,1,Loaded,42,42,0,462
201203,7,3,1,Empty,268,0,268,0
201203,7,3,1,Loaded,64,64,0,622
201203,7,4,1,Loaded,80,80,0,918
201203,7,1,2,Empty,134,0,134,0
201203,7,1,2,Loaded,4003,4003,0,53471
201203,7,2,2,Empty,205,0,205,0
201203,7,2,2,Loaded,360,360,0,3513
201203,7,3,2,Empty,78,0,78,0
201203,7,3,2,Loaded,5694,5694,0,36175
201203,7,4,2,Empty,160,0,160,0
201203,7,4,2,Loaded,1962,1962,0,16674
201202,6,1,1,Empty,1741,0,1741,0
201202,3,1,1,Empty,27,0,27,0
201202,1,1,1,Empty,101,0,101,0
201202,2,1,1,Empty,275,0,275,0
201202,8,1,1,Empty,1,0,1,0
201202,5,1,1,Empty,24,0,24,0
201202,9,1,1,Empty,8,0,8,0
201202,6,1,1,Loaded,6117,6117,0,103992
201202,3,1,1,Loaded,1253,1253,0,23084
201202,1,1,1,Loaded,832,832,0,12960
201202,4,1,1,Loaded,176,176,0,2841
201202,2,1,1,Loaded,2455,2455,0,40929
201202,8,1,1,Loaded,177,177,0,3268
201202,5,1,1,Loaded,1222,1222,0,22920
201202,9,1,1,Loaded,229,229,0,4507
201202,6,2,1,Empty,54,0,54,0
201202,2,2,1,Empty,11,0,11,0
201202,5,2,1,Empty,7,0,7,0
201202,6,2,1,Loaded,3301,3301,0,51796
201202,3,2,1,Loaded,695,695,0,10369
201202,1,2,1,Loaded,73,73,0,908
201202,4,2,1,Loaded,108,108,0,1576
201202,2,2,1,Loaded,1055,1055,0,16249
201202,8,2,1,Loaded,122,122,0,2018
201202,5,2,1,Loaded,1036,1036,0,16233
201202,9,2,1,Loaded,10,10,0,142
201202,6,3,1,Empty,1146,0,1146,0
201202,3,3,1,Empty,60,0,60,0
201202,1,3,1,Empty,48,0,48,0
201202,4,3,1,Empty,8,0,8,0
201202,2,3,1,Empty,78,0,78,0
201202,5,3,1,Empty,50,0,50,0
201202,9,3,1,Empty,8,0,8,0
201202,6,3,1,Loaded,13736,13736,0,157089
201202,3,3,1,Loaded,2314,2314,0,28158
201202,1,3,1,Loaded,1036,1036,0,11488
201202,4,3,1,Loaded,488,488,0,5819
201202,2,3,1,Loaded,3804,3804,0,44105
201202,8,3,1,Loaded,240,240,0,3074
201202,5,3,1,Loaded,2500,2500,0,31395
201202,9,3,1,Loaded,636,636,0,7328
201202,6,4,1,Empty,62,0,62,0
201202,3,4,1,Empty,6,0,6,0
201202,2,4,1,Empty,26,0,26,0
201202,5,4,1,Empty,18,0,18,0
201202,6,4,1,Loaded,3268,3268,0,38927
201202,3,4,1,Loaded,2318,2318,0,30672
201202,1,4,1,Loaded,108,108,0,1113
201202,4,4,1,Loaded,64,64,0,667
201202,2,4,1,Loaded,1052,1052,0,11390
201202,8,4,1,Loaded,124,124,0,1443
201202,5,4,1,Loaded,1030,1030,0,12406
201202,9,4,1,Loaded,26,26,0,284
201202,6,1,2,Empty,884,0,884,0
201202,1,1,2,Empty,138,0,138,0
201202,4,1,2,Empty,46,0,46,0
201202,2,1,2,Empty,84,0,84,0
201202,8,1,2,Empty,5,0,5,0
201202,5,1,2,Empty,324,0,324,0
201202,9,1,2,Empty,97,0,97,0
201202,6,1,2,Loaded,3514,3514,0,53323
201202,3,1,2,Loaded,539,539,0,8947
201202,1,1,2,Loaded,949,949,0,12948
201202,4,1,2,Loaded,117,117,0,1925
201202,2,1,2,Loaded,2254,2254,0,34548
201202,8,1,2,Loaded,244,244,0,4663
201202,5,1,2,Loaded,417,417,0,7731
201202,9,1,2,Loaded,407,407,0,7985
201202,6,2,2,Empty,2335,0,2335,0
201202,3,2,2,Empty,1291,0,1291,0
201202,1,2,2,Empty,96,0,96,0
201202,4,2,2,Empty,87,0,87,0
201202,2,2,2,Empty,1068,0,1068,0
201202,8,2,2,Empty,156,0,156,0
201202,5,2,2,Empty,767,0,767,0
201202,9,2,2,Empty,23,0,23,0
201202,6,2,2,Loaded,137,137,0,1250
201202,3,2,2,Loaded,20,20,0,280
201202,1,2,2,Loaded,40,40,0,411
201202,2,2,2,Loaded,92,92,0,732
201202,5,2,2,Loaded,8,8,0,42
201202,6,3,2,Empty,7092,0,7092,0
201202,3,3,2,Empty,1130,0,1130,0
201202,1,3,2,Empty,88,0,88,0
201202,4,3,2,Empty,452,0,452,0
201202,2,3,2,Empty,670,0,670,0
201202,8,3,2,Empty,484,0,484,0
201202,5,3,2,Empty,1548,0,1548,0
201202,9,3,2,Empty,578,0,578,0
201202,6,3,2,Loaded,4920,4920,0,36556
201202,3,3,2,Loaded,542,542,0,3901
201202,1,3,2,Loaded,1040,1040,0,7518
201202,4,3,2,Loaded,268,268,0,2100
201202,2,3,2,Loaded,2110,2110,0,14109
201202,8,3,2,Loaded,72,72,0,603
201202,5,3,2,Loaded,454,454,0,3683
201202,9,3,2,Loaded,52,52,0,379
201202,6,4,2,Empty,1198,0,1198,0
201202,3,4,2,Empty,2624,0,2624,0
201202,1,4,2,Empty,20,0,20,0
201202,4,4,2,Empty,350,0,350,0
201202,2,4,2,Empty,498,0,498,0
201202,5,4,2,Empty,220,0,220,0
201202,9,4,2,Empty,62,0,62,0
201202,6,4,2,Loaded,544,544,0,4526
201202,3,4,2,Loaded,110,110,0,940
201202,1,4,2,Loaded,56,56,0,457
201202,4,4,2,Loaded,8,8,0,19
201202,2,4,2,Loaded,266,266,0,1887
201202,8,4,2,Loaded,22,22,0,233
201202,5,4,2,Loaded,44,44,0,148
201202,7,1,1,Empty,1281,0,1281,0
201202,7,1,1,Loaded,2530,2530,0,43169
201202,7,2,1,Empty,1,0,1,0
201202,7,2,1,Loaded,868,868,0,12156
201202,7,3,1,Empty,754,0,754,0
201202,7,3,1,Loaded,3588,3588,0,33930
201202,7,4,1,Empty,124,0,124,0
201202,7,4,1,Loaded,978,978,0,10416
201202,7,1,2,Empty,349,0,349,0
201202,7,1,2,Loaded,7218,7218,0,99190
201202,7,2,2,Empty,520,0,520,0
201202,7,2,2,Loaded,642,642,0,6364
201202,7,3,2,Empty,558,0,558,0
201202,7,3,2,Loaded,9576,9576,0,63080
201202,7,4,2,Empty,164,0,164,0
201202,7,4,2,Loaded,2070,2070,0,16841
201201,6,1,1,Empty,1214,0,1214,0
201201,3,1,1,Empty,9,0,9,0
201201,1,1,1,Empty,171,0,171,0
201201,2,1,1,Empty,374,0,374,0
201201,5,1,1,Empty,73,0,73,0
201201,6,1,1,Loaded,5289,5289,0,91814
201201,3,1,1,Loaded,969,969,0,18101
201201,1,1,1,Loaded,760,760,0,12304
201201,4,1,1,Loaded,140,140,0,2356
201201,2,1,1,Loaded,2466,2466,0,41033
201201,8,1,1,Loaded,109,109,0,1779
201201,5,1,1,Loaded,1168,1168,0,21856
201201,9,1,1,Loaded,113,113,0,2268
201201,6,2,1,Empty,71,0,71,0
201201,6,2,1,Loaded,2640,2640,0,41624
201201,3,2,1,Loaded,650,650,0,9832
201201,1,2,1,Loaded,74,74,0,888
201201,4,2,1,Loaded,103,103,0,1498
201201,2,2,1,Loaded,864,864,0,13071
201201,8,2,1,Loaded,166,166,0,2744
201201,5,2,1,Loaded,739,739,0,11670
201201,9,2,1,Loaded,7,7,0,122
201201,6,3,1,Empty,2474,0,2474,0
201201,3,3,1,Empty,60,0,60,0
201201,1,3,1,Empty,42,0,42,0
201201,2,3,1,Empty,544,0,544,0
201201,5,3,1,Empty,214,0,214,0
201201,9,3,1,Empty,4,0,4,0
201201,6,3,1,Loaded,13730,13730,0,162091
201201,3,3,1,Loaded,1782,1782,0,21846
201201,1,3,1,Loaded,808,808,0,9001
201201,4,3,1,Loaded,182,182,0,2096
201201,2,3,1,Loaded,3696,3696,0,44357
201201,8,3,1,Loaded,506,506,0,6528
201201,5,3,1,Loaded,3200,3200,0,40897
201201,9,3,1,Loaded,574,574,0,7034
201201,6,4,1,Empty,122,0,122,0
201201,2,4,1,Empty,14,0,14,0
201201,6,4,1,Loaded,2796,2796,0,34019
201201,3,4,1,Loaded,1434,1434,0,18732
201201,1,4,1,Loaded,186,186,0,1973
201201,4,4,1,Loaded,44,44,0,439
201201,2,4,1,Loaded,984,984,0,10902
201201,8,4,1,Loaded,122,122,0,1394
201201,5,4,1,Loaded,716,716,0,8644
201201,9,4,1,Loaded,30,30,0,327
201201,6,1,2,Empty,721,0,721,0
201201,3,1,2,Empty,112,0,112,0
201201,1,1,2,Empty,153,0,153,0
201201,4,1,2,Empty,1,0,1,0
201201,2,1,2,Empty,210,0,210,0
201201,8,1,2,Empty,30,0,30,0
201201,5,1,2,Empty,446,0,446,0
201201,9,1,2,Empty,92,0,92,0
201201,6,1,2,Loaded,4246,4246,0,66622
201201,3,1,2,Loaded,521,521,0,8039
201201,1,1,2,Loaded,824,824,0,12432
201201,4,1,2,Loaded,101,101,0,1804
201201,2,1,2,Loaded,2126,2126,0,31764
201201,8,1,2,Loaded,178,178,0,3403
201201,5,1,2,Loaded,373,373,0,6618
201201,9,1,2,Loaded,216,216,0,4490
201201,6,2,2,Empty,1440,0,1440,0
201201,3,2,2,Empty,670,0,670,0
201201,1,2,2,Empty,98,0,98,0
201201,4,2,2,Empty,81,0,81,0
201201,2,2,2,Empty,1748,0,1748,0
201201,8,2,2,Empty,40,0,40,0
201201,5,2,2,Empty,633,0,633,0
201201,9,2,2,Empty,16,0,16,0
201201,6,2,2,Loaded,234,234,0,2714
201201,3,2,2,Loaded,29,29,0,335
201201,1,2,2,Loaded,22,22,0,123
201201,4,2,2,Loaded,4,4,0,54
201201,2,2,2,Loaded,122,122,0,1112
201201,5,2,2,Loaded,14,14,0,90
201201,9,2,2,Loaded,1,1,0,13
201201,6,3,2,Empty,7310,0,7310,0
201201,3,3,2,Empty,1048,0,1048,0
201201,1,3,2,Empty,386,0,386,0
201201,4,3,2,Empty,356,0,356,0
201201,2,3,2,Empty,362,0,362,0
201201,8,3,2,Empty,240,0,240,0
201201,5,3,2,Empty,1666,0,1666,0
201201,9,3,2,Empty,846,0,846,0
201201,6,3,2,Loaded,5386,5386,0,40842
201201,3,3,2,Loaded,424,424,0,3098
201201,1,3,2,Loaded,904,904,0,6306
201201,4,3,2,Loaded,192,192,0,1596
201201,2,3,2,Loaded,2564,2564,0,16057
201201,8,3,2,Loaded,28,28,0,133
201201,5,3,2,Loaded,328,328,0,2417
201201,9,3,2,Loaded,38,38,0,295
201201,6,4,2,Empty,1022,0,1022,0
201201,3,4,2,Empty,4408,0,4408,0
201201,1,4,2,Empty,162,0,162,0
201201,4,4,2,Empty,148,0,148,0
201201,2,4,2,Empty,414,0,414,0
201201,8,4,2,Empty,150,0,150,0
201201,5,4,2,Empty,90,0,90,0
201201,9,4,2,Empty,20,0,20,0
201201,6,4,2,Loaded,1040,1040,0,7929
201201,3,4,2,Loaded,186,186,0,1529
201201,1,4,2,Loaded,48,48,0,391
201201,4,4,2,Loaded,20,20,0,24
201201,2,4,2,Loaded,330,330,0,2166
201201,8,4,2,Loaded,12,12,0,128
201201,5,4,2,Loaded,70,70,0,88
201201,7,1,1,Empty,1739,0,1739,0
201201,7,1,1,Loaded,2896,2896,0,46641
201201,7,2,1,Empty,3,0,3,0
201201,7,2,1,Loaded,1087,1087,0,15241
201201,7,3,1,Empty,2550,0,2550,0
201201,7,3,1,Loaded,4258,4258,0,41743
201201,7,4,1,Empty,72,0,72,0
201201,7,4,1,Loaded,894,894,0,9011
201201,7,1,2,Empty,109,0,109,0
201201,7,1,2,Loaded,8582,8582,0,111553
201201,7,2,2,Empty,794,0,794,0
201201,7,2,2,Loaded,751,751,0,6025
201201,7,3,2,Empty,98,0,98,0
201201,7,3,2,Loaded,11818,11818,0,75739
201201,7,4,2,Empty,192,0,192,0
201201,7,4,2,Loaded,2218,2218,0,17114
